case_id,title,authority,region,decision_maker,appeal_ref,lpa_ref,decision_date,outcome,procedure,development,dev_type,units,site_context,green_belt,grey_belt,housing_land_supply_years,nppf_applied,determinative_policies,main_issues,tags,url
PINS-6005011,"Barrow Hill House, 7 East Mersea Road, West Mersea (two-storey rear extension, planning appeal)",Colchester,East of England,inspector,6005011,252444,2026-10-02,dismissed,written-representations,Two-storey flat-roofed rear extension with perimeter parapet to a Grade II listed house,householder,,listed-building-setting,false,n/a,,2026-08,HE6(4); HE4(2),special interest of the listed building,householder; listed-building; heritage-harm-decisive; he6-public-benefits-insufficient; he6-harm-ungraded; private-benefit-not-public; linked-appeals; plan-led; drafting-slip,https://planningdistilled.org/research/england/nppf-navigator/decisions/PINS-6005011.html
PINS-6005014,"Barrow Hill House, 7 East Mersea Road, West Mersea (two-storey rear extension, listed building consent)",Colchester,East of England,inspector,6005014,252445,2026-10-02,dismissed,written-representations,Listed building consent for a two-storey flat-roofed rear extension with perimeter parapet to a Grade II listed house,listed-building-consent; householder,,listed-building-setting,false,n/a,,2026-08,HE6(4); HE4(2),special interest of the listed building,listed-building-consent; householder; listed-building; heritage-harm-decisive; he6-public-benefits-insufficient; he6-harm-ungraded; private-benefit-not-public; linked-appeals; drafting-slip,https://planningdistilled.org/research/england/nppf-navigator/decisions/PINS-6005014.html
PINS-6005162,"Land east of Wymers Wood Road, Burnham (self-build dwelling)",Buckinghamshire,South East,inspector,6005162,PL/25/4615/FA,2026-10-02,allowed,written-representations,"Detached part two-storey, part single-storey five-bedroom self-build dwelling with access, parking, integral garage and landscaping",housing-minor; self-build,1,green-belt; settlement-edge; listed-building-setting,true,accepted,0.97,2026-08,GB7(1)(g)(i); GB7(1)(g)(ii); GB7(1)(g)(iii); S5(5),inappropriate development; grey belt; sustainable location; very special circumstances,grey-belt-accepted; not-inappropriate; s5-5-balance; sustainable-location-pass; connectivity-tool; small-scheme; self-build; bng-self-build-exemption; housing-shortfall; habitats-mitigation; heritage-no-harm; garden-land; pdl; old-wording-slip; parties-consulted-on-2026-framework,https://planningdistilled.org/research/england/nppf-navigator/decisions/PINS-6005162.html
PINS-6005177,"51 Thorndon Hall, Ingrave (replacement sash windows, listed building consent)",Brentwood,East of England,inspector,6005177,25/00822/LBC,2026-10-02,dismissed,written-representations,Replacement of three single-glazed timber sash windows with slimline double-glazed units in a first-floor flat,listed-building-consent,,listed-building-setting; conservation-area,false,n/a,,2026-08,HE6(4); HE4(2),significance of the listed building; conservation area,listed-building-consent; listed-building; heritage-harm-decisive; he6-public-benefits-insufficient; he6-harm-ungraded; windows; energy-efficiency; alternatives-not-explored; evidence-gap; conservation-area; drafting-slip,https://planningdistilled.org/research/england/nppf-navigator/decisions/PINS-6005177.html
PINS-6005995,"16-17 Cecilia House, Hanger Lane, Ealing (rear extension to HMO)",Ealing,London,inspector,6005995,254825FUL,2026-10-02,dismissed,written-representations,"Single-storey rear extension to a sui generis house in multiple occupation, adding two en-suite units (29 to 31)",housing-minor; other,2,inside-settlement; conservation-area,false,n/a,,2026-08,L2(1)(d)(ii); S4(1),living conditions of existing occupiers,s4-within-settlement; s4-substantially-outweighed; living-conditions; hmo; l2-1-d; non-determination; evidence-gap; small-scheme; conservation-area; heritage-no-harm; drafting-slip; transitional-no-consultation,https://planningdistilled.org/research/england/nppf-navigator/decisions/PINS-6005995.html
PINS-6007704,"Cross Gaits Inn, Beverley Road, Blacko (pub to dwelling, planning appeal)",Pendle,North West,inspector,6007704,25/0646/FUL,2026-10-02,allowed,hearing,Conversion of a vacant Grade II listed public house (sui generis) to one dwelling (Class C3) and associated works,conversion; change-of-use,1,open-countryside; isolated,false,n/a,,2026-08,HE6(4); HC6,loss of a public house and community facility; listed building,heritage-harm-outweighed; he6-harm-graded; he6-reuse-vacant-listed-building; optimum-viable-use; community-facility; pub-loss; asset-of-community-value; viability; plan-led; costs-application; previous-appeal-overcome; parties-consulted-on-2026-framework,https://planningdistilled.org/research/england/nppf-navigator/decisions/PINS-6007704.html
PINS-6007757,"Cross Gaits Inn, Beverley Road, Blacko (pub to dwelling, listed building consent)",Pendle,North West,inspector,6007757,25/0647/LBC,2026-10-02,allowed,hearing,"Listed building consent for works to convert a vacant Grade II listed public house to one dwelling, including removal of later rear extensions",listed-building-consent; conversion,,open-countryside; isolated,false,n/a,,2026-08,HE6(4),listed building special interest,listed-building-consent; heritage-harm-outweighed; he6-harm-graded; he6-reuse-vacant-listed-building; optimum-viable-use; pub-loss; previous-appeal-overcome; parties-consulted-on-2026-framework,https://planningdistilled.org/research/england/nppf-navigator/decisions/PINS-6007757.html
PINS-6007927,"47 Burma Road, Hackney (rear extension next to a locally listed building)",Hackney,London,inspector,6007927,2025/1650,2026-10-02,dismissed,written-representations,"Change of use from two flats to a single dwelling house, with a three-storey rear extension, first-floor terrace, mansard roof extension and alterations to rear windows",householder; change-of-use,,inside-settlement,false,n/a,,2026-08,DP3(3); DP3(1); HE7(2); S4(1),character and appearance; setting of a non-designated heritage asset,s4-within-settlement; s4-substantially-outweighed; dp3-refuse-trigger; design-refusal; ndha; householder; transitional-no-consultation,https://planningdistilled.org/research/england/nppf-navigator/decisions/PINS-6007927.html
PINS-6008292,"Land west of Underlane, Carnkie, Wendron (mushroom growing building)",Cornwall,South West,inspector,6008292,PA25/06342,2026-10-02,dismissed,written-representations,"Agricultural building for growing and storing mushrooms, with hardstanding and access already laid (part retrospective)",agricultural,,open-countryside,false,n/a,,2026-08,N2(1)(a); BNG (Sch 7A TCPA); s38(6),character and appearance; biodiversity net gain,s5-1-a; agricultural-building; landscape-harm; agricultural-need-not-shown; evidence-gap; plan-led; plan-policy-consistent-full-weight; e2-substantial-weight; retrospective; parties-consulted-on-2026-framework,https://planningdistilled.org/research/england/nppf-navigator/decisions/PINS-6008292.html
PINS-6008432,"Cornish Marquees, Higher Trevellas, St Agnes (PIP, two dwellings)",Cornwall,South West,inspector,6008432,PA25/05840,2026-10-02,dismissed,written-representations,Permission in principle for two dwellings on land claimed to be previously developed,PIP; housing-minor,2,open-countryside; rural-lane,false,n/a,3.8,2026-08,S5(4); TR3; AnnexB:settlement; AnnexB:PDL,suitability of location for housing,PIP; s5-4-exceptional; sustainable-location-fail; rural-lane-no-footway; infill-rejected; hamlet; settlement-definition; pdl; housing-shortfall; small-scheme; annex-a-weight-reduction; habitats-mitigation; parties-consulted-on-2026-framework,https://planningdistilled.org/research/england/nppf-navigator/decisions/PINS-6008432.html
PINS-6008483,"Land adjacent to 2 New Ealing Broadway, Ealing (BT Street Hub with advert screens)",Ealing,London,inspector,6008483,260011FUL,2026-10-02,dismissed,written-representations,"Installation of one BT Street Hub unit with digital advertisement panels on both sides, on the footway near Ealing Broadway station",telecoms; advertisement,,inside-settlement; conservation-area,false,n/a,,2026-08,HE6(4); HE4(2),character and appearance; conservation area; pedestrian and highway safety,heritage-harm-decisive; he6-public-benefits-insufficient; he6-harm-graded; conservation-area; street-hub; bt-street-hub; digital-advertising; tr6-highway-safety; local-policy-consistency; drafting-slip; transitional-no-consultation,https://planningdistilled.org/research/england/nppf-navigator/decisions/PINS-6008483.html
PINS-6008497,"2 Westparkside, Goole (boundary fence)",East Riding of Yorkshire,Yorkshire and the Humber,inspector,6008497,25/03187/PLF,2026-10-02,dismissed,written-representations,Retention of a 1.52 m timber boundary fence on a corner plot (retrospective),householder,,inside-settlement,false,n/a,,2026-08,DP3(1),character and appearance,tier-2; householder; design-refusal; retrospective; appeal-planning-officer; transitional-no-consultation; limited-nppf-engagement,https://planningdistilled.org/research/england/nppf-navigator/decisions/PINS-6008497.html
PINS-6008679,"Oozedam, High Road, Fobbing (5 dwellings behind the frontage, grey belt)",Thurrock,East of England,inspector,6008679,25/00966/FUL,2026-10-02,dismissed,written-representations,Part demolition of the existing dwelling and erection of 5 dwellings on a new cul-de-sac in the rear garden,housing-minor,5,green-belt; settlement-edge,true,accepted,1.02,2026-08,DP3(1); DP3(3); S5(2); S5(5),grey belt and inappropriate development; character and appearance,grey-belt-accepted; not-inappropriate; s5-5-balance; s5-2-refusal-policy; dp3-refuse-trigger; design-refusal; backland; sustainable-location-pass; housing-shortfall; small-scheme; substantially-outweighed; habitats-mitigation; costs-application; parties-consulted-on-2026-framework,https://planningdistilled.org/research/england/nppf-navigator/decisions/PINS-6008679.html
PINS-6008892,"Thurlestone Golf Club, Thurlestone (hospitality trailer beside the coast path)",South Hams,South West,inspector,6008892,2345/25/FUL,2026-10-02,dismissed,written-representations,"Retention of a seasonal hospitality trailer on land south of the golf course, beside the South West Coast Path (retrospective)",commercial; leisure,,national-landscape; open-countryside,false,n/a,,2026-08,N4(1); S5(1)(b); S5(1),character and appearance of the National Landscape and Undeveloped Coast,s5-1-b-necessity; substantially-outweighed; national-landscape; landscape-harm; rural-tourism; rural-business; retrospective; temporary-permission,https://planningdistilled.org/research/england/nppf-navigator/decisions/PINS-6008892.html
PINS-6009119,"456 Southchurch Road, Southend (hand car wash with acoustic shelter)",Southend-on-Sea,East of England,inspector,6009119,26/00116/FUL,2026-10-02,dismissed,written-representations,"Use of a corner plot as a hand car wash with a new acoustically screened shelter for jet washing and valeting, and retention of demountable cabins",commercial; change-of-use,,inside-settlement,false,n/a,,2026-08,P3; S4(1),living conditions; noise and disturbance; S4 balance,s4-within-settlement; s4-substantially-outweighed; living-conditions; noise; l2-substantial-weight; meanwhile-use; local-policy-consistency; previous-appeal-followed; parties-consulted-on-2026-framework,https://planningdistilled.org/research/england/nppf-navigator/decisions/PINS-6009119.html
PINS-6009245,"67 Main Street, Bushby (replacement dwelling in conservation area)",Harborough,East Midlands,inspector,6009245,26/00298/FUL,2026-10-02,dismissed,written-representations,"Demolition of a chalet bungalow and erection of a replacement dwelling, detached gym and swimming pool",replacement-dwelling,1,inside-settlement; conservation-area,false,n/a,,2026-08,HE6(4); DP3(3); S4(2)(c); S4(1),conservation area character and appearance,s4-within-settlement; s4-substantially-outweighed; s4-2-c-refusal-policy; dp3-refuse-trigger; design-refusal; heritage-harm-decisive; he6-public-benefits-insufficient; he6-harm-ungraded; conservation-area; replacement-dwelling; appeal-planning-officer; parties-consulted-on-2026-framework; drafting-slip,https://planningdistilled.org/research/england/nppf-navigator/decisions/PINS-6009245.html
PINS-6009255,"The Orchard, Charley Road, Charley (garage conversion to a self-build dwelling)",North West Leicestershire,East Midlands,inspector,6009255,25/01218/FUL,2026-10-02,allowed,written-representations,Conversion of an existing garage to a single self-build dwelling with parking and alterations to the residential curtilage,conversion; self-build; housing-minor,1,open-countryside; rural-lane,false,n/a,,2026-08,S5(1)(c); HO7; TR3,suitability of location; spatial strategy; accessibility,s5-1-c-reuse; self-build; appeal-planning-officer; rural-lane-no-footway; five-year-supply-met; previous-appeal-superseded; hamlet; small-scheme; local-policy-consistency; parties-consulted-on-2026-framework,https://planningdistilled.org/research/england/nppf-navigator/decisions/PINS-6009255.html
PINS-6009318,"Monometer House, 128 Rectory Grove, Leigh-on-Sea (storage building on stilts over a car park)",Southend-on-Sea,East of England,inspector,6009318,26/00091/FUL,2026-10-02,dismissed,written-representations,"Erection of an ancillary commercial storage building on stilts, with an external staircase, above retained surface parking",commercial,,inside-settlement; conservation-area,false,n/a,,2026-08,DP3(1); DP3(2); S4(1),character and appearance; living conditions of neighbours,s4-within-settlement; s4-substantially-outweighed; design-refusal; living-conditions; e2-substantial-weight; l2-substantial-weight; heritage-no-harm; local-policy-consistency; parties-consulted-on-2026-framework,https://planningdistilled.org/research/england/nppf-navigator/decisions/PINS-6009318.html
PINS-6009769,"Land adjacent to 4 Callis Way, Parkwood, Gillingham (bungalow on amenity open space)",Medway,South East,inspector,6009769,MC/26/0213,2026-10-02,dismissed,written-representations,Construction of a self-build two-bedroom bungalow on an area of amenity grassland,housing-minor; self-build,1,inside-settlement,false,n/a,3.1,2026-08,HC7; S4(2)(a)(ii); DP3(3); S4(2)(c),loss of open space; living conditions of future occupiers; character and appearance,s4-within-settlement; s4-substantially-outweighed; s4-2-a-ii; s4-2-c-refusal-policy; dp3-refuse-trigger; open-space; design-refusal; housing-shortfall; small-scheme; self-build; self-build-unsecured; costs-application; parties-consulted-on-2026-framework,https://planningdistilled.org/research/england/nppf-navigator/decisions/PINS-6009769.html
PINS-6009965,"10 Bradfield Drive, Barking (house to 3-bedroom HMO)",Barking and Dagenham,London,inspector,6009965,26/00134/FULL,2026-10-02,dismissed,written-representations,Change of use of a dwelling (Class C3) to a 3-bedroom house in multiple occupation (Class C4) for up to four occupants,change-of-use; other,,inside-settlement,false,n/a,,2026-08,S4(1); TR3; P3,location and loss of a family dwelling; living conditions; car parking,s4-within-settlement; s4-substantially-outweighed; hmo; loss-of-family-housing; sustainable-location-fail; living-conditions; local-policy-consistency; transitional-no-consultation,https://planningdistilled.org/research/england/nppf-navigator/decisions/PINS-6009965.html
PINS-6010069,"2 Ridge Hill Lane, Stalybridge (house to 6-bedroom HMO)",Tameside,North West,inspector,6010069,25/00875/FUL,2026-10-02,dismissed,written-representations,Change of use from a 4-bedroom dwellinghouse (Class C3) to a 6-bedroom house in multiple occupation (Class C4),change-of-use; other,,inside-settlement,false,n/a,,2026-08,TR4; P3; S4(1),parking and highway safety; living conditions of future occupiers; neighbour noise; waste storage,s4-within-settlement; s4-substantially-outweighed; hmo; living-conditions; parking; tr6-highway-safety; drafting-slip; parties-consulted-on-2026-framework,https://planningdistilled.org/research/england/nppf-navigator/decisions/PINS-6010069.html
PINS-6010199,"Grass verge at Ferrers Close, Coventry (20 m telecoms monopole, prior approval)",Coventry,West Midlands,inspector,6010199,PL/2025/0001852/PAEC,2026-10-02,dismissed,written-representations,"Prior approval (GPDO Part 16 Class A) for a 20 m monopole with 9 antennas and 2 dishes, a wraparound cabinet and 6 ground-based equipment cabinets",telecoms,,inside-settlement,false,n/a,,2026-08,CO1(1)(a),siting and appearance; alternative sites,tier-2; telecoms; prior-approval; co1-substantial-weight; alternative-sites; overturned-officer-rec; drafting-slip; parties-consulted-on-2026-framework,https://planningdistilled.org/research/england/nppf-navigator/decisions/PINS-6010199.html
PINS-6010305,"10 West Street, Weston-super-Mare (shop unit merged into the dwelling above)",North Somerset,South West,inspector,6010305,25/P/2572/FUL,2026-10-02,dismissed,written-representations,"Change of use of a ground-floor retail unit (last a tattoo studio) to be combined with the upper-floor dwelling to form one house, with a new domestic frontage",change-of-use; conversion,,inside-settlement; conservation-area,false,n/a,,2026-08,HE6(4); HE4(2); DP3(3); S4(1),town centre vitality and viability; conservation area,s4-within-settlement; s4-substantially-outweighed; heritage-harm-decisive; he6-harm-graded; he6-public-benefits-insufficient; conservation-area; dp3-refuse-trigger; design-refusal; town-centre; fallback; fallback-rejected; emerging-plan-weight; parties-consulted-on-2026-framework,https://planningdistilled.org/research/england/nppf-navigator/decisions/PINS-6010305.html
PINS-6010392,"144 Browns Lane, Stanton on the Wolds (replacement dwelling, Green Belt)",Rushcliffe,East Midlands,inspector,6010392,25/01184/FUL,2026-10-02,allowed,written-representations,"Replacement dwelling, carport and garage following demolition of the existing bungalow and garage",replacement-dwelling; self-build,1,green-belt; PDL,true,not-argued,,2026-08,GB7(1)(e); DP3; S5(1)(d),character and appearance,not-inappropriate; pdl-e-limb; self-build; bng-self-build-exemption; obligation-by-condition; design-code-spd; protected-species; transitional-no-consultation,https://planningdistilled.org/research/england/nppf-navigator/decisions/PINS-6010392.html
PINS-6010578,"Land at Dunvilles Farm, Bollington Lane, Monks Heath (PIP, 5 dwellings, grey belt)",Cheshire East,North West,inspector,6010578,26/0676/PIP,2026-10-02,allowed,written-representations,"Permission in principle for 5 dwellings (minimum 5, maximum 5)",PIP; housing-minor,5,green-belt; open-countryside,true,accepted,,2026-08,GB7(1)(g)(iii); TR3; S5(5),inappropriate development; grey belt; access to services; flood risk,grey-belt-accepted; not-inappropriate; s5-5-balance; sustainable-location-pass; connectivity-tool; PIP; small-scheme; housing-shortfall; flood-risk; costs-application; drafting-slip; parties-consulted-on-2026-framework,https://planningdistilled.org/research/england/nppf-navigator/decisions/PINS-6010578.html
PINS-6010746,"Canons, Hobbs Cross Road, Matching (replacement dwelling, Green Belt)",Epping Forest,East of England,inspector,6010746,EPF/0578/26,2026-10-02,dismissed,written-representations,Demolition of the existing house and garage and erection of a new detached dwelling with parking and amenity space,replacement-dwelling,1,green-belt; listed-building-setting; PDL; open-countryside,true,not-argued,,2026-08,HE6(4); HE6(3),inappropriate development; setting of a listed building; character and appearance,not-inappropriate; pdl-e-limb; pdl-rural-garden; replacement-dwelling-materially-larger; heritage-harm-decisive; he6-public-benefits-insufficient; he6-harm-graded; design-refusal; fallback-rejected; plan-led; drafting-slip; parties-consulted-on-2026-framework,https://planningdistilled.org/research/england/nppf-navigator/decisions/PINS-6010746.html
PINS-6010933,"The Little Boatyard, Lime Street, Brightlingsea (timber cabin for light industrial use)",Tendring,East of England,inspector,6010933,25/01157/FUL,2026-10-02,allowed,written-representations,"Timber cabin for Class E(g)(iii) light industrial use (printmaking, joinery, boat and kayak repair) on a boat storage plot (part retrospective)",commercial; employment,,settlement-edge; open-countryside,false,n/a,,2026-08,DP3(1); E2; L2(1)(b),character and appearance; highway and pedestrian safety,plan-led; fallback; e2-substantial-weight; l2-substantial-weight; heritage-no-harm; conservation-area; retrospective; parties-consulted-on-2026-framework,https://planningdistilled.org/research/england/nppf-navigator/decisions/PINS-6010933.html
PINS-6011060,"West Court Land, Park Lane, Finchampstead (telecoms lattice mast, prior approval)",Wokingham,South East,inspector,6011060,252762,2026-10-02,dismissed,written-representations,"Prior approval (GPDO Part 16 Class A) for a slimline lattice mast with 3 aerials, 2 transmission dishes, a GPS aerial and radio equipment housing, to replace apparatus about 1 km away",telecoms,,open-countryside; TPO,false,n/a,,2026-08,CO2(1)(b),siting and appearance; protected trees; highway safety; alternative sites,tier-2; telecoms; prior-approval; co1-substantial-weight; alternative-sites; sang; trees-tpo; parties-consulted-on-2026-framework,https://planningdistilled.org/research/england/nppf-navigator/decisions/PINS-6011060.html
PINS-6011081,"239 Barking Road, East Ham (two studio flats above a car wash waiting area)",Newham,London,inspector,6011081,26/00723/FUL,2026-10-02,dismissed,written-representations,Demolition of a single-storey rear structure and erection of a two-storey building with a ground-floor waiting area for the existing hand car wash and two self-contained studio flats above,housing-minor; commercial,2,inside-settlement,false,n/a,,2026-08,DP3(3); DP3(1); S4(1),character and appearance; living conditions of future occupiers; living conditions of neighbours; cycle and waste storage,s4-within-settlement; s4-substantially-outweighed; dp3-refuse-trigger; design-refusal; living-conditions; small-scheme; drafting-slip; local-policy-consistency; transitional-no-consultation,https://planningdistilled.org/research/england/nppf-navigator/decisions/PINS-6011081.html
PINS-6011302,"14-16 Hendon Rise, Nottingham (two vehicle repair and sales units)",Nottingham,East Midlands,inspector,6011302,26/00218/PFUL3,2026-10-02,dismissed,written-representations,"Creation of two independent garages for vehicle sales, repairs and servicing by subdividing a former car sales premises (retrospective)",commercial; change-of-use,,inside-settlement,false,n/a,,2026-08,P3; S4(1),living conditions; noise and vibration,s4-within-settlement; s4-substantially-outweighed; living-conditions; noise; retrospective; agent-of-change; parties-consulted-on-2026-framework,https://planningdistilled.org/research/england/nppf-navigator/decisions/PINS-6011302.html
PINS-6011365,"Land off Long Lane, Fowlmere (PIP, up to 7 self-build homes)",South Cambridgeshire,East of England,inspector,6011365,26/01207/PIP,2026-10-02,dismissed,written-representations,Permission in principle for up to seven self-build and custom-build dwellings on a field north of the village,PIP; self-build; housing-minor,7,open-countryside; settlement-edge; agricultural-land-BMV; rural-lane,false,n/a,,2026-08,S5(1)(j)(i); DP3; CC2,accessibility of services; character and appearance; best and most versatile agricultural land,PIP; self-build; s5-1-j; sustainable-location-fail; rural-lane-no-footway; design-refusal; small-scheme; bmv-land; local-policy-consistency; drafting-slip; parties-consulted-on-2026-framework,https://planningdistilled.org/research/england/nppf-navigator/decisions/PINS-6011365.html
PINS-6011489,"Lot B2a, Upper Bourne End Lane, Hemel Hempstead (outdoor wellbeing use and office unit)",Dacorum,East of England,inspector,6011489,26/00635/FUL,2026-10-02,dismissed,written-representations,"Change of use of agricultural pasture to an outdoor wellbeing and therapeutic recreation use (daytime, by appointment), with one moveable consultation and office unit",leisure; change-of-use,,green-belt; open-countryside,true,not-argued,,2026-08,GB7(1)(f)(iv); GB6(2),inappropriate development; highway safety; very special circumstances,vsc-not-shown; openness-harm; outdoor-recreation-facilities; gb7-1-f-outdoor-recreation; parking; parties-consulted-on-2026-framework,https://planningdistilled.org/research/england/nppf-navigator/decisions/PINS-6011489.html
PINS-6011852,"Chase Lodge Hospital, Page Street, Mill Hill (front pergola, Grade II listed)",Barnet,London,inspector,6011852,26/1249/RCU,2026-10-02,dismissed,written-representations,"Retention of a pergola at the front of a Grade II listed villa in private healthcare use, for a temporary period of three years (retrospective)",commercial; other,,inside-settlement; listed-building-setting,false,n/a,,2026-08,HE6(4); HE6(3),listed building significance and setting,heritage-harm-decisive; he6-public-benefits-insufficient; private-benefit-not-public; retrospective; temporary-permission; drafting-slip; transitional-no-consultation,https://planningdistilled.org/research/england/nppf-navigator/decisions/PINS-6011852.html
PINS-6011855,"Chase Lodge Hospital, Page Street, Mill Hill (rear pergola, Grade II listed)",Barnet,London,inspector,6011855,26/1250/RCU,2026-10-02,dismissed,written-representations,"Retention of a pergola at the rear of a Grade II listed villa in private healthcare use, for a temporary period of three years (retrospective)",commercial; other,,inside-settlement; listed-building-setting,false,n/a,,2026-08,HE6(4); HE6(3),listed building significance and setting,heritage-harm-decisive; he6-public-benefits-insufficient; private-benefit-not-public; retrospective; temporary-permission; drafting-slip; transitional-no-consultation,https://planningdistilled.org/research/england/nppf-navigator/decisions/PINS-6011855.html
PINS-6012036,"Romaldor, St Johns Road, Wroxall (amateur radio mast)",Isle of Wight,South East,inspector,6012036,25/01703/FUL,2026-10-02,dismissed,written-representations,"Lattice mast, about 13 m high, with a high-frequency beam antenna in the rear garden of a bungalow, for amateur radio use",householder; telecoms,,inside-settlement; national-landscape,false,n/a,,2026-08,DP3; N4(4); S4(2)(c),character and appearance; National Landscape setting; living conditions,s4-within-settlement; s4-substantially-outweighed; s4-2-c-refusal-policy; national-landscape; design-refusal; living-conditions; old-wording-slip; transitional-no-consultation; new-local-plan; householder,https://planningdistilled.org/research/england/nppf-navigator/decisions/PINS-6012036.html
PINS-6012075,"403 King's Road, Chelsea (JOLT electric vehicle charge point with advert screens)",Kensington and Chelsea,London,inspector,6012075,PP/26/00146,2026-10-02,dismissed,written-representations,Installation of one JOLT unit (electric vehicle charge point with integral double-sided LCD advertisement screen) and electrical connection works on the footway,infrastructure; advertisement,,inside-settlement; conservation-area,false,n/a,,2026-08,HE6(4); DP3,character and appearance; conservation area setting; highway safety,heritage-harm-decisive; he6-public-benefits-insufficient; he6-harm-graded; conservation-area; ev-charging; digital-advertising; street-clutter; drafting-slip; parties-consulted-on-2026-framework,https://planningdistilled.org/research/england/nppf-navigator/decisions/PINS-6012075.html
PINS-6012115,"55 Boundary Lane, St Leonards and St Ives (static caravan as rental home)",Dorset,South West,inspector,6012115,P/FUL/2025/00299,2026-10-02,dismissed,written-representations,"Static caravan used as rental accommodation, with a new access from Grange Road, gravel paths and driveway, and decking (part retrospective)",housing-minor; change-of-use,1,green-belt,true,not-argued,,2026-08,GB7(1)(g)(iii); TR3; GB6(2),inappropriate development; openness; very special circumstances,vsc-not-shown; openness-harm; sustainable-location-fail; caravans; fallback; fallback-rejected; small-scheme; retrospective; habitats-mitigation; parties-consulted-on-2026-framework,https://planningdistilled.org/research/england/nppf-navigator/decisions/PINS-6012115.html
PINS-6012289,"Rear of 2 High Street, Edgware (nine flats above a garage)",Barnet,London,inspector,6012289,25/4795/FUL,2026-10-02,dismissed,written-representations,"Three storeys above an existing single-storey car repair garage to provide 9 flats (a four-storey building), with amenity space, refuse and cycle storage and a car park",housing-minor,9,inside-settlement; PDL,false,n/a,,2026-08,S4(1); DP3(1); L2(1)(d)(i),character and appearance; living conditions of neighbours; flood risk and drainage,s4-within-settlement; s4-substantially-outweighed; design-refusal; upward-extension; l2-airspace; l2-1-d; fallback; living-conditions; small-scheme; plan-policy-consistent-full-weight; parties-consulted-on-2026-framework,https://planningdistilled.org/research/england/nppf-navigator/decisions/PINS-6012289.html
PINS-6012368,"35 Cumberland Drive, Bexleyheath (house to children's home)",Bexley,London,inspector,6012368,25/02100/FUL,2026-10-02,allowed,written-representations,"Change of use of a dwellinghouse (C3) to a children's home (C2), limited by condition to three children",change-of-use; specialist-housing,,inside-settlement,false,n/a,,2026-08,s38(6),need for children's residential care; suitability of accommodation; character; living conditions; highway safety,tier-2; childrens-home; specialist-housing; non-determination; limited-nppf-engagement; plan-led,https://planningdistilled.org/research/england/nppf-navigator/decisions/PINS-6012368.html
PINS-6013634,"Sunny Bank Kitchen Garden, Killington New Bridge, Killington (market garden barn and polytunnels)",Yorkshire Dales National Park Authority,North West,inspector,6013634,S/08/23,2026-10-02,allowed,written-representations,"Barn (14 m x 8 m packing shed with 8 photovoltaic panels), two polytunnels (8 m x 30 m and 5 m x 8 m), grasscrete paving, composting toilet, compost bins and a 10,000 litre water tank for an existing market garden",agricultural,,national-park; open-countryside; rural-lane; listed-building-setting,false,n/a,,2026-08,N4(1); TR6(4); S5(1)(a); E4(1)(d),National Park landscape character; highway safety at the existing access,s5-1-a; national-park; agricultural-building; rural-business; tr6-highway-safety; plan-led,https://planningdistilled.org/research/england/nppf-navigator/decisions/PINS-6013634.html
PINS-6013769,"56 St Giles', Oxford (bookshop to college common room)",Oxford,South East,inspector,6013769,26/00282/FUL,2026-10-02,dismissed,written-representations,Change of use of basement and ground floor from retail (Class E(a)) to non-residential education (Class F1) as a college middle common room,change-of-use,,inside-settlement; conservation-area; listed-building-setting,false,n/a,,2026-08,HE6(4); TC2(1); S4(1),loss of town centre retail use and vitality; conservation area character,s4-within-settlement; s4-substantially-outweighed; heritage-harm-decisive; he6-harm-graded; he6-public-benefits-insufficient; conservation-area; listed-building; town-centre; alternatives-not-explored; public-benefits-unevidenced; drafting-slip,https://planningdistilled.org/research/england/nppf-navigator/decisions/PINS-6013769.html
stratford-26-01141-FUL,"The Hill, Warwick Road, Stratford-upon-Avon",Stratford-on-Avon,West Midlands,lpa-delegated,,26/01141/FUL,2026-10-02,approved,delegated,"Conversion and extension of a Victorian house in 5 flats to 3 dwellings, with a garage and car port (a net loss of 2 dwellings)",conversion; housing-minor,3,green-belt; settlement-edge; PDL; flood-zone-2; flood-zone-3; TPO; valued-landscape,true,accepted,2.21,2026-08,GB7(1)(e); GB7(1)(g),Green Belt; grey belt; previously developed land; loss of dwellings; flood risk at the access,grey-belt-accepted; not-inappropriate; pdl-e-limb; sustainable-location-pass; flat-conversion; loss-of-housing; flood-safe-access; flood-risk; materially-inconsistent-very-limited-weight; old-wording-slip; drafting-slip; small-scheme; stratford-relevant,https://planningdistilled.org/research/england/nppf-navigator/decisions/stratford-26-01141-FUL.html
stratford-26-01542-FUL,"144 Malthouse Lane, Earlswood",Stratford-on-Avon,West Midlands,lpa-delegated,,26/01542/FUL,2026-10-02,refused,delegated,Self-build detached four-bedroom house in the rear garden of a bungalow,housing-minor; self-build,1,green-belt; washed-over-village; valued-landscape,true,not-argued,2.21,2026-08,L2(1)(d); S5(5),development within a residential curtilage; character; Green Belt village infill; S5(5) balance,self-build; backland; garden-land; l2-1-d-curtilage; s4-2-a-ii-not-applied; design-refusal; not-inappropriate; gb7-1-c-village-infill; s5-5-balance; washed-over-village-as-settlement; housing-shortfall; materially-inconsistent-very-limited-weight; drafting-slip; inconsistent-with-other-sdc-decisions; small-scheme; stratford-relevant,https://planningdistilled.org/research/england/nppf-navigator/decisions/stratford-26-01542-FUL.html
PINS-6002400,"Pavement outside Waterfront House, 35 Station Street, Nottingham (communications kiosk)",Nottingham,East Midlands,inspector,6002400,25/01493/PFUL3,2026-10-01,dismissed,written-representations,Communications kiosk with integrated digital advertising display and defibrillator,telecoms; advertisement,,inside-settlement; conservation-area; listed-building-setting,false,n/a,,2026-08,HE6(1); HE6(3); HE6(4); HE7(2); CO1,conservation area; setting of a Grade II* listed building; non-designated heritage asset; visual amenity,street-hub; telecoms; digital-advertising; heritage-harm-decisive; he6-public-benefits-insufficient; he6-harm-ungraded; conservation-area; listed-building; ndha; ndha-harm; co1-substantial-weight; alternatives-not-explored; s4-within-settlement; drafting-slip; linked-appeals; parties-consulted-on-2026-framework,https://planningdistilled.org/research/england/nppf-navigator/decisions/PINS-6002400.html
PINS-6002677,"Land east of Halfpenny Lane, Wisbech (352 dwellings, hybrid)",Fenland,East of England,inspector,6002677,F/YR23/0477/O,2026-10-01,allowed,hearing,"Hybrid application, with outline for up to 250 dwellings (access committed) and full permission for 102 dwellings, with open space, a bund and an attenuation basin, involving culverting of the Halfpenny Lane Drain for the access",housing-major,352,settlement-edge,false,n/a,,2026-08,DM7; F8(3); S4(1); HO7,culverting of a watercourse and flood risk strategy; surface water and neighbours' living conditions,s4-within-settlement; s4-approve; large-scheme; five-year-supply-met; flood-risk; viability; costs-application; parties-consulted-on-2026-framework,https://planningdistilled.org/research/england/nppf-navigator/decisions/PINS-6002677.html
PINS-6002708,"Land at Castle End, Lea, Ross-on-Wye (PIP, up to 3 dwellings)",Herefordshire,West Midlands,inspector,6002708,251948,2026-10-01,dismissed,written-representations,Permission in principle for residential development of a maximum of 3 dwellings,PIP; housing-minor,3,settlement-edge; listed-building-setting,false,n/a,,2026-08,HE6(1); HE6(3); HE6(4); HE4(2); S5,setting of a Grade II* listed building; character and appearance,PIP; heritage-harm-decisive; he6-harm-graded; he6-public-benefits-insufficient; listed-building; substantially-outweighed; s5-limb-not-identified; housing-shortfall; small-scheme; inconsistent-weighting; ndha; parties-consulted-on-2026-framework,https://planningdistilled.org/research/england/nppf-navigator/decisions/PINS-6002708.html
PINS-6004899,"Lower Fawke Farm, Bitchet Green Road, Fawke Common, Underriver",Sevenoaks,South East,inspector,6004899,24/03466/FUL,2026-10-01,allowed,written-representations,"Conversion and change of use of former agricultural buildings to a mix of B8 storage and distribution and Class E(g)(ii) and (iii) uses, after demolition of buildings unsuitable for conversion",commercial; employment; conversion; change-of-use,,green-belt; national-landscape; open-countryside; rural-lane; listed-building-setting,true,not-argued,,2026-08,N4; TR3; E4; S5(5),National Landscape; accessibility; highway safety,national-landscape; not-inappropriate; s5-5-balance; rural-business; agricultural-building; barn-conversion; sustainable-location-pass; rural-lane-no-footway; heritage-no-harm; pd-rights-condition-refused; parties-consulted-on-2026-framework,https://planningdistilled.org/research/england/nppf-navigator/decisions/PINS-6004899.html
PINS-6006890,"147 Eastcote Lane, Harrow (two-storey house in rear garden, outline)",Harrow,London,inspector,6006890,PL/2018/25,2026-10-01,dismissed,written-representations,Outline permission (access reserved) for demolition of a rear garage and erection of a two-storey house in the rear garden,housing-minor,1,inside-settlement; garden-land,false,n/a,,2026-08,BNG (Sch 7A TCPA); N2; S4(1),biodiversity net gain; garden land development,s4-within-settlement; s4-substantially-outweighed; garden-land; backland; l2-1-d-curtilage; l2-substantial-weight; materially-inconsistent-very-limited-weight; new-local-plan; evidence-gap; bng; small-scheme; linked-appeals; costs-application; parties-consulted-on-2026-framework,https://planningdistilled.org/research/england/nppf-navigator/decisions/PINS-6006890.html
PINS-6008018,"65 Grimshaw Lane, Manchester M40 (first-floor guest house over former pub)",Manchester,North West,inspector,6008018,144279/FO/2025,2026-10-01,dismissed,written-representations,Change of use of the first floor of a vacant public house (sui generis) to a six-bedroom guest house (Class C1) with staff accommodation,change-of-use; commercial; leisure,,inside-settlement,false,n/a,,2026-08,DP3; S4(1),principle of visitor accommodation; living conditions; parking and highway safety,s4-within-settlement; s4-substantially-outweighed; design-refusal; plan-policy-consistent-full-weight; inclusive-access; costs-application,https://planningdistilled.org/research/england/nppf-navigator/decisions/PINS-6008018.html
PINS-6008122,"Milan Villa, Hyde Wood Lane, Canewdon (replacement dwelling)",Rochford,East of England,inspector,6008122,24/00600/FUL,2026-10-01,dismissed,written-representations,Demolition of the existing house and garages and construction of a four-bedroom Georgian-style house with workshop and garage,replacement-dwelling; self-build,1,green-belt; PDL; rural-lane,true,not-argued,,2026-08,BNG (Sch 7A TCPA); DM6; N2(1)(a); S5(5),biodiversity net gain; inappropriate development,pdl-e-limb; not-inappropriate; s5-5-balance; substantially-outweighed; replacement-dwelling; self-build; self-build-unsecured; bng-exemption-not-shown; conditions-unenforceable; evidence-gap; materially-inconsistent-very-limited-weight; material-considerations-outweigh-plan; private-benefit-not-public; parties-consulted-on-2026-framework,https://planningdistilled.org/research/england/nppf-navigator/decisions/PINS-6008122.html
PINS-6008177,"Land west of Leicester Road (B6047), Market Harborough (PIP, 5 to 9 dwellings)",Harborough,East Midlands,inspector,6008177,25/01154/PIP,2026-10-01,allowed,written-representations,Permission in principle for a minimum of 5 and a maximum of 9 dwellings on an undeveloped field,PIP; housing-minor,9,,false,n/a,,2026-08,TR6(4); HE9; HE7,highway safety; setting of conservation area; non-designated heritage asset,PIP; small-scheme; tr6-highway-safety; splay-third-party-land; ndha; conservation-area-setting; heritage-no-harm; evidence-gap; no-s4-s5-analysis; drafting-slip,https://planningdistilled.org/research/england/nppf-navigator/decisions/PINS-6008177.html
PINS-6009135,"6 and 6a Fairview Road, Wednesfield, Wolverhampton",Wolverhampton,West Midlands,inspector,6009135,25/00187/FUL,2026-10-01,dismissed,written-representations,"Change of use of a retail unit to residential, extension of an existing flat, and a two-storey side extension to create two additional flats",housing-minor; change-of-use; conversion,2,inside-settlement,false,n/a,,2026-08,L2(1)(d)(i); L2(1)(d)(ii); S4(1),character and appearance; living conditions; parking and highway safety; loss of a local service,s4-within-settlement; s4-substantially-outweighed; design-refusal; living-conditions; l2-1-d; flat-conversion; small-scheme; parking; drafting-slip; transitional-no-consultation,https://planningdistilled.org/research/england/nppf-navigator/decisions/PINS-6009135.html
PINS-6009363,"Land at Mushroom Lane, Brigsley (outline, nine dwellings)",North East Lincolnshire,Yorkshire and the Humber,inspector,6009363,DM/0749/25/OUT,2026-10-01,dismissed,written-representations,Outline permission (access only) for nine dwellings and garages on a 1.3 ha field,housing-minor,9,settlement-edge; open-countryside,false,n/a,,2026-08,L3(4); S5(2); TR3(1)(a); N2(1)(a),sustainable location; effective use of land; character and appearance,s5-1-j; s5-2-refusal-policy; density-l3; low-density-refusal; sustainable-location-fail; connectivity-tool; reasonable-walking-distance; landscape-harm; housing-shortfall; small-scheme; materially-inconsistent-very-limited-weight; inspector-raised-own-ground; previous-appeal-followed; parties-consulted-on-2026-framework,https://planningdistilled.org/research/england/nppf-navigator/decisions/PINS-6009363.html
PINS-6009720,"Land adjacent to 1 Ninesprings Cottage, Wymondley Road, Hitchin (PIP)",North Hertfordshire,East of England,inspector,6009720,26/00361/PIP,2026-10-01,allowed,written-representations,"Permission in principle for one detached dwelling (minimum one, maximum one)",PIP; housing-minor,1,green-belt; settlement-edge,true,accepted,,2026-08,GB7(1)(g)(i); GB7(1)(g)(ii); GB7(1)(g)(iii); S5(5),grey belt; inappropriate development; suitability of location,PIP; grey-belt-accepted; not-inappropriate; s5-5-balance; sustainable-location-pass; small-scheme; housing-shortfall; parties-consulted-on-2026-framework,https://planningdistilled.org/research/england/nppf-navigator/decisions/PINS-6009720.html
PINS-6009880,"The Teapot, East Pier, Sandside, Scarborough (outdoor seating hours condition)",North Yorkshire,Yorkshire and the Humber,inspector,6009880,SCAZF25/01322/FL,2026-10-01,dismissed,written-representations,"Appeal against condition 3 of a permission for an external seating area, which requires furniture and barriers to be in place only between 09:00 and 18:00 and stored away at other times",commercial; other,,inside-settlement; conservation-area; listed-building-setting,false,n/a,,2026-08,HE6(1); HE6(3); HE6(4),whether the condition is necessary and reasonable; heritage,heritage-harm-decisive; he6-public-benefits-insufficient; he6-harm-graded; conservation-area; listed-building; ndha; conditions-appeal; limited-nppf-engagement; parties-consulted-on-2026-framework,https://planningdistilled.org/research/england/nppf-navigator/decisions/PINS-6009880.html
PINS-6009910,"12 Victoria Road, Whetstone (dwelling in rear garden)",Blaby,East Midlands,inspector,6009910,25/0987/FUL,2026-10-01,dismissed,written-representations,Erection of a two-bedroom dwelling and detached double garage to the rear of 12 Victoria Road,housing-minor,1,inside-settlement; garden-land,false,n/a,,2026-08,S4(1),character and appearance; living conditions,s4-within-settlement; s4-substantially-outweighed; backland; garden-land; design-refusal; living-conditions; housing-shortfall; small-scheme; limited-nppf-engagement; transitional-no-consultation,https://planningdistilled.org/research/england/nppf-navigator/decisions/PINS-6009910.html
PINS-6009979,"2A Park Road, Barnoldswick (uPVC shopfront condition)",Pendle,North West,inspector,6009979,25/0779/FUL,2026-10-01,dismissed,written-representations,"Appeal against condition 3 of a permission for replacement windows and alteration of a door, which withholds permission for uPVC window or door frames at ground-floor level",commercial; other,,inside-settlement; conservation-area,false,n/a,,2026-08,HE6(1); HE6(3); HE6(4); HE4(2),whether the condition is reasonable and necessary,heritage-harm-decisive; he6-public-benefits-insufficient; he6-harm-graded; conservation-area; conditions-appeal; upvc-windows; shopfront; alternatives-not-explored; parties-consulted-on-2026-framework,https://planningdistilled.org/research/england/nppf-navigator/decisions/PINS-6009979.html
PINS-6010033,"259 Wick Road, Hackney, London E9 (takeaway and delivery-only food premises)",Hackney,London,inspector,6010033,2026/0268,2026-10-01,dismissed,written-representations,"Change of use of the ground floor from a barber shop (Class E) to a sui generis takeaway and delivery-only food premises, open 10:00 to 20:00",change-of-use; commercial,,inside-settlement,false,n/a,,2026-08,HC5; TR6(4),child obesity and health inequalities; highway safety,hot-food-takeaway; tr6-highway-safety; conditions-unenforceable,https://planningdistilled.org/research/england/nppf-navigator/decisions/PINS-6010033.html
PINS-6010376,"Former Hull Grammar School and Community Centre, Cottingham Road, Hull",Kingston upon Hull,Yorkshire and the Humber,inspector,6010376,24/01144/FULL,2026-10-01,dismissed,written-representations,"Change of use, first and second floor extensions and external alterations of a former grammar school building to provide 37-bed student accommodation, with an office and store, parking and landscaping",specialist-housing; conversion; change-of-use,37,inside-settlement; conservation-area,false,n/a,3.16,2026-08,DP3(1); DP3(3); S4(2)(c),character and appearance; loss of a community use; mixed and balanced community; living conditions,dp3-refuse-trigger; s4-2-c-refusal-policy; design-refusal; s4-within-settlement; s4-substantially-outweighed; community-facility; materially-inconsistent-very-limited-weight; hmo; concentration-policy; article-4; housing-shortfall; unmet-need-not-evidenced; l2-airspace; upward-extension; heritage-no-harm; ndha; psed; drafting-slip; parties-consulted-on-2026-framework,https://planningdistilled.org/research/england/nppf-navigator/decisions/PINS-6010376.html
PINS-6010445,"Pavement outside 498-504 Fulham Road, London SW6 (multifunctional hub with advert screen)",Hammersmith and Fulham,London,inspector,6010445,2025/03052/FUL,2026-10-01,dismissed,written-representations,"Free-standing multifunctional communications hub with a digital advertisement screen on one side and emergency functions, including a public defibrillator, on the other",telecoms; advertisement,,inside-settlement; conservation-area,false,n/a,,2026-08,HE6(4); DP3; TR6,character and appearance; conservation area; highway safety,street-hub; telecoms; digital-advertising; heritage-harm-decisive; he6-public-benefits-insufficient; he6-harm-graded; conservation-area; street-clutter; co1-substantial-weight; linked-appeals; drafting-slip; parties-consulted-on-2026-framework,https://planningdistilled.org/research/england/nppf-navigator/decisions/PINS-6010445.html
PINS-6010951,"Land north of the Bower House, Clatterbury Lane, Clavering",Uttlesford,East of England,inspector,6010951,UTT/26/0506/FUL,2026-10-01,dismissed,written-representations,"One self-build dwelling with cartlodge, altered vehicle access and landscaping",housing-minor; self-build,1,inside-settlement; flood-zone-2; flood-zone-3,false,n/a,4.77,2026-08,F5; F7; S4(1),flood risk; biodiversity net gain and self-build; location and the development plan,flood-risk; flood-sequential-test; sequential-test-fail; self-build; self-build-unsecured; bng-exemption-not-shown; obligation-unsecured; s4-within-settlement; s4-substantially-outweighed; settlement-definition; sustainable-location-pass; housing-shortfall; small-scheme; inspector-raised-own-ground; parties-consulted-on-2026-framework,https://planningdistilled.org/research/england/nppf-navigator/decisions/PINS-6010951.html
PINS-6011062,"Thamesfield Retirement Village, Wargrave Road, Remenham",Wokingham,South East,inspector,6011062,243125,2026-10-01,dismissed,written-representations,"Part demolition and a three-storey extension to provide 17 extra-care apartments (Class C2, net gain of 13), with parking, landscaping and basement alterations",specialist-housing; housing-major,13,green-belt; PDL; conservation-area; listed-building-setting,true,accepted,,2026-08,DP3(1); DP3(3); S5(2),living conditions; heritage; planning balance,dp3-refuse-trigger; s5-2-refusal-policy; design-refusal; living-conditions; living-conditions-outlook; heritage-harm-outweighed; he6-harm-graded; conservation-area; specialist-housing; housing-shortfall; pdl-e-limb; grey-belt-accepted; not-inappropriate; s5-1-d-pdl; drafting-slip; ndha; parties-consulted-on-2026-framework,https://planningdistilled.org/research/england/nppf-navigator/decisions/PINS-6011062.html
PINS-6011321,"Land to the rear of 14 Cross Hills, Kippax (storage unit and car park layout)",Leeds,Yorkshire and the Humber,inspector,6011321,26/01204/FU,2026-10-01,dismissed,written-representations,Retrospective storage unit to the rear of Cross Hills and revised car park layout at Ash Court,commercial; other,,inside-settlement; PDL,false,n/a,,2026-08,TR6; S4(1),highway safety and parking; character and appearance,s4-within-settlement; s4-substantially-outweighed; tr6-highway-safety; retrospective; parking,https://planningdistilled.org/research/england/nppf-navigator/decisions/PINS-6011321.html
PINS-6011337,"Land west of Sunnyside, Glentham (three over-55s dwellings)",West Lindsey,East Midlands,inspector,6011337,WL/2025/01036,2026-10-01,dismissed,written-representations,"Three detached four-bedroom dwellings restricted to households with a resident aged 55 or over, built to M4(2), with a shared communal garden",housing-minor; specialist-housing,3,settlement-edge; open-countryside,false,n/a,,2026-08,S5(4); L3(4); TR3(1)(a); N2(1)(a),suitability of location; character and appearance,s5-4-exceptional; five-year-supply-met; specialist-housing; unmet-need-type-specific; unmet-need-not-evidenced; infill-rejected; sustainable-location-fail; connectivity-tool; landscape-harm; density-l3; plan-policy-consistent-full-weight; plan-making-policy-not-for-decisions; plan-led; small-scheme; parties-consulted-on-2026-framework,https://planningdistilled.org/research/england/nppf-navigator/decisions/PINS-6011337.html
PINS-6011602,"28A Ridley Road, London NW10 (external rear staircase to first-floor flat)",Brent,London,inspector,6011602,26/0191,2026-10-01,allowed,written-representations,New rear external staircase leading to a new side door to a first-floor flat,householder; other,,inside-settlement,false,n/a,,2026-08,DP3,character and appearance,tier-2; limited-nppf-engagement; old-wording-slip; transitional-no-consultation,https://planningdistilled.org/research/england/nppf-navigator/decisions/PINS-6011602.html
PINS-6012098,"125-133 Old Brompton Road, London SW7 (JOLT electric vehicle charge point with advert screens)",Kensington and Chelsea,London,inspector,6012098,PP/26/00150,2026-10-01,dismissed,written-representations,Installation of one JOLT unit (electric vehicle charge point with integral double-sided LCD advertisement screen) and electrical connection works on the footway,infrastructure; advertisement,,inside-settlement; conservation-area,false,n/a,,2026-08,HE6(4); DP3; TR6,character and appearance; conservation area setting; highway safety,heritage-harm-decisive; he6-public-benefits-insufficient; he6-harm-graded; conservation-area; conservation-area-setting; ev-charging; digital-advertising; street-clutter; linked-appeals; drafting-slip; parties-consulted-on-2026-framework,https://planningdistilled.org/research/england/nppf-navigator/decisions/PINS-6012098.html
PINS-6012105,"Outside 131 Fulham Road, London SW3 (JOLT electric vehicle charge point with advert screens)",Kensington and Chelsea,London,inspector,6012105,PP/26/00162,2026-10-01,dismissed,written-representations,Installation of one JOLT unit (electric vehicle charge point with integral double-sided LCD advertisement screen) and electrical connection works on the footway,infrastructure; advertisement,,inside-settlement; conservation-area,false,n/a,,2026-08,HE6(4); DP3,character and appearance; conservation area setting; highway safety,heritage-harm-decisive; he6-public-benefits-insufficient; he6-harm-graded; conservation-area; conservation-area-setting; ev-charging; digital-advertising; street-clutter; linked-appeals; drafting-slip; parties-consulted-on-2026-framework,https://planningdistilled.org/research/england/nppf-navigator/decisions/PINS-6012105.html
PINS-6012202,"Happy Hounds Hotel, Back Lane, Weeton (PIP, up to 2 dwellings on kennels site)",Fylde,North West,inspector,6012202,26/0063,2026-10-01,allowed,written-representations,Permission in principle for demolition of dog day care and boarding kennel buildings and erection of up to 2 dwellings,PIP; housing-minor,2,open-countryside; PDL; rural-lane,false,n/a,,2026-08,S5(1)(d); S5(1); Transitional(2); HO7,suitability of location; spatial strategy; access to services,PIP; s5-1-d-pdl; pdl; materially-inconsistent-very-limited-weight; sustainable-location-fail; rural-lane-no-footway; car-dependence-moderate; housing-shortfall; small-scheme; material-considerations-outweigh-plan; plan-conflict-overridden,https://planningdistilled.org/research/england/nppf-navigator/decisions/PINS-6012202.html
PINS-6012344,"189 Greenwich High Road, London SE10 (bar to convenience store, Appeal A)",Greenwich,London,inspector,6012344,26/0700/F,2026-10-01,allowed,written-representations,Change of use of the ground and lower ground floors from a bar (sui generis) to a convenience store (Class E(a)),change-of-use; retail,,inside-settlement; conservation-area; listed-building-setting; near-station,false,n/a,,2026-08,HC6(1)(c),availability of community facilities,community-facility; pub-loss; town-centre; heritage-no-harm; conservation-area; world-heritage-site; linked-appeals; parties-consulted-on-2026-framework,https://planningdistilled.org/research/england/nppf-navigator/decisions/PINS-6012344.html
PINS-6012348,"189 Greenwich High Road, London SE10 (bar to cafe, Appeal B)",Greenwich,London,inspector,6012348,26/0699/F,2026-10-01,allowed,written-representations,Change of use of the ground and lower ground floors from a bar (sui generis) to a cafe (Class E(b)),change-of-use; commercial,,inside-settlement; conservation-area; listed-building-setting; near-station,false,n/a,,2026-08,HC6(1)(c),availability of community facilities,community-facility; pub-loss; town-centre; heritage-no-harm; conservation-area; world-heritage-site; linked-appeals; parties-consulted-on-2026-framework,https://planningdistilled.org/research/england/nppf-navigator/decisions/PINS-6012348.html
PINS-6001859,"5 More London Place, Southwark (restaurant pergola and awning)",Southwark,London,inspector,6001859,25/AP/1051,2026-09-30,dismissed,written-representations,"Extension of outdoor seating area with pergola structure, glazed side screens, planters and retractable awning to a restaurant",commercial; leisure,,inside-settlement; conservation-area; listed-building-setting,false,n/a,,2026-08,DP3(1); DP3(3); S4(2)(c); S4,character and appearance; setting of conservation area and Grade I Tower Bridge,s4-within-settlement; s4-substantially-outweighed; s4-2-c-refusal-policy; dp3-refuse-trigger; design-refusal; heritage-no-harm; conservation-area-setting; parties-consulted-on-2026-framework; drafting-slip; tier-2,https://planningdistilled.org/research/england/nppf-navigator/decisions/PINS-6001859.html
PINS-6001939,"Adsdean House, Adsdean (listed building consent - stair lift)",South Downs National Park Authority,South East,inspector,6001939,SDNP/25/02152/LIS,2026-09-30,dismissed,written-representations,Installation of a through-floor lift from ground to first floor in a Grade II listed house (listed building consent),listed-building-consent; householder,,national-park; open-countryside; listed-building-setting,false,n/a,,2026-08,HE6(3); HE6(4); HE4(2),special interest of Grade II listed building,tier-2; heritage-harm-decisive; he6-public-benefits-insufficient; he6-harm-graded; parties-consulted-on-2026-framework; national-park; psed,https://planningdistilled.org/research/england/nppf-navigator/decisions/PINS-6001939.html
PINS-6004363,"Opposite 67 Sandgate Road, Folkestone (BT Street Hub)",Folkestone and Hythe,South East,inspector,6004363,25/1919/FH,2026-09-30,dismissed,written-representations,"BT Street Hub with 2 digital 75-inch advert screens and removal of BT kiosk (Appeal B 6004364 advert consent 25/1962/FH, also dismissed)",telecoms; advertisement,,inside-settlement; conservation-area,false,n/a,,2026-08,DP3(3); S4(2)(c); HE6(4),character and appearance; conservation area setting; public benefits,tier-2; telecoms; bt-street-hub; heritage-harm-decisive; he6-public-benefits-insufficient; conservation-area; dp3-refuse-trigger; s4-2-c-refusal-policy; s4-within-settlement; s4-substantially-outweighed; design-refusal; parties-consulted-on-2026-framework; plan-policy-consistent-full-weight,https://planningdistilled.org/research/england/nppf-navigator/decisions/PINS-6004363.html
PINS-6004526,"147 Eastcote Lane, Harrow (two bungalows, outline)",Harrow,London,inspector,6004526,PL/2879/25,2026-09-30,allowed,written-representations,"Outline permission (access reserved) for two detached single-storey dwellings with accommodation in the roof space, on a former grassed strip and part of the garden of No 147",housing-minor,2,inside-settlement; garden-land,false,n/a,,2026-08,N2,privacy; biodiversity net gain,tier-2; parties-consulted-on-2026-framework; small-scheme; living-conditions; bng; pd-rights-condition-refused; costs-application; new-local-plan,https://planningdistilled.org/research/england/nppf-navigator/decisions/PINS-6004526.html
PINS-6004640,"Scotlands Farm, Telegraph Hill, Fernhurst (garage and access track)",South Downs National Park Authority,South East,inspector,6004640,SDNP/25/01131/FUL,2026-09-30,dismissed,written-representations,Three-bay garage and permanent access track (improvement of a temporary construction access) at a refurbished farmstead,householder; other,,national-park; open-countryside,false,n/a,,2026-08,N4,landscape character and tranquillity in a National Park,national-park; landscape-harm; transitional-no-consultation; obligation-unsecured; drafting-slip; tier-2,https://planningdistilled.org/research/england/nppf-navigator/decisions/PINS-6004640.html
PINS-6004952,"Valera Ltd, Plox Brow, Tarleton",West Lancashire,North West,inspector,6004952,2025/0330/FUL,2026-09-30,dismissed,written-representations,Five dwellings and a block of 4 flats following demolition of former office and warehouse buildings,housing-minor,9,inside-settlement; PDL; flood-zone-2,false,n/a,,2026-08,F5; S4,flood risk sequential test; loss of employment land,flood-risk; s4-within-settlement; s4-substantially-outweighed; employment-loss-marketing; housing-shortfall; small-scheme; parties-consulted-on-2026-framework; sequential-test-access-route,https://planningdistilled.org/research/england/nppf-navigator/decisions/PINS-6004952.html
PINS-6005822,"Former National Grid Site, Marsh Lane, Stanmore (Aldi)",Harrow,London,inspector,6005822,PL/1370/25,2026-09-30,dismissed,inquiry,"Food retail store (Class E(a)) with warehouse, 94 car parking spaces, cycle parking, access and landscaping",retail; commercial,,inside-settlement; PDL,false,n/a,,2026-08,TC3; S4,retail sequential test; economy and industrial land; car parking; efficient use of land,sequential-test-fail; town-centre; alternative-sites; plan-led; s4-within-settlement; parties-consulted-on-2026-framework; new-local-plan; brownfield; parking; drafting-slip,https://planningdistilled.org/research/england/nppf-navigator/decisions/PINS-6005822.html
PINS-6005913,"Land to rear of 1A Fancy Road, Poole (backland bungalow)",Bournemouth Christchurch and Poole,South West,inspector,6005913,P/25/04202/FUL,2026-09-30,allowed,written-representations,"Demolition of a garage and outbuildings and erection of one two-bedroom bungalow with bin and bike store, on land split from the garden of 1A Fancy Road",housing-minor,1,inside-settlement; garden-land,false,n/a,2.1,2026-08,S4(1); N6,living conditions of future occupiers,tier-2; transitional-no-consultation; s4-within-settlement; s4-approve; backland; habitats-mitigation; housing-shortfall; small-scheme; living-conditions; costs-application,https://planningdistilled.org/research/england/nppf-navigator/decisions/PINS-6005913.html
PINS-6006003,"Land adjacent 837 Manchester Road, Linthwaite",Kirklees,Yorkshire and the Humber,inspector,6006003,2025/62/91903/W,2026-09-30,dismissed,written-representations,"Erection of a single dwelling (stated as self-build) on an open, treed gap in the Manchester Road frontage",housing-minor; self-build,1,green-belt; settlement-edge; conservation-area,true,accepted,4.18,2026-08,DP3(1); DP3(3); S5(5); S5(2); HE6(4),Green Belt appropriateness; character and appearance; trees; conservation area,grey-belt-accepted; not-inappropriate; s5-5-balance; sustainable-location-pass; dp3-refuse-trigger; design-refusal; heritage-harm-decisive; housing-shortfall; small-scheme; self-build; self-build-unsecured; bng-exemption-not-shown; substantially-outweighed; parties-consulted-on-2026-framework,https://planningdistilled.org/research/england/nppf-navigator/decisions/PINS-6006003.html
PINS-6006266,"The Stables, Adsdean Park Road, Funtington (listed building consent)",South Downs National Park Authority,South East,inspector,6006266,SDNP/25/03763/LIS,2026-09-30,dismissed,written-representations,Listed building consent to convert part of a Grade II stable block and reconfigure the adjoining apartment into one 3-bed dwelling,listed-building-consent; conversion,1,national-park; listed-building-setting,false,n/a,,2026-08,HE6(4); HE4(2),special interest of Grade II listed stables; setting of Grade II Adsdean House,listed-building-consent; he6-harm-graded; he6-public-benefits-insufficient; heritage-harm-decisive; national-park; parties-consulted-on-2026-framework; tier-2,https://planningdistilled.org/research/england/nppf-navigator/decisions/PINS-6006266.html
PINS-6006903,"Bastle house north of Whitlees, Elsdon (listed building consent conditions)",Northumberland National Park,North East,inspector,6006903,25NP0102 (LBC condition variation),2026-09-30,dismissed,written-representations,"Variation of approved-plans condition and removal of arrow-slit condition on listed building consent 25NP0020LBC for conversion of a bastle and byre to two holiday lets, to allow wider windows (Appeal A 6006905 is the s73 planning appeal, also dismissed)",listed-building-consent; conversion; leisure,,national-park; listed-building-setting; open-countryside,false,n/a,,2026-08,HE6(4); HE6(3),special interest of listed building; whether conditions serve a useful purpose,tier-2; listed-building-consent; heritage-harm-decisive; he6-public-benefits-insufficient; he6-harm-graded; old-heritage-wording; old-wording-slip; s73-conditions; national-park; rural-tourism; transitional-no-consultation,https://planningdistilled.org/research/england/nppf-navigator/decisions/PINS-6006903.html
PINS-6006905,"Bastle house north of Whitlees, Elsdon (s73 planning appeal)",Northumberland National Park,North East,inspector,6006905,25NP0102,2026-09-30,dismissed,written-representations,s73 application to vary the approved-plans condition and arrow-slit condition on permission 25NP0019 (conversion of a bastle and byre to two holiday lets) to allow wider windows (Appeal B 6006903 is the linked listed building consent appeal),conversion; leisure,,national-park; listed-building-setting; open-countryside,false,n/a,,2026-08,HE6(3); HE6(4),special interest of listed building; whether conditions serve a useful purpose,tier-2; s73-conditions; heritage-harm-decisive; he6-harm-graded; he6-public-benefits-insufficient; old-heritage-wording; old-wording-slip; national-park; rural-tourism; transitional-no-consultation,https://planningdistilled.org/research/england/nppf-navigator/decisions/PINS-6006905.html
PINS-6007352,"Land east of New Road, Melksham",Wiltshire,South West,inspector,6007352,PL/2025/09917,2026-09-30,dismissed,written-representations,Outline permission for up to 2 self-build dwellings on agricultural land beyond the Melksham settlement boundary,housing-minor; self-build,2,open-countryside; rural-lane,false,n/a,2.8,2026-08,S5(1)(j)(i); S5(4); DP3(3),location and accessibility; character and appearance; protected species; drainage,s5-1-j; s5-4-exceptional; sustainable-location-fail; rural-lane-no-footway; dp3-refuse-trigger; self-build; housing-shortfall; small-scheme; drafting-slip; inconsistent-weighting,https://planningdistilled.org/research/england/nppf-navigator/decisions/PINS-6007352.html
PINS-6007677,"Land opposite Nash Cottage, Ashford Road, Brenzett",Folkestone and Hythe,South East,inspector,6007677,25/2053/FH,2026-09-30,dismissed,written-representations,"Change of use of a commercial storage site to residential, demolition of garage/store and a self-build 3-bed chalet bungalow in open countryside",housing-minor; self-build; change-of-use,1,open-countryside; rural-lane; PDL; listed-building-setting,false,n/a,,2026-08,DP3(3); S5(2); DP3(1); DP3(2)(d),character and appearance; location outside settlement boundary; accessibility to services,s5-1-d-pdl; s5-2-refusal-policy; dp3-refuse-trigger; sustainable-location-fail; rural-lane-no-footway; self-build; housing-shortfall; small-scheme; materially-inconsistent-very-limited-weight; annex-a-weight-reduction; heritage-no-harm; parties-consulted-on-2026-framework,https://planningdistilled.org/research/england/nppf-navigator/decisions/PINS-6007677.html
PINS-6007924,"Beehive Cottage, Portway, Old Sarum, Salisbury",Wiltshire,South West,inspector,6007924,PL/2025/03776,2026-09-30,allowed,written-representations,Outline permission (all matters reserved) for up to two dwellings beside a Grade II listed former toll house,housing-minor,2,open-countryside; settlement-edge; listed-building-setting; TPO,false,n/a,,2026-08,S5(1)(j)(i); Transitional(2),location and development strategy; setting of listed building; living conditions; trees; ecology and SAC,s5-1-j; housing-shortfall; small-scheme; materially-inconsistent-very-limited-weight; habitats-mitigation; heritage-no-harm; parties-consulted-on-2026-framework,https://planningdistilled.org/research/england/nppf-navigator/decisions/PINS-6007924.html
PINS-6008176,"Sycamore Farm, Well Bank Lane, Over Peover",Cheshire East,North West,inspector,6008176,25/2744/FUL,2026-09-30,allowed,written-representations,Demolition of vacant dwelling and outbuildings and erection of a replacement (self-build) house with landscape scheme,replacement-dwelling; self-build; housing-minor,1,green-belt; open-countryside; PDL,true,not-argued,,2026-08,GB7(1)(e); Transitional(2),inappropriate development in Green Belt; replacement building policy; other considerations,not-inappropriate; pdl-e-limb; replacement-dwelling-materially-larger; fallback; self-build; materially-inconsistent-very-limited-weight; local-plan-gb-policy-out-of-date; parties-consulted-on-2026-framework; previous-appeal-superseded,https://planningdistilled.org/research/england/nppf-navigator/decisions/PINS-6008176.html
PINS-6008855,"7A Shorefield Cottage, Shorefield Road, Westcliff-on-Sea (replacement dwelling)",Southend-on-Sea,East of England,inspector,6008855,25/01646/FUL,2026-09-30,dismissed,written-representations,Demolition of a bungalow and erection of a replacement dwelling with four floors of accommodation above undercroft parking,replacement-dwelling; self-build,1,inside-settlement,false,n/a,,2026-08,DP3(1); DP3(3); P3; S4,character and appearance; living conditions; pedestrian safety; S4 balance,s4-within-settlement; s4-substantially-outweighed; s4-2-c-refusal-policy; dp3-refuse-trigger; design-refusal; living-conditions; replacement-dwelling; parties-consulted-on-2026-framework; local-policy-consistency,https://planningdistilled.org/research/england/nppf-navigator/decisions/PINS-6008855.html
PINS-6008864,"Land adjacent to 33A Chelford Road, Somerford (PIP, Jodrell Bank WHS)",Cheshire East,North West,inspector,6008864,25/3451/PIP,2026-09-30,dismissed,written-representations,"Permission in principle for up to five dwellings on an open field next to the Congleton settlement boundary, within the Jodrell Bank consultation zone",PIP; housing-minor,5,open-countryside; settlement-edge,false,n/a,,2026-08,HE8; HE6(4),suitable location; Jodrell Bank World Heritage Site,PIP; world-heritage-site; evidence-gap; heritage-harm-decisive; s5-1-j; housing-shortfall; small-scheme; self-build-unsecured; drafting-slip; car-dependence-moderate; parties-consulted-on-2026-framework,https://planningdistilled.org/research/england/nppf-navigator/decisions/PINS-6008864.html
PINS-6008883,"15 Brethergate, Westwoodside (dwelling in side curtilage)",North Lincolnshire,Yorkshire and the Humber,inspector,6008883,PA/2025/1413,2026-09-30,allowed,written-representations,"A three-bedroom bungalow with rooms in the roof, on surfaced land beside an existing bungalow that was formerly used for post office parking",housing-minor,1,inside-settlement,false,n/a,,2026-08,S4(1); S4(2)(a)(ii); L2(1)(d),character and appearance; living conditions of existing and future residents,s4-within-settlement; s4-approve; l2-1-d-curtilage; garden-infill; housing-shortfall; small-scheme; self-build-unsecured; materially-inconsistent-very-limited-weight; annex-a-weight-reduction; pd-rights-removed,https://planningdistilled.org/research/england/nppf-navigator/decisions/PINS-6008883.html
PINS-6009030,"Somerville, Mingoose Vale, Towan Cross, Truro (affordable PIP)",Cornwall,South West,inspector,6009030,PA25/07957,2026-09-30,dismissed,written-representations,Permission in principle for 6-8 affordable dwellings (rural exception) on a field between clusters of Towan Cross,PIP; housing-minor; rural-exception; affordable-led,8,settlement-edge; open-countryside,false,n/a,,2026-08,DP3(1); DP3(3); S5(1),suitability of location; land use and amount (PIP),PIP; affordable-led; dp3-refuse-trigger; design-refusal; parties-consulted-on-2026-framework; rural-lane-no-footway; settlement-definition; drafting-slip; small-scheme,https://planningdistilled.org/research/england/nppf-navigator/decisions/PINS-6009030.html
PINS-6009106,"Land at Tuttle Farm, Lock Road, North Cotes",East Lindsey,East Midlands,inspector,6009106,00434/26/PIP,2026-09-30,dismissed,written-representations,Permission in principle for nine market houses on agricultural land in Flood Zone 3 in the Coastal Area,PIP; housing-minor,9,open-countryside; flood-zone-3; rural-lane,false,n/a,,2026-08,F5; F4,suitability of location including Coastal Area and Flood Zone 3,PIP; flood-risk; sequential-test-fail; housing-shortfall; small-scheme; s5-limb-not-identified; plan-led; parties-consulted-on-2026-framework,https://planningdistilled.org/research/england/nppf-navigator/decisions/PINS-6009106.html
PINS-6009407,"Two Oaks, Whitchurch Road (A49), Spurstow",Cheshire East,North West,inspector,6009407,25/2641/OUT,2026-09-30,dismissed,written-representations,"Outline permission (access, layout and scale) for three dwellings on a semi-wooded plot beside the A49",housing-minor,3,open-countryside; rural-lane,false,n/a,3.3,2026-08,DP3(3); S5(2),location and accessibility; character and trees; living conditions of future occupiers; BNG; ecological connectivity,dp3-refuse-trigger; s5-2-refusal-policy; s5-1-j; sustainable-location-fail; rural-lane-no-footway; tree-loss; living-conditions; housing-shortfall; small-scheme; previous-appeal-followed; ho1-plan-making-only; parties-consulted-on-2026-framework,https://planningdistilled.org/research/england/nppf-navigator/decisions/PINS-6009407.html
PINS-6009410,"Land rear of 53 Beresford Avenue, Chapel-en-le-Frith (agricultural containers)",High Peak,East Midlands,inspector,6009410,HPK/2025/0352,2026-09-30,allowed,written-representations,Siting of two storage containers for agricultural machinery with permeable hardstanding; retention of beehives and small poultry enclosure (already carried out),agricultural,,settlement-edge; open-countryside,false,n/a,,2026-08,S5(1)(a); S5(2),character and appearance; acceptable countryside use,tier-2; agricultural-building; retrospective; parties-consulted-on-2026-framework,https://planningdistilled.org/research/england/nppf-navigator/decisions/PINS-6009410.html
PINS-6009631,"Stratton House Hotel, Stratton, Cirencester (Appeal A - sauna and plant room)",Cotswold,South West,inspector,6009631,25/03108/FUL,2026-09-30,dismissed,written-representations,"Erection of plant room, outdoor dip pool/jacuzzi, shower and sauna in the garden of a Grade II listed hotel (Appeal A planning; LBC Appeal B 6009635 allowed)",commercial; leisure,,inside-settlement; listed-building-setting; flood-zone-2; flood-zone-3,false,n/a,,2026-08,F7(2); F8; S4(2)(c); S4(1),setting of Grade II listed building; noise; flood risk,s4-within-settlement; s4-substantially-outweighed; s4-2-c-refusal-policy; flood-risk; evidence-gap; heritage-no-harm; costs-application; drafting-slip; transitional-no-consultation,https://planningdistilled.org/research/england/nppf-navigator/decisions/PINS-6009631.html
PINS-6009635,"Stratton House Hotel, Stratton, Cirencester (LBC)",Cotswold,South West,inspector,6009635,25/03109/LBC,2026-09-30,allowed,written-representations,"Listed building consent for a plant room, outdoor dip pool/jacuzzi, shower and sauna in the garden of a Grade II hotel (appeal B; planning appeal A 6009631 dismissed on flood risk)",listed-building-consent; leisure; commercial,,listed-building-setting; flood-zone-3,false,n/a,,2026-08,HE6,setting and significance of Grade II Stratton House Hotel,listed-building-consent; heritage-no-harm; tier-2; transitional-no-consultation; costs-application; flood-risk,https://planningdistilled.org/research/england/nppf-navigator/decisions/PINS-6009635.html
PINS-6009649,"Land east of Hole House Lane, Tosside (food truck)",Ribble Valley,North West,inspector,6009649,3/2025/0686,2026-09-30,dismissed,written-representations,Change of use of agricultural land to mixed agriculture and retail (siting of a food truck) with customer parking,change-of-use; retail; agricultural,,open-countryside; national-landscape; rural-lane,false,n/a,,2026-08,N4; DP3(3); S5(1),character and appearance of National Landscape; highway safety,tier-2; national-landscape; landscape-harm; s5-1-b-necessity; dp3-refuse-trigger; fallback; rural-business; parties-consulted-on-2026-framework; s5-limb-not-identified,https://planningdistilled.org/research/england/nppf-navigator/decisions/PINS-6009649.html
PINS-6009869,"33 Sherwood Road, Seaford (house to two flats)",Lewes,South East,inspector,6009869,LW/26/0064,2026-09-30,allowed,written-representations,Change of use from a single family dwelling to two self-contained flats,housing-minor; conversion,2,inside-settlement,false,n/a,,2026-08,DP3,living conditions of future occupiers,tier-2; flat-conversion; living-conditions; limited-nppf-engagement; small-scheme,https://planningdistilled.org/research/england/nppf-navigator/decisions/PINS-6009869.html
PINS-6010097,"Pound Scots, Chinnor Road, Bledlow Ridge (self-build dwelling in listed building's garden)",Buckinghamshire,South East,inspector,6010097,PL/25/4253/FA,2026-09-30,dismissed,written-representations,"Self-build three-bedroom detached house, carport, shed and new access in the front garden of Grade II listed Pound Scots",housing-minor; self-build,1,green-belt; washed-over-village; inside-settlement; listed-building-setting; national-landscape,true,not-argued,,2026-08,HE6(4); S4,setting of listed buildings,heritage-harm-decisive; he6-harm-graded; he6-public-benefits-insufficient; s4-within-settlement; s4-substantially-outweighed; self-build-unsecured; housing-shortfall; small-scheme; national-landscape; green-belt-policy-not-applied; washed-over-village-as-settlement; garden-land; parties-consulted-on-2026-framework,https://planningdistilled.org/research/england/nppf-navigator/decisions/PINS-6010097.html
PINS-6010112,"Balne Moor Coarse Fishery, Balne Moor Road, Balne (manager's dwelling)",North Yorkshire,Yorkshire and the Humber,inspector,6010112,ZG2025/0890/COU,2026-09-30,dismissed,written-representations,"Change of use of land, including an existing caravan used as a welfare unit, to residential use to provide a management dwelling for the fishery",housing-minor; change-of-use,1,green-belt; open-countryside; isolated; PDL,true,not-argued,2.6,2026-08,HO11(1)(a); S5(2); S5(5),isolated home; essential need for a rural worker,isolated-home; ho11; rural-worker-dwelling; pdl-e-limb; not-inappropriate; s5-5-balance; s5-2-refusal-policy; substantially-outweighed; housing-shortfall; small-scheme; caravans; plan-policy-consistent-full-weight; drafting-slip; parties-consulted-on-2026-framework,https://planningdistilled.org/research/england/nppf-navigator/decisions/PINS-6010112.html
PINS-6010213,"Disley Meadow, Lower Greenshall Lane, Disley",Cheshire East,North West,inspector,6010213,26/0974/FUL,2026-09-30,dismissed,written-representations,"Retention of a shipping container, two timber shelters and stone hardstanding said to be for keeping four alpacas",agricultural,,green-belt; open-countryside,true,accepted,,2026-08,GB7(1)(a); GB7(1)(g)(ii); GB6(2),inappropriate development; openness; character and appearance; VSC balance,tier-2; agricultural-need-not-shown; grey-belt-accepted; unmet-need-not-evidenced; vsc-not-shown; openness-harm; retrospective; parties-consulted-on-2026-framework,https://planningdistilled.org/research/england/nppf-navigator/decisions/PINS-6010213.html
PINS-6010276,"76 Andover Road, Cheltenham (listed garden wall rebuild)",Cheltenham,South West,inspector,6010276,26/00312/LBC,2026-09-30,allowed,written-representations,Listed building consent for partial demolition and like-for-like rebuilding of a structurally defective section of a listed garden wall,listed-building-consent,,inside-settlement; conservation-area,false,n/a,,2026-08,HE6(4); HE4(2),special interest of Grade II listed building; character of conservation area,listed-building-consent; heritage-harm-outweighed; he6-harm-graded; non-determination; conservation-area; parties-consulted-on-2026-framework; tier-2,https://planningdistilled.org/research/england/nppf-navigator/decisions/PINS-6010276.html
PINS-6010706,"Sleepy Corner, Stibb Cross, Torrington (footway condition)",Torridge,South West,inspector,6010706,1/0425/2025/OUT,2026-09-30,allowed,written-representations,"Appeal against condition 10 of an outline permission for one self-build dwelling, requiring a 1.2 m footway along the A388 verge to the Stibb Cross footway network before occupation",housing-minor; self-build,1,settlement-edge; rural-lane,false,n/a,,2026-08,DM6; DM3; TR3(1)(e),whether the footway condition is necessary and reasonable for access and highway safety,conditions-appeal; s73-variation; self-build; rural-lane-no-footway; psed; inclusive-access; existing-users-argument; parties-consulted-on-2026-framework,https://planningdistilled.org/research/england/nppf-navigator/decisions/PINS-6010706.html
PINS-6010934,"Land off Pickworth Road, Great Casterton (HO11(e) earth-sheltered house)",Rutland,East Midlands,inspector,6010934,2025/0400/FUL,2026-09-30,dismissed,written-representations,"Isolated self-build earth-sheltered dwelling proposed as a Paragraph 84 (now HO11(e)) house, with solar array and landscaping, in an open field north of Great Casterton",housing-minor; self-build,1,open-countryside; isolated; rural-lane,false,n/a,,2026-08,S5(3); HO11(1)(e); S5(4); TR6(4),HO11(e) exceptional design; highway safety; ecology; archaeology,isolated-home; ho11; s5-4-exceptional; tr6-highway-safety; splay-third-party-land; evidence-gap; self-build; small-scheme; parties-consulted-on-2026-framework; costs-application,https://planningdistilled.org/research/england/nppf-navigator/decisions/PINS-6010934.html
PINS-6011714,"4-6 Ashford Road, Tenterden (listed building consent, ground-floor sign)",Ashford,South East,inspector,6011714,PA/2025/2072,2026-09-30,dismissed,written-representations,Retrospective listed building consent for alterations to a shopfront including a light-green ground-floor sign on a Grade II terrace (Appeal A; the first-floor sign Appeal B is 6011717),listed-building-consent; advertisement; commercial,,inside-settlement; conservation-area; listed-building-setting,false,n/a,,2026-08,HE6(4); HE6(3),special interest of Grade II listed building and character of Tenterden Conservation Area,listed-building-consent; advertisement; retrospective; he6-harm-graded; he6-public-benefits-insufficient; heritage-harm-decisive; conservation-area; transitional-no-consultation; tier-2,https://planningdistilled.org/research/england/nppf-navigator/decisions/PINS-6011714.html
PINS-6011717,"4-6 Ashford Road, Tenterden (listed building consent, first-floor sign)",Ashford,South East,inspector,6011717,PA/2025/2073,2026-09-30,dismissed,written-representations,Retrospective listed building consent for replacing a hanging sign with a large flat light-green sign on first-floor weatherboarding of a Grade II terrace (Appeal B; the ground-floor sign Appeal A is 6011714),listed-building-consent; advertisement; commercial,,inside-settlement; conservation-area; listed-building-setting,false,n/a,,2026-08,HE6(4); HE6(3),special interest of the listed building; conservation area,tier-2; listed-building-consent; heritage-harm-decisive; he6-harm-graded; he6-public-benefits-insufficient; retrospective; alternative-scheme-not-explored; transitional-no-consultation; linked-appeals,https://planningdistilled.org/research/england/nppf-navigator/decisions/PINS-6011717.html
PINS-6011827,"2 Rookwood Avenue, Leeds (dwelling to short-term let)",Leeds,Yorkshire and the Humber,inspector,6011827,26/01070/FU,2026-09-30,dismissed,written-representations,Change of use from a three-bedroom terraced dwelling (Class C3) to short-term accommodation (sui generis) for up to six guests; the use had already begun,change-of-use,,inside-settlement,false,n/a,,2026-08,P3,living conditions of neighbours (noise; disturbance and inconvenience),tier-2; short-term-let; living-conditions; noise; retrospective; loss-of-dwelling; ho7-loss-as-harm,https://planningdistilled.org/research/england/nppf-navigator/decisions/PINS-6011827.html
PINS-6011983,"Beechwood Shopping Centre, 14 Church Street, Woodlesford (raised seating deck and canopy)",Leeds,Yorkshire and the Humber,inspector,6011983,26/00013/FU,2026-09-30,dismissed,written-representations,"Raised deck to form an external seating area, replacement canopy and new boundary treatments at a hospitality unit (modifying existing unauthorised works)",commercial,,inside-settlement; TPO,false,n/a,,2026-08,DP3(2); DP3(3),character and appearance; accessibility for all users,dp3-refuse-trigger; inclusive-access; psed; e2-substantial-weight; retrospective; previous-appeal-followed,https://planningdistilled.org/research/england/nppf-navigator/decisions/PINS-6011983.html
PINS-6012279,"Pavement at East Road, Cambridge (BT Street Hub, planning)",Cambridge,East of England,inspector,6012279,26/01377/FUL,2026-09-30,dismissed,written-representations,"Installation of a BT Street Hub and removal of associated BT payphones (Appeal B, planning; the advertisement Appeal A is 6012281)",telecoms,,inside-settlement; conservation-area; listed-building-setting,false,n/a,,2026-08,HE6(4); CO1; S4,character and appearance; visual amenity,tier-2; telecoms; street-hub; bt-street-hub; co1-substantial-weight; conservation-area; heritage-harm-decisive; he6-harm-graded; he6-public-benefits-insufficient; s4-within-settlement; s4-substantially-outweighed; transitional-no-consultation; linked-appeals,https://planningdistilled.org/research/england/nppf-navigator/decisions/PINS-6012279.html
PINS-6012788,"79 Rushdene Crescent, Northolt (vehicle crossover across green)",Ealing,London,inspector,6012788,254364FUL,2026-09-30,dismissed,written-representations,New vehicle crossover and ECOGrid driveway across a grassed open space in front of a terraced house,householder; other,,inside-settlement,false,n/a,,2026-08,DP3,character and appearance; highway safety,householder; design-refusal; limited-nppf-engagement; transitional-no-consultation; drafting-slip; tier-2,https://planningdistilled.org/research/england/nppf-navigator/decisions/PINS-6012788.html
PINS-6012886,"40 Gladstone Street, Scarborough (house to 7-bed HMO)",North Yorkshire,Yorkshire and the Humber,inspector,6012886,26/00313/FUL,2026-09-30,dismissed,written-representations,Change of use of a mid-terrace house (C3) to a 7-bedroom HMO (revised to 7 persons at appeal),change-of-use,,inside-settlement,false,n/a,,2026-08,P3; S4(1),living conditions of neighbours; parking,tier-2; s4-within-settlement; s4-substantially-outweighed; hmo; hmo-concentration; fallback; parties-consulted-on-2026-framework,https://planningdistilled.org/research/england/nppf-navigator/decisions/PINS-6012886.html
PINS-6013651,"69 Wellingborough Road, Rushden (HMO frontage parking, s73)",North Northamptonshire,East Midlands,inspector,6013651,26/00189/VAR,2026-09-30,allowed,written-representations,Section 73 variation of the plans condition on a 9-person HMO permission to add two frontage parking spaces and revised boundary treatment,change-of-use,,inside-settlement,false,n/a,,2026-08,TR6(4); S4,highway safety and sustainable travel; character and appearance of the street scene,hmo; s73-variation; parking; s4-within-settlement; s4-approve; local-policy-consistency; parties-consulted-on-2026-framework; tier-2,https://planningdistilled.org/research/england/nppf-navigator/decisions/PINS-6013651.html
PINS-6003226,"Flat 4, 99 Kennington Park Road, Southwark",Southwark,London,inspector,6003226,25/AP/1749,2026-09-29,dismissed,written-representations,"Retrospective listed building consent for internal alterations to an upper-floor flat in a Grade II Georgian terrace (widened openings with sliding doors, blocked doorway, removal of two chimney breasts)",listed-building-consent; householder,,inside-settlement; conservation-area; listed-building-setting,false,n/a,,2026-08,HE6(3); HE6(4); HE4(2),special interest of Grade II listed terrace,heritage-harm-decisive; he6-harm-graded; he6-public-benefits-insufficient; private-benefit-not-public; energy-efficiency; public-benefits-unevidenced; retrospective; listed-building-consent; parties-consulted-on-2026-framework; tier-2,https://planningdistilled.org/research/england/nppf-navigator/decisions/PINS-6003226.html
PINS-6005652,"Cud Hill House barn, Upton Hill, Upton St Leonards",Stroud,South West,inspector,6005652,S.25/2010/FUL,2026-09-29,dismissed,written-representations,"Demolition of modern outbuildings, alteration and extension of a stone barn and its conversion to one self-build dwelling, in the Cotswolds National Landscape",housing-minor; conversion; self-build,1,open-countryside; isolated; national-landscape,false,n/a,3.2,2026-08,S5(3); HO11; N4; S5(4),suitable location; Cotswolds National Landscape,isolated-home; s5-3-isolated; ho11; s5-1-c-reuse; national-landscape; landscape-harm; self-build; fallback; housing-shortfall; small-scheme; annex-a-weight-reduction; s5-4-exceptional; sustainable-location-fail; rural-lane-no-footway; parties-consulted-on-2026-framework,https://planningdistilled.org/research/england/nppf-navigator/decisions/PINS-6005652.html
PINS-6006541,"Land to the rear of 21 Roselands Avenue, St Philip's Avenue, Eastbourne",Eastbourne,South East,inspector,6006541,250652,2026-09-29,dismissed,written-representations,Demolition of a store/garage and erection of a two-storey one-bedroom dwelling,housing-minor,1,inside-settlement,false,n/a,1.4,2026-08,DP3(1); DP3(3); S4(2)(c); S4(1); P3,character and appearance; living conditions of future occupiers; living conditions of neighbours,tier-2; s4-within-settlement; s4-substantially-outweighed; s4-2-c-refusal-policy; dp3-refuse-trigger; design-refusal; housing-shortfall; small-scheme; old-balance-wording; old-wording-slip; parties-consulted-on-2026-framework,https://planningdistilled.org/research/england/nppf-navigator/decisions/PINS-6006541.html
PINS-6006725,"1 King Edward Crescent, Newquay (townhouse with roof-space bedroom)",Cornwall,South West,inspector,6006725,PA25/08437,2026-09-29,dismissed,written-representations,Construction of a townhouse including an additional bedroom within the roof (taller variant of a townhouse allowed on appeal in 2025),housing-minor; self-build,1,inside-settlement,false,n/a,,2026-08,DP3(3); S4(2)(c); S4,character and appearance; living conditions,tier-2; transitional-no-consultation; s4-within-settlement; s4-substantially-outweighed; s4-2-c-refusal-policy; dp3-refuse-trigger; design-refusal; fallback; self-build-unsecured; living-conditions; small-scheme; costs-application,https://planningdistilled.org/research/england/nppf-navigator/decisions/PINS-6006725.html
PINS-6007590,"42 Potter Street, Harlow (annex to part holiday let)",Harlow,East of England,inspector,6007590,HW/FUL/25/00481,2026-09-29,allowed,written-representations,Change of use of a residential annex (a Grade II listed outbuilding) to mixed use as annex for six months and short-term holiday let for the rest of the year,change-of-use; leisure,,inside-settlement; listed-building-setting,false,n/a,,2026-08,s38(6),suitability of location having regard to development plan policy,tier-2; heritage-no-harm; listed-building; rural-tourism; annexe; plan-conflict-overridden; limited-nppf-engagement; parties-consulted-on-2026-framework,https://planningdistilled.org/research/england/nppf-navigator/decisions/PINS-6007590.html
PINS-6007630,"16 Hobart Street, Leicester (7-person HMO)",Leicester,East Midlands,inspector,6007630,20260070,2026-09-29,dismissed,written-representations,"Change of use from house (C3) to a 7-person house in multiple occupation (sui generis), retrospective",change-of-use,,inside-settlement; conservation-area,false,n/a,,2026-08,S4,housing mix and character; living conditions,tier-2; hmo; concentration-policy; living-conditions; s4-within-settlement; s4-substantially-outweighed; retrospective; transitional-no-consultation; new-local-plan,https://planningdistilled.org/research/england/nppf-navigator/decisions/PINS-6007630.html
PINS-6007668,"Upper Farm, Shut Lane Head, Newcastle-under-Lyme",Newcastle-under-Lyme,West Midlands,inspector,6007668,26/00082/OUT,2026-09-29,dismissed,written-representations,Outline for one serviced self-build plot (all matters reserved except access and scale) in an open field beyond the end of Shut Lane Head,housing-minor; self-build,1,green-belt; open-countryside; rural-lane,true,not-argued,,2026-08,GB7(1)(g)(iii); TR3; GB6(2),suitability of location; Green Belt; character and appearance; living conditions; VSC,sustainable-location-fail; rural-lane-no-footway; vsc-not-shown; openness-harm; self-build; self-build-unsecured; small-scheme; non-determination; isolated-home; parties-consulted-on-2026-framework,https://planningdistilled.org/research/england/nppf-navigator/decisions/PINS-6007668.html
PINS-6007836,"65A Richmond Wood Road, Bournemouth (8-person HMO)","Bournemouth, Christchurch and Poole",South West,inspector,6007836,P/25/03589/FUL,2026-09-29,dismissed,written-representations,Change of use of a three-bedroom semi-detached house (C3) to an eight-person HMO (sui generis),change-of-use,,inside-settlement,false,n/a,,2026-08,P3; S4,living conditions of future occupiers; living conditions of neighbours; character; parking; cycle storage,hmo; s4-within-settlement; s4-substantially-outweighed; living-conditions; living-conditions-outlook; habitats-mitigation; costs-application; parties-consulted-on-2026-framework; tier-2,https://planningdistilled.org/research/england/nppf-navigator/decisions/PINS-6007836.html
PINS-6008773,"Land adjoining The Ridings, Singleborough",Buckinghamshire,South East,inspector,6008773,PL/25/4181/PIP,2026-09-29,dismissed,written-representations,Permission in principle for one detached dwelling on an undeveloped gap in a small conservation-area hamlet,PIP; housing-minor,1,open-countryside; rural-lane; conservation-area; listed-building-setting,false,n/a,,2026-08,HE6(4); S5(2); TR3; DP3(2)(d),location; land use and amount - spatial strategy; conservation area and settings of listed buildings,PIP; s5-1-e-infill; s5-2-refusal-policy; heritage-harm-decisive; he6-harm-graded; he6-public-benefits-insufficient; sustainable-location-fail; rural-lane-no-footway; materially-inconsistent-very-limited-weight; dp3-refuse-trigger; conservation-area; small-scheme; parties-consulted-on-2026-framework,https://planningdistilled.org/research/england/nppf-navigator/decisions/PINS-6008773.html
PINS-6008791,"Land west of Old Hall, Watton Road, Colney",South Norfolk,East of England,inspector,6008791,2026/0257,2026-09-29,dismissed,written-representations,Erection of one self-build dwelling,housing-minor; self-build,1,settlement-edge; listed-building-setting,false,n/a,,2026-08,N6(1); S5(1)(j),habitats sites nutrient neutrality; suitable location,s5-1-j; s5-2-refusal-policy; habitats-mitigation-unsecured; self-build; self-build-unsecured; housing-shortfall; small-scheme; parties-consulted-on-2026-framework; drafting-slip,https://planningdistilled.org/research/england/nppf-navigator/decisions/PINS-6008791.html
PINS-6008915,"Land north of Claypole Equestrian, Doddington Lane, Claypole",South Kesteven,East Midlands,inspector,6008915,S25/1045,2026-09-29,dismissed,written-representations,"Use of land for siting 50 shipping containers for self-storage, next to an equestrian business",commercial; employment,,open-countryside,false,n/a,,2026-08,S5(1)(b),principle of development in the countryside; character and appearance,tier-2; s5-1-b-necessity; rural-business; design-refusal; parties-consulted-on-2026-framework,https://planningdistilled.org/research/england/nppf-navigator/decisions/PINS-6008915.html
PINS-6008940,"Basement Flat, 226 Finchley Road, Camden (parking space and crossover)",Camden,London,inspector,6008940,2025/5066/P,2026-09-29,dismissed,written-representations,"Use of an existing hardstanding in front of a basement flat as one off-street car parking space, with a vehicle crossover onto Finchley Road",other,,inside-settlement,false,n/a,,2026-08,S4(1); TR6(4),highway safety,appeal-planning-officer; s4-within-settlement; s4-substantially-outweighed; tr6-highway-safety; parking; transitional-no-consultation,https://planningdistilled.org/research/england/nppf-navigator/decisions/PINS-6008940.html
PINS-6008987,"Land south of 2 Leighton Road, Hamerton",Huntingdonshire,East of England,inspector,6008987,25/02302/FUL,2026-09-29,dismissed,written-representations,Detached dwelling with detached garage and secure bicycle store,housing-minor; self-build,1,settlement-edge; rural-lane,false,n/a,3.68,2026-08,DP3(3); S5(1)(j),suitable location; character and appearance,s5-1-j; dp3-refuse-trigger; dp3-clear-justification; design-refusal; rural-lane-no-footway; housing-shortfall; small-scheme; self-build-unsecured; annex-a-weight-reduction; parties-consulted-on-2026-framework,https://planningdistilled.org/research/england/nppf-navigator/decisions/PINS-6008987.html
PINS-6009011,"The Geldings, Bouts Lane, Holberrow Green, Inkberrow (live/work unit)",Wychavon,West Midlands,inspector,6009011,W/26/00048/FUL,2026-09-29,dismissed,written-representations,Live/work unit with a new direct access onto the B4092 and a new agricultural access (an earlier live/work permission on the site is an agreed fallback),housing-minor; employment,1,open-countryside,false,n/a,,2026-08,TR6(4); S5(4),highway safety; location against plan policies; access to services; BNG; drainage,tr6-highway-safety; highway-safety-decisive; s5-4-exceptional; s5-1-b-necessity; fallback; new-local-plan; parties-consulted-on-2026-framework; drafting-slip,https://planningdistilled.org/research/england/nppf-navigator/decisions/PINS-6009011.html
PINS-6009141,"Footpath outside 1 Prince Street, Bridlington (BT Street Hub)",East Riding of Yorkshire,Yorkshire and the Humber,inspector,6009141,26/00310/PLF,2026-09-29,dismissed,written-representations,BT Street Hub replacing a telephone kiosk and cash machine at a prominent corner in Bridlington Quay Conservation Area (Appeal A; linked advertisement Appeal B 6009153 for two 75-inch digital screens),telecoms; advertisement,,inside-settlement; conservation-area,false,n/a,,2026-08,HE6(4); S4; DP3(3),conservation area; advertisement amenity,telecoms; street-hub; bt-street-hub; digital-advertising; co1-substantial-weight; conservation-area; heritage-harm-decisive; he6-harm-graded; he6-public-benefits-insufficient; s4-within-settlement; s4-substantially-outweighed; dp3-refuse-trigger; drafting-slip; parties-consulted-on-2026-framework; tier-2,https://planningdistilled.org/research/england/nppf-navigator/decisions/PINS-6009141.html
PINS-6009377,"Floringham Lodge, Old Bracknell Lane East, Bracknell (46 retirement flats)",Bracknell Forest,South East,inspector,6009377,25/00456/FUL,2026-09-29,allowed,hearing,"Demolition of a house and redevelopment with 46 one- and two-bed retirement living flats (C3) with parking, landscaping and communal facilities",specialist-housing; housing-major,46,inside-settlement; PDL,false,n/a,3.53,2026-08,S4; HO5; HO9,affordable housing review mechanism; living conditions of neighbours; living conditions of future occupiers; SPA mitigation; infrastructure,specialist-housing; s4-within-settlement; s4-approve; housing-shortfall; viability; habitats-mitigation; inclusive-access; brownfield; parties-consulted-on-2026-framework; drafting-slip; large-scheme,https://planningdistilled.org/research/england/nppf-navigator/decisions/PINS-6009377.html
PINS-6009619,"Cosy Cow Shed, near Dalwood, Devon (holiday let to dwelling)",East Devon,South West,inspector,6009619,25/1721/FUL,2026-09-29,allowed,written-representations,Change of use of a holiday-let dwelling to unrestricted residential occupation (removal of holiday restriction),change-of-use; housing-minor,1,open-countryside; national-landscape; rural-lane; PDL,false,n/a,3.5,2026-08,S5(1)(d); TR3; S5(2),appropriate location for an unrestricted dwelling,s5-1-d-pdl; holiday-let; rural-lane-no-footway; national-landscape; housing-shortfall; small-scheme; parties-consulted-on-2026-framework; tr3-1a-small-scale; plan-conflict-overridden,https://planningdistilled.org/research/england/nppf-navigator/decisions/PINS-6009619.html
PINS-6009847,"The Old Stables, 12 Kenward Court, Hadlow (uPVC windows, listed building consent)",Tonbridge and Malling,South East,inspector,6009847,TM/25/01244/PA,2026-09-29,dismissed,written-representations,Listed building consent to replace 1980s timber windows and doors with timber-effect uPVC in a curtilage-listed former stables of the Grade II Maltings I and II,listed-building-consent; householder,,inside-settlement; conservation-area; listed-building-setting,false,n/a,,2026-08,HE6(3); HE6(4),special interest of listed building,tier-2; listed-building-consent; listed-building; upvc-windows; windows; heritage-harm-decisive; he6-harm-graded; he6-public-benefits-insufficient; private-benefit-not-public; energy-efficiency; parties-consulted-on-2026-framework,https://planningdistilled.org/research/england/nppf-navigator/decisions/PINS-6009847.html
PINS-6009919,"Ewen House, High Road, Fobbing (pool and annexe)",Thurrock,East of England,inspector,6009919,25/01158/FUL,2026-09-29,dismissed,written-representations,"Covered pool and single-storey ""eco annexe"" with green roof on a former builder's yard behind two High Road houses",householder; self-build,,green-belt; washed-over-village; conservation-area; listed-building-setting; PDL,true,accepted,,2026-08,GB7(1)(g)(ii); GB6(2); HE6(4),grey belt and inappropriateness; openness; character and heritage; highway safety; VSC,grey-belt-accepted; vsc-not-shown; openness-harm; heritage-harm-decisive; private-benefit-not-public; pdl-e-limb; pdl-blended-into-landscape; annexe; sustainable-location-pass; washed-over-village; self-build-unsecured; non-determination; costs-application; parties-consulted-on-2026-framework,https://planningdistilled.org/research/england/nppf-navigator/decisions/PINS-6009919.html
PINS-6009988,"56 Burlington Road, New Malden",Kingston upon Thames,London,inspector,6009988,25/02055/FUL,2026-09-29,dismissed,written-representations,Demolition and a four-storey building with a replacement commercial unit and 7 flats,housing-minor; commercial,7,inside-settlement; PDL,false,n/a,,2026-08,S4; L2(1)(d)(ii); P3,neighbours' daylight; future occupiers' external space; parking,s4-within-settlement; s4-substantially-outweighed; living-conditions; daylight-sunlight; obligation-unsecured; housing-shortfall; small-scheme; parties-consulted-on-2026-framework; tier-2,https://planningdistilled.org/research/england/nppf-navigator/decisions/PINS-6009988.html
PINS-6010207,"61 Hawthorn Road, Edmonton, Enfield (HMO)",Enfield,London,inspector,6010207,25/04165/FUL,2026-09-29,dismissed,written-representations,"Change of use of a dwellinghouse to a 3-bedroom, 4-person HMO (C4) with refuse and cycle storage",change-of-use,,inside-settlement,false,n/a,,2026-08,DP3(3); S4(2)(c),living conditions of future occupiers; fire safety,tier-2; hmo; appeal-planning-officer; s4-within-settlement; s4-substantially-outweighed; s4-2-c-refusal-policy; dp3-refuse-trigger; living-conditions; transitional-no-consultation,https://planningdistilled.org/research/england/nppf-navigator/decisions/PINS-6010207.html
PINS-6010211,"22 Ecclesburn Street, Richmond Hill, Leeds (dwelling to short-term let)",Leeds,Yorkshire and the Humber,inspector,6010211,26/00971/FU,2026-09-29,dismissed,written-representations,Change of use from a four-bedroom mid-terrace dwelling to short-term let accommodation; the change of use had already taken place,change-of-use,,inside-settlement,false,n/a,,2026-08,P3; DM6,living conditions of neighbours (noise and disturbance),tier-2; short-term-let; living-conditions; noise; retrospective; conditions-unenforceable; plan-led; transitional-no-consultation,https://planningdistilled.org/research/england/nppf-navigator/decisions/PINS-6010211.html
PINS-6010411,"Land to the South of Telegraph Road, Caldy",Wirral,North West,inspector,6010411,PIP/25/01491,2026-09-29,dismissed,written-representations,Permission in principle for up to three dwellings on horse-grazing paddocks next to a ribbon of houses on Telegraph Road,PIP; housing-minor,3,green-belt; settlement-edge,true,not-argued,,2026-08,GB7(1)(c); GB6(2),inappropriate development; openness; VSC balance,PIP; openness-harm; vsc-not-shown; infill-rejected; small-scheme; drafting-slip; parties-consulted-on-2026-framework,https://planningdistilled.org/research/england/nppf-navigator/decisions/PINS-6010411.html
PINS-6010422,"40 Millers Lane, Harpley (self-build dwelling)",King's Lynn and West Norfolk,East of England,inspector,6010422,26/00172/F,2026-09-29,dismissed,written-representations,One self-build dwelling on a grass field adjoining the development boundary of Harpley,housing-minor; self-build,1,settlement-edge; rural-lane,false,n/a,,2026-08,S5(4); DP3(3); TR6(4); S5(1)(j)(i),suitable location - spatial strategy and character; highway safety and accessibility; self-build provision,self-build; s5-1-j; s5-4-exceptional; dp3-refuse-trigger; design-refusal; tr6-highway-safety; sustainable-location-fail; rural-lane-no-footway; small-scheme; parties-consulted-on-2026-framework; tr3-1a-small-scale,https://planningdistilled.org/research/england/nppf-navigator/decisions/PINS-6010422.html
PINS-6010437,"Unit 116, The Burrows, East Goscote (noise condition)",Charnwood,East Midlands,inspector,6010437,P/25/1892/2,2026-09-29,allowed,written-representations,Appeal against condition 3 (noise assessment and mitigation within one month) on a retrospective permission for an external ventilation system and three A/C units on an industrial unit,employment,,inside-settlement,false,n/a,,2026-08,DM6,whether the condition is reasonable and necessary,tier-2; conditions-appeal; conditions-unenforceable; noise; retrospective; transitional-no-consultation,https://planningdistilled.org/research/england/nppf-navigator/decisions/PINS-6010437.html
PINS-6010459,"Land west of 103 Tonbridge Road, Hildenborough (PIP, 5 to 7 homes)",Tonbridge and Malling,South East,inspector,6010459,25/01693/PIP,2026-09-29,allowed,written-representations,Permission in principle for between 5 and 7 dwellings on Green Belt land partly within the Hildenborough Conservation Area,housing-minor; PIP,7,green-belt; settlement-edge; conservation-area; listed-building-setting; TPO,true,accepted,2.89,2026-08,GB7(1)(g); HE6(4); S5(5); HO7,heritage (Hildenborough Conservation Area); whether inappropriate development in the Green Belt,PIP; grey-belt-accepted; not-inappropriate; s5-5-balance; golden-rules; heritage-harm-outweighed; he6-harm-graded; conservation-area; housing-shortfall; hdt-below-75; small-scheme; sustainable-location-pass; annex-a-weight-reduction; costs-application; parties-consulted-on-2026-framework,https://planningdistilled.org/research/england/nppf-navigator/decisions/PINS-6010459.html
PINS-6010508,"60 Langdale Road, Nottingham (subdivision of family house)",Nottingham,East Midlands,inspector,6010508,25/01876/PFUL3,2026-09-29,dismissed,written-representations,Subdivision of a three-bedroom semi-detached house into a two-bedroom house and a one-bedroom flat,housing-minor; change-of-use,1,inside-settlement,false,n/a,,2026-08,S4(2)(a)(i); S4,loss of family housing,s4-within-settlement; s4-substantially-outweighed; family-housing-loss; plan-led; small-scheme; parties-consulted-on-2026-framework; tier-2,https://planningdistilled.org/research/england/nppf-navigator/decisions/PINS-6010508.html
PINS-6010661,"Pavement outside 43-47 Bethnal Green Road, Tower Hamlets (communication hub)",Tower Hamlets,London,inspector,6010661,PA/26/00088,2026-09-29,dismissed,written-representations,Removal of two advertised kiosks and installation of a 2.6 m multifunctional communication hub with defibrillator and digital advertisement display (Appeal A planning; Appeal B 6010662 advertisement consent PA/26/00089),telecoms; advertisement,,inside-settlement; listed-building-setting,false,n/a,,2026-08,DP3(1); S4(2)(c); CO1; S4(1),character and appearance; public cycle infrastructure; visual amenity (advert),tier-2; street-hub; telecoms; digital-advertising; co1-substantial-weight; s4-within-settlement; s4-substantially-outweighed; s4-2-c-refusal-policy; dp3-refuse-trigger; design-refusal; parties-consulted-on-2026-framework,https://planningdistilled.org/research/england/nppf-navigator/decisions/PINS-6010661.html
PINS-6010710,"18 Georgia Road, Thornton Heath (6-person HMO)",Croydon,London,inspector,6010710,26/00643/FUL,2026-09-29,allowed,written-representations,Change of use from a dwellinghouse (C3) to a six-person HMO (C4) in an Article 4 area,change-of-use,,inside-settlement,false,n/a,,2026-08,TR6(4); TR3,loss of a three-bedroom house; parking and highway safety; fire safety,tier-2; hmo; article-4; parking; tr6-highway-safety; parking-stress-unevidenced; plan-conflict-overridden; parties-consulted-on-2026-framework,https://planningdistilled.org/research/england/nppf-navigator/decisions/PINS-6010710.html
PINS-6011131,"46 The Finches, Weymouth",Dorset,South West,inspector,6011131,P/FUL/2026/01270,2026-09-29,dismissed,written-representations,Sever plot and erect one dwelling as a new end of terrace beside 46 The Finches,housing-minor,1,inside-settlement,false,n/a,,2026-08,S4; DP3,character and appearance; neighbours' living conditions; future occupiers' outlook; BNG,tier-2; s4-within-settlement; s4-substantially-outweighed; design-refusal; living-conditions; fallback; bng-self-build-exemption; housing-shortfall; small-scheme; plan-policy-consistent-full-weight; parties-consulted-on-2026-framework,https://planningdistilled.org/research/england/nppf-navigator/decisions/PINS-6011131.html
PINS-6011565,"15 Churchill Close, Sturminster Marshall (chalet bungalow s73)",Dorset,South West,inspector,6011565,P/VOC/2026/01105,2026-09-29,dismissed,written-representations,s73 variation of the approved-plans condition on P/FUL/2024/01770 (backland bungalow) to build a taller chalet bungalow with rooflights,housing-minor,1,inside-settlement,false,n/a,,2026-08,S4; L2(1)(d)(i); L2(1)(d)(ii),character and appearance; neighbours' privacy,tier-2; non-determination; s73-variation; s4-within-settlement; s4-substantially-outweighed; l2-1-d-curtilage; backland; design-refusal; living-conditions; costs-application; parties-consulted-on-2026-framework,https://planningdistilled.org/research/england/nppf-navigator/decisions/PINS-6011565.html
PINS-6012248,"Land outside 81 Fishergate, Preston (communications kiosk with digital advert)",Preston,North West,inspector,6012248,06/2026/0424,2026-09-29,dismissed,written-representations,Freestanding communications kiosk with defibrillator and illuminated digital advertising display on the pavement (Appeal A planning; Appeal B 6012249 advertisement consent),telecoms; advertisement,,inside-settlement; conservation-area; listed-building-setting,false,n/a,,2026-08,HE6(4); DP3(1),character and appearance including heritage assets (A); amenity (B),street-hub; telecoms; digital-advertising; advertisement; heritage-harm-decisive; he6-harm-graded; he6-public-benefits-insufficient; conservation-area-setting; parties-consulted-on-2026-framework; tier-2,https://planningdistilled.org/research/england/nppf-navigator/decisions/PINS-6012248.html
PINS-6013087,"39 Cowling Brow, Chorley (5-bedroom HMO)",Chorley,North West,inspector,6013087,25/01250/FUL,2026-09-29,allowed,written-representations,Retrospective change of use of a two-bedroom dwelling to a five-bedroom HMO,change-of-use,,inside-settlement,false,n/a,,2026-08,S4,highway and pedestrian safety (parking); neighbours' noise and disturbance; future occupiers' living conditions,tier-2; hmo; s4-within-settlement; s4-approve; retrospective; parking; noise; plan-policy-consistent-full-weight; parties-consulted-on-2026-framework,https://planningdistilled.org/research/england/nppf-navigator/decisions/PINS-6013087.html
stratford-26-01687-FUL,"The Old School, Stretton-on-Fosse",Stratford-on-Avon,West Midlands,lpa-delegated,,26/01687/FUL,2026-09-29,approved,delegated,"Change of use of a former school building, last used for storing and restoring paintings, to one self-build dwelling, with part demolition, extensions, outbuildings and landscaping (resubmission of 25/01232/FUL)",conversion; change-of-use; self-build; housing-minor,1,inside-settlement; conservation-area; valued-landscape; TPO,false,n/a,2.21,2026-08,S4(1); AnnexB:settlement,whether the village is a settlement; S4 balance; reuse of a building,s4-within-settlement; s4-approve; settlement-definition; self-build; bng-self-build-exemption; housing-shortfall; limited-nppf-engagement; small-scheme; stratford-relevant,https://planningdistilled.org/research/england/nppf-navigator/decisions/stratford-26-01687-FUL.html
stratford-26-01801-FUL,"Field south of The Slade, Fenny Compton",Stratford-on-Avon,West Midlands,lpa-delegated,,26/01801/FUL,2026-09-29,approved,delegated,"Conversion of a stone threshing barn and cart shed, with a new linked building, to one self-build dwelling, with a ground-mounted solar array and private water and drainage",conversion; self-build; housing-minor,1,open-countryside; isolated; valued-landscape,false,n/a,2.21,2026-08,S5(1)(c); S5(3); HO11(1)(c),reuse of rural buildings; isolated home; Class Q fallback; extension scale; self-build,s5-1-c-reuse; isolated-home; ho11; barn-conversion; class-q-fallback; fallback; self-build; bng-exemption; materially-inconsistent-very-limited-weight; drafting-slip; small-scheme; stratford-relevant,https://planningdistilled.org/research/england/nppf-navigator/decisions/stratford-26-01801-FUL.html
PINS-6001896,"Land at Castle End, Lea (PIP, setting of Grade II* manor house)",Herefordshire,West Midlands,inspector,6001896,251639,2026-09-28,dismissed,written-representations,Permission in principle for up to six dwellings on an open field beside a Grade II* listed 17th-century manor house,PIP; housing-minor,6,settlement-edge; listed-building-setting,false,n/a,,2026-08,HE6(4); HE6(3); S5,setting of Grade II* listed building; character and appearance,PIP; heritage-harm-decisive; he6-harm-graded; he6-public-benefits-insufficient; housing-shortfall; small-scheme; substantially-outweighed; s5-limb-not-identified; s4-or-s5-not-decided; parties-consulted-on-2026-framework,https://planningdistilled.org/research/england/nppf-navigator/decisions/PINS-6001896.html
PINS-6006117,"Land at access to Clockhouse Mews, Huxley Close, Godalming",Waverley,South East,inspector,6006117,WA/2025/01842,2026-09-28,dismissed,written-representations,Erection of a two-storey one-bedroom detached dwelling,housing-minor,1,inside-settlement; TPO; valued-landscape,false,n/a,1.28,2026-08,DP3(3); S4,character and appearance (AGLV); trees; neighbour living conditions; future occupier living conditions,s4-within-settlement; s4-substantially-outweighed; dp3-refuse-trigger; design-refusal; trees-tpo; housing-shortfall; small-scheme; living-conditions; parties-consulted-on-2026-framework; drafting-slip,https://planningdistilled.org/research/england/nppf-navigator/decisions/PINS-6006117.html
PINS-6006224,"Land near Fanshawes, Ware Park, Ware",East Hertfordshire,East of England,inspector,6006224,3/25/1052/PIP,2026-09-28,dismissed,written-representations,Permission in principle for 1 to 4 dwellings on undeveloped land in the Green Belt between Hertford and Ware,PIP; housing-minor,4,green-belt; open-countryside; rural-lane; listed-building-setting,true,accepted,3.4,2026-08,GB7(1)(g)(iii); TR3; GB6(2),grey belt; sustainable location; openness; setting of listed buildings; VSC balance,PIP; grey-belt-accepted; sustainable-location-fail; rural-lane-no-footway; connectivity-tool; small-scheme; housing-shortfall; vsc-not-shown; openness-harm; heritage-no-harm; plan-policy-consistent-full-weight; parties-consulted-on-2026-framework; drafting-slip,https://planningdistilled.org/research/england/nppf-navigator/decisions/PINS-6006224.html
PINS-6006722,"Land off Drake Street, Welland",Malvern Hills,West Midlands,inspector,6006722,M/26/00154/PIP,2026-09-28,dismissed,written-representations,Permission in principle for up to one self-build dwelling on a strip of field opposite the Welland settlement boundary,PIP; housing-minor; self-build,1,open-countryside; settlement-edge,false,n/a,,2026-08,S5(4); TR3,location; character and appearance,PIP; self-build; self-build-unsecured; sustainable-location-fail; s5-4-exceptional; infill-rejected; five-year-supply-met; small-scheme; national-landscape; parties-consulted-on-2026-framework,https://planningdistilled.org/research/england/nppf-navigator/decisions/PINS-6006722.html
PINS-6006990,"Land at Netteswell, The Crescent, Watford (two one-bedroom houses)",Watford,East of England,inspector,6006990,25/01081/FUL,2026-09-28,dismissed,written-representations,"Pair of two-storey one-bedroom houses with winter gardens, amenity space, refuse and cycle storage on a narrow strip between a car park and the ring road",housing-minor,2,inside-settlement; conservation-area,false,n/a,,2026-08,HE6(1); HE9; S4,conservation area; biodiversity net gain; living conditions; on-street parking,tier-2; parties-consulted-on-2026-framework; conservation-area; heritage-harm-decisive; he6-harm-ungraded; s4-within-settlement; s4-substantially-outweighed; tree-loss; small-scheme,https://planningdistilled.org/research/england/nppf-navigator/decisions/PINS-6006990.html
PINS-6007158,"Brishing Court Farm, Brishing Lane, Boughton Monchelsea",Maidstone,South East,inspector,6007158,25/505171/FULL,2026-09-28,dismissed,written-representations,Change of use of part of a former traditional orchard to residential and erection of a single-storey self-build dwelling,housing-minor; self-build,1,open-countryside; rural-lane; listed-building-setting,false,n/a,4.5,2026-08,HE6(4); S5(4); S5(1)(j)(i); N2(2),setting of Grade II* listed building; character and appearance; suitability of location; protected species,s5-4-exceptional; s5-1-j; infill-rejected; sustainable-location-fail; rural-lane-no-footway; heritage-harm-decisive; he6-public-benefits-insufficient; he6-harm-graded; self-build; self-build-unsecured; bng-exemption-not-shown; evidence-gap; housing-shortfall; small-scheme; parties-consulted-on-2026-framework,https://planningdistilled.org/research/england/nppf-navigator/decisions/PINS-6007158.html
PINS-6007410,"50 Nutfield Road, Merstham (launderette to Class E)",Reigate and Banstead,South East,inspector,6007410,25/01684/CU,2026-09-28,allowed,written-representations,"Change of use of launderette to Use Class E (commercial), replacement shopfront and stepped and ramped access",change-of-use; commercial,,inside-settlement,false,n/a,,2026-08,HC6(1),loss of community facility,tier-2; community-facility; marketing-evidence; hc6-marketing-12-months; parties-consulted-on-2026-framework; local-policy-consistency,https://planningdistilled.org/research/england/nppf-navigator/decisions/PINS-6007410.html
PINS-6008107,"Dane Cottage, Hogg Lane, Petham (porch, LBC)",Canterbury,South East,inspector,6008107,CA/25/02066,2026-09-28,dismissed,written-representations,Listed building consent for a larger replacement front porch with WC at a Grade II 18th-century cottage (appeal B; planning appeal A is 6008105),listed-building-consent; householder,,listed-building-setting,false,n/a,,2026-08,HE6(3); HE6(4); HE4(2),special interest of Grade II listed building,heritage-harm-decisive; he6-harm-graded; he6-public-benefits-insufficient; private-benefit-not-public; listed-building-consent; parties-consulted-on-2026-framework; tier-2,https://planningdistilled.org/research/england/nppf-navigator/decisions/PINS-6008107.html
PINS-6008713,"Eastlands, Bull Moor Lane, Flaxton (replacement rear extension)",North Yorkshire,Yorkshire and the Humber,inspector,6008713,ZE25/01413/House,2026-09-28,allowed,written-representations,Demolition of a single-storey rear extension and a larger contemporary oak-framed replacement to a Victorian house in Flaxton Conservation Area (non-determination),householder,,inside-settlement; conservation-area,false,n/a,,2026-08,HE6(1),character and appearance; conservation area,tier-2; householder; appeal-planning-officer; transitional-no-consultation; conservation-area; heritage-no-harm; non-determination; old-heritage-wording; old-wording-slip,https://planningdistilled.org/research/england/nppf-navigator/decisions/PINS-6008713.html
PINS-6008762,"Land north west of Holly Tree Cottage, Howlett End, Wimbish",Uttlesford,East of England,inspector,6008762,UTT/25/3094/FUL,2026-09-28,dismissed,written-representations,Erection of two dwellings and vehicular access on a wooded gap in the hamlet of Howlett End,housing-minor,2,open-countryside,false,n/a,5.35,2026-08,DP3(1); DP3(3); S5(2); P3; S5(1)(e),suitable location - spatial strategy and character; noise for future occupiers; BNG,s5-1-e-infill; s5-2-refusal-policy; dp3-refuse-trigger; design-refusal; five-year-supply-met; small-scheme; substantially-outweighed; costs-application; parties-consulted-on-2026-framework,https://planningdistilled.org/research/england/nppf-navigator/decisions/PINS-6008762.html
PINS-6008840,"10 Goodminns Estate, Sedgeford",King's Lynn and West Norfolk,East of England,inspector,6008840,26/00265/F,2026-09-28,dismissed,written-representations,Self-build bungalow on part of the side garden of 10 Goodminns Estate after demolition of a detached garage,housing-minor; self-build,1,inside-settlement; national-landscape; conservation-area,false,n/a,,2026-08,S4; S4(2)(a)(ii); L2(1)(d)(ii); DP3(3),character and appearance; future occupiers' noise; neighbours' outlook; privacy and noise,tier-2; s4-within-settlement; s4-substantially-outweighed; dp3-refuse-trigger; l2-1-d-curtilage; garden-infill; living-conditions; self-build; self-build-unsecured; national-landscape; parties-consulted-on-2026-framework,https://planningdistilled.org/research/england/nppf-navigator/decisions/PINS-6008840.html
PINS-6009669,"10 Broadgate, Preston (6-bedroom HMO)",Preston,North West,inspector,6009669,06/2026/0279,2026-09-28,dismissed,written-representations,Change of use from a five-bedroom dwelling (C3) to a six-bedroom HMO (C4) in a Grade II listed terrace,change-of-use,,inside-settlement; listed-building-setting,false,n/a,,2026-08,S4; DP3(3),character and living conditions; balance and mix of housing,tier-2; hmo; concentration-policy; s4-within-settlement; s4-2-c-refusal-policy; dp3-refuse-trigger; heritage-no-harm; listed-building; parties-consulted-on-2026-framework,https://planningdistilled.org/research/england/nppf-navigator/decisions/PINS-6009669.html
PINS-6009760,"148 Bradwell Common Boulevard, Milton Keynes (house to 6-bed HMO)",Milton Keynes,South East,inspector,6009760,PLN/2025/2471,2026-09-28,dismissed,written-representations,"Change of use of a terraced house (C3) to a six-bedroom, six-person HMO (C4), already in use",change-of-use,,inside-settlement,false,n/a,,2026-08,DP3(2)(a); DP3(3); S4(2)(c); S4(1),character of the area - mix and balance of the community,tier-2; s4-within-settlement; s4-substantially-outweighed; s4-2-c-refusal-policy; dp3-refuse-trigger; hmo; hmo-concentration; retrospective; psed; parties-consulted-on-2026-framework,https://planningdistilled.org/research/england/nppf-navigator/decisions/PINS-6009760.html
PINS-6009849,"Adj Grassmere, Horseman Side, Navestock (self-build dwelling in garden)",Brentwood,East of England,inspector,6009849,25/01260/OUT,2026-09-28,allowed,written-representations,"Outline (access, layout and scale) for one self-build family dwelling in the garden of a rural house",housing-minor; self-build,1,green-belt; PDL; rural-lane; open-countryside,true,not-argued,4.53,2026-08,GB7(1)(e); S5(5); S5(2); HO7; L2,inappropriate development in the Green Belt; suitability of location and accessibility,pdl-e-limb; pdl-rural-garden; not-inappropriate; s5-5-balance; sustainable-location-fail; rural-lane-no-footway; self-build; self-build-unsecured; housing-shortfall; annex-a-weight-reduction; small-scheme; parties-consulted-on-2026-framework; pd-rights-condition-refused,https://planningdistilled.org/research/england/nppf-navigator/decisions/PINS-6009849.html
PINS-6010253,"Land adjacent Langley Cricket Club, Cock Hall Lane, Langley, Macclesfield (PIP one dwelling)",Cheshire East,North West,inspector,6010253,26/0446/PIP,2026-09-28,dismissed,written-representations,Permission in principle for one dwelling on a 0.1 ha part of an open field beyond the edge of Langley,PIP; housing-minor,1,green-belt; open-countryside; rural-lane; settlement-edge,true,accepted,3.3,2026-08,GB7(1)(g)(iii); TR3; GB6(2),inappropriate development in the Green Belt; accessibility; VSC,PIP; grey-belt-accepted; sustainable-location-fail; rural-lane-no-footway; connectivity-tool; small-scheme; vsc-not-shown; openness-harm; housing-shortfall; parties-consulted-on-2026-framework; old-wording-slip; local-policy-consistency,https://planningdistilled.org/research/england/nppf-navigator/decisions/PINS-6010253.html
PINS-6010339,"52 Eaton Drive, Romford (pair of houses in a rear garden)",Havering,London,inspector,6010339,P1538.25,2026-09-28,dismissed,written-representations,Demolition of a garage and erection of a pair of semi-detached houses fronting Carter Drive in the rear garden of an end-of-terrace house,housing-minor,2,inside-settlement,false,n/a,,2026-08,S4,character and appearance; living conditions,tier-2; s4-within-settlement; s4-substantially-outweighed; design-refusal; living-conditions; garden-land; small-scheme; drafting-slip; parties-consulted-on-2026-framework,https://planningdistilled.org/research/england/nppf-navigator/decisions/PINS-6010339.html
PINS-6010498,"Higher Bal Farm, Higher Bal, St Agnes (PIP, one dwelling)",Cornwall,South West,inspector,6010498,PA25/07856,2026-09-28,dismissed,written-representations,Permission in principle for one dwelling on a former mineworkers' smallholding plot in the hamlet of Higher Bal,housing-minor; PIP,1,open-countryside; national-landscape; rural-lane,false,n/a,,2026-08,HE6(4); DP3(1); DP3(3); S5(1),suitability of location - WHS; transport; spatial strategy; National Landscape,PIP; s5-1-e-infill; world-heritage-site; heritage-harm-decisive; he6-public-benefits-insufficient; dp3-refuse-trigger; rural-lane-no-footway; national-landscape; housing-shortfall; small-scheme; substantially-outweighed; drafting-slip; parties-consulted-on-2026-framework,https://planningdistilled.org/research/england/nppf-navigator/decisions/PINS-6010498.html
PINS-6010642,"Land adjacent 10 Wren Avenue, Sproston, Crewe (PIP one self-build dwelling)",Cheshire West and Chester,North West,inspector,6010642,25/02664/PIP,2026-09-28,dismissed,written-representations,"Permission in principle for one self-build dwelling on garden land at the corner of Wren Avenue and Brereton Lane, outside any settlement",PIP; housing-minor; self-build,1,open-countryside; rural-lane,false,n/a,,2026-08,S5(1)(j)(i); S5(4); TR3,suitable location and accessibility,PIP; s5-1-j; s5-4-exceptional; sustainable-location-fail; rural-lane-no-footway; self-build; small-scheme; housing-shortfall; parties-consulted-on-2026-framework,https://planningdistilled.org/research/england/nppf-navigator/decisions/PINS-6010642.html
PINS-6010727,"1 Boxley Oast, Street Farm, Boxley (garage roof alterations)",Maidstone,South East,inspector,6010727,26/500136/FULL,2026-09-28,dismissed,written-representations,"Raising and remodelling the roof of a detached garage to create a first-floor home office with two front dormers and three rear roof windows, in the curtilage of a converted oast (non-determination)",householder,,conservation-area; national-landscape; settlement-edge,false,n/a,,2026-08,HE6(1); HE6(4),conservation area; NDHA; character and appearance including the National Landscape,tier-2; householder; non-determination; conservation-area; ndha; ndha-harm; national-landscape; heritage-harm-decisive; he6-harm-graded; he6-public-benefits-insufficient; parties-consulted-on-2026-framework; outbuilding,https://planningdistilled.org/research/england/nppf-navigator/decisions/PINS-6010727.html
PINS-6010755,"The Beck and Call, Stainbeck Road, Meanwood, Leeds (outdoor TV screen)",Leeds,Yorkshire and the Humber,inspector,6010755,25/07470/FU,2026-09-28,dismissed,written-representations,An outdoor TV screen in the external seating area of a public house; the screen had already been installed,commercial,,inside-settlement,false,n/a,,2026-08,P3,living conditions of neighbours (noise and disturbance),tier-2; living-conditions; noise; retrospective; plan-led; transitional-no-consultation,https://planningdistilled.org/research/england/nppf-navigator/decisions/PINS-6010755.html
PINS-6011050,"25 Gloucester Circus, Greenwich (LBC)",Greenwich,London,inspector,6011050,25/0326/L,2026-09-28,dismissed,written-representations,"Listed building consent for a first and second floor side extension over the single-storey link, internal reconfiguration, enlarged rear lightwell and other works to a house in a Grade II crescent (appeal B; planning appeal A is 6010332)",listed-building-consent; householder,,inside-settlement; conservation-area; listed-building-setting,false,n/a,,2026-08,HE6(3); HE6(4); HE4(2),special interest of Grade II crescent; West Greenwich Conservation Area,heritage-harm-decisive; he6-harm-graded; he6-public-benefits-insufficient; listed-building-consent; conservation-area; world-heritage-site; fallback; fallback-rejected; overturned-officer-rec; evidence-gap; parties-consulted-on-2026-framework,https://planningdistilled.org/research/england/nppf-navigator/decisions/PINS-6011050.html
PINS-6012304,"Land at Hillberry, Dalefords Lane, Marton, Winsford",Cheshire West and Chester,North West,inspector,6012304,25/01259/FUL,2026-09-28,dismissed,written-representations,Two four-bedroom detached dwellings on a field at the end of ribbon development,housing-minor,2,open-countryside; rural-lane,false,n/a,1.6,2026-08,S5(1)(j)(i); S5(4); TR3; N2,suitable location and accessibility; trees; housing mix; character and appearance,s5-1-j; s5-4-exceptional; settlement-definition; sustainable-location-fail; rural-lane-no-footway; footway-quality; housing-shortfall; small-scheme; tree-loss; parties-consulted-on-2026-framework,https://planningdistilled.org/research/england/nppf-navigator/decisions/PINS-6012304.html
PINS-6012642,"75-79 New Road, Peterborough (23 apartments)",Peterborough,East of England,inspector,6012642,25/01341/FUL,2026-09-28,dismissed,written-representations,Demolition of three detached dwellings and erection of a 2.5-storey L-shaped block of 23 car-free apartments,housing-major,23,inside-settlement,false,n/a,,2026-08,TR6(4); S4,character and appearance; living conditions; highway safety and servicing; protected species; BNG; drainage,s4-within-settlement; s4-substantially-outweighed; design-refusal; tr6-highway-safety; protected-species-surveys-missing; bng-exemption; viability; living-conditions; large-scheme; housing-shortfall; parties-consulted-on-2026-framework,https://planningdistilled.org/research/england/nppf-navigator/decisions/PINS-6012642.html
PINS-6012885,"The Wheel Inn, 13 Main Street, Branston (retained marquee)",Melton,East Midlands,inspector,6012885,24/00722/FUL,2026-09-28,dismissed,written-representations,Retention until July 2029 of a large PVC marquee in a pub paddock for up to 20 events a year,leisure; commercial,,inside-settlement; conservation-area; listed-building-setting,false,n/a,,2026-08,HE6(4); P3; TR6(4); S4,character and appearance including heritage; noise and disturbance; highway safety,tier-2; conservation-area; heritage-harm-decisive; he6-public-benefits-insufficient; tr6-highway-safety; noise; living-conditions; fallback-rejected; retrospective; temporary-permission; old-wording-slip; costs-application; s4-within-settlement; s4-substantially-outweighed; parties-consulted-on-2026-framework,https://planningdistilled.org/research/england/nppf-navigator/decisions/PINS-6012885.html
PINS-6013151,"72-74 High Street, Beckenham (upward roof extension to flats)",Bromley,London,inspector,6013151,26/01563/FPA,2026-09-28,dismissed,written-representations,Single-storey upward extension to enlarge two existing second-floor flats above a restaurant in Beckenham Town Centre Conservation Area,other,,inside-settlement; conservation-area,false,n/a,,2026-08,HE6(4),conservation area,tier-2; upward-extension; conservation-area; heritage-harm-decisive; he6-harm-ungraded; he6-public-benefits-insufficient; private-benefit-not-public; parties-consulted-on-2026-framework,https://planningdistilled.org/research/england/nppf-navigator/decisions/PINS-6013151.html
stratford-26-01447-FUL,"Bridge Farm, Birmingham Road, Kings Coughton",Stratford-on-Avon,West Midlands,lpa-delegated,,26/01447/FUL,2026-09-28,approved,delegated,"Retrospective farm shop building with decking, lighting and parking, and change of use of land to retail",retail; agricultural,,green-belt; open-countryside; valued-landscape,true,not-argued,,2026-08,GB6(2); E4(1)(d),Green Belt inappropriateness; very special circumstances; farm diversification,vsc-shown; retrospective; rural-business; rural-diversification; farm-shop; openness-not-assessed; materially-inconsistent-very-limited-weight; drafting-slip; stratford-relevant,https://planningdistilled.org/research/england/nppf-navigator/decisions/stratford-26-01447-FUL.html
PINS-6004780,"Land at Pear Tree Farm, Alburgh Road, Hempnall Green (PIP, self-build)",South Norfolk,East of England,inspector,6004780,2025/1962,2026-09-25,allowed,written-representations,Permission in principle for one self-build dwelling and an ancillary storage outbuilding on a field in a scattered rural group,PIP; housing-minor; self-build,1,open-countryside; rural-lane,false,n/a,4.85,2026-08,HO7; AnnexB:settlement,character and appearance; location and accessibility; habitats,PIP; self-build; habitats-mitigation; housing-shortfall; small-scheme; rural-lane-no-footway; s5-not-applied; no-s4-s5-analysis; plan-led; parties-consulted-on-2026-framework; hamlet,https://planningdistilled.org/research/england/nppf-navigator/decisions/PINS-6004780.html
PINS-6004873,"37 Eastern Esplanade, Southend-on-Sea (shopfront)",Southend-on-Sea,East of England,inspector,6004873,25/01736/FUL,2026-09-25,dismissed,written-representations,"Replacement restaurant shopfront with full-height aluminium bi-fold glazing (retrospective, with proposed solid infill panels)",commercial,,inside-settlement; conservation-area; listed-building-setting,false,n/a,,2026-08,DP3(1); DP3(3); S4(2)(c); S4,character and appearance; setting of conservation area; setting of listed buildings; non-designated heritage assets,tier-2; s4-within-settlement; s4-substantially-outweighed; s4-2-c-refusal-policy; dp3-refuse-trigger; design-refusal; heritage-no-harm; ndha; shopfront; retrospective; parties-consulted-on-2026-framework,https://planningdistilled.org/research/england/nppf-navigator/decisions/PINS-6004873.html
PINS-6004934,"105 Wellburn Road, Donwell, Washington (hair salon)",Sunderland,North East,inspector,6004934,25/02408/ful,2026-09-25,allowed,written-representations,Front extension and part change of use of a terraced house to a single-chair hair salon,change-of-use; commercial; householder,,inside-settlement,false,n/a,,2026-08,S3,living conditions; highway safety (parking); suitability of location,tier-2; appeal-planning-officer; transitional-no-consultation; limited-nppf-engagement; living-conditions; parking-stress-unevidenced,https://planningdistilled.org/research/england/nppf-navigator/decisions/PINS-6004934.html
PINS-6005670,"47 Huddersfield Road, Mirfield (bank to hot food takeaway)",Kirklees,Yorkshire and the Humber,inspector,6005670,2025/62/90487/E,2026-09-25,allowed,written-representations,Change of use of a vacant bank (Class E) to a hot food takeaway (sui generis) with extract equipment and external alterations,commercial; change-of-use,,inside-settlement; listed-building-setting,false,n/a,,2026-08,TR6(4),highway and pedestrian safety; living conditions,tier-2; tr6-highway-safety; fallback; costs-application; parties-consulted-on-2026-framework; limited-nppf-engagement,https://planningdistilled.org/research/england/nppf-navigator/decisions/PINS-6005670.html
PINS-6006018,"454-456 Blackpool Road, Preston (3 retail units and 6 flats on a corner plot)",Preston,North West,inspector,6006018,06/2025/1192,2026-09-25,dismissed,written-representations,"New building with 3 retail units (Class E) on the ground floor and 6 apartments above and in the roof space, on a cleared corner plot",housing-minor; retail,6,inside-settlement; PDL,false,n/a,,2026-08,S4(1); L2(1)(d)(i),character and appearance; living conditions of neighbours (noise; outlook and privacy),s4-within-settlement; s4-substantially-outweighed; design-refusal; l2-1-d; e2-substantial-weight; l2-substantial-weight; brownfield; small-scheme; parties-consulted-on-2026-framework,https://planningdistilled.org/research/england/nppf-navigator/decisions/PINS-6006018.html
PINS-6006497,"Land at Mount Avenue, Chaldon (Caterham edge)",Tandridge,South East,inspector,6006497,TA/2025/771,2026-09-25,allowed,inquiry,"Outline permission (scale, layout and access) for up to 30 dwellings (50% affordable) with access, landscaping, SuDS and woodland open space",housing-major; affordable-led,30,green-belt; settlement-edge; washed-over-village; ancient-woodland,true,accepted,1.97,2026-08,GB7(1)(g)(iii); TR3; GB7(1)(g); GB8; S5(5),grey belt; Golden Rules; sustainable location; S5(5) balance,grey-belt-accepted; not-inappropriate; s5-5-balance; sustainable-location-pass; connectivity-tool; golden-rules; large-scheme; affordable-led; housing-shortfall; non-determination; materially-inconsistent-very-limited-weight; costs-application; parties-consulted-on-2026-framework; stratford-relevant,https://planningdistilled.org/research/england/nppf-navigator/decisions/PINS-6006497.html
PINS-6006825,"Land to rear of Pets Pantry, Guildford Road, Cranleigh",Waverley,South East,inspector,6006825,WA/2025/01415,2026-09-25,dismissed,written-representations,Erection of a detached dwelling on backland behind a street-fronting row,housing-minor,1,inside-settlement,false,n/a,1.28,2026-08,DP3(3); S4(2)(c); S4,character and appearance; living conditions; trees; biodiversity; drainage,s4-within-settlement; s4-substantially-outweighed; s4-2-c-refusal-policy; dp3-refuse-trigger; design-refusal; backland; housing-shortfall; small-scheme; l2-1-d; obligation-unsecured; parties-consulted-on-2026-framework,https://planningdistilled.org/research/england/nppf-navigator/decisions/PINS-6006825.html
PINS-6007133,"Land at Brock, Garstang Road (A6), Bilsborrow",Wyre,North West,inspector,6007133,22/00612/OUTMAJ,2026-09-25,dismissed,hearing,"Outline (access, layout and scale) for commercial units in Class E(g)(ii)/(iii) and/or B8 on a 2.44 ha field, with A6 access",employment; commercial,,settlement-edge; open-countryside; TPO,false,n/a,,2026-08,DP3(1); DP3(3); S5(2); S5(1)(j)(i); E4(2),character and appearance; suitable location and spatial strategy,s5-1-j; s5-2-refusal-policy; dp3-refuse-trigger; design-refusal; landscape-harm; e2-substantial-weight; rural-business; parties-consulted-on-2026-framework; plan-led; drafting-slip; local-policy-consistency,https://planningdistilled.org/research/england/nppf-navigator/decisions/PINS-6007133.html
PINS-6007183,"Glebe Court, Glebe Way, West Wickham (McCarthy Stone retirement living)",Bromley,London,inspector,6007183,24/02895/FULL1,2026-09-25,allowed,hearing,"Redevelopment of former care home as part 3 / part 4 storey building of 34 one and two bedroom retirement living units with communal facilities, parking and landscaping",housing-major; specialist-housing,34,inside-settlement; PDL,false,n/a,1.93,2026-08,S4; HO7; P3,future occupier living conditions; neighbour living conditions; fire safety; affordable housing and viability,s4-within-settlement; s4-approve; specialist-housing; housing-shortfall; large-scheme; viability; living-conditions; parties-consulted-on-2026-framework; material-considerations-outweigh-plan; drafting-slip,https://planningdistilled.org/research/england/nppf-navigator/decisions/PINS-6007183.html
PINS-6007335,"Lawn Cottage, Wakering Road, Southend-on-Sea (rebuilt commercial unit)",Southend-on-Sea,East of England,inspector,6007335,25/00963/FUL,2026-09-25,allowed,written-representations,"Retrospective rebuild of commercial units (light industrial, Class E(g)(iii)) on PDL replacing an open-sided storage structure",commercial; employment,,green-belt; PDL; listed-building-setting,true,not-argued,,2026-08,GB7(1)(e),inappropriate development in the Green Belt,pdl-e-limb; not-inappropriate; openness-harm; retrospective; materially-inconsistent-very-limited-weight; heritage-no-harm; parties-consulted-on-2026-framework; drafting-slip; tier-2,https://planningdistilled.org/research/england/nppf-navigator/decisions/PINS-6007335.html
PINS-6007582,"Former Revolution Bar, Maxwell Road, Beaconsfield",Buckinghamshire,South East,inspector,6007582,PL/25/1579/FA,2026-09-25,dismissed,written-representations,"Demolition of former bar and erection of part 3 / part 5 storey building of 28 flats with flexible Class E ground floor, parking, cycle parking and landscaping",housing-major; commercial,28,inside-settlement; PDL,false,n/a,,2026-08,F7; DP3(3); S4(2)(c),surface water flooding; neighbour living conditions; obligations,s4-within-settlement; s4-2-c-refusal-policy; dp3-refuse-trigger; flood-risk; living-conditions; housing-shortfall; affordable-led; habitats-mitigation; costs-application; parties-consulted-on-2026-framework; drafting-slip,https://planningdistilled.org/research/england/nppf-navigator/decisions/PINS-6007582.html
PINS-6007619,"Eden Grove, 17-51 London Road, Staines-upon-Thames (s73 parking reduction)",Spelthorne,South East,inspector,6007619,25/01245/RVC,2026-09-25,allowed,written-representations,"s73 variation of parking conditions 3 and 20 on a 467-home scheme, cutting residential parking (ratio 0.7 to 0.51 across the wider site) and reallocating 35 basement spaces to commercial use (Appeal A; linked Appeal B 6007620 for the 173-home phase)",housing-major; s73-variation,467,inside-settlement; near-station,false,n/a,,2026-08,TR2(2); TR6(4),highway safety and parking,tier-2; parties-consulted-on-2026-framework; s73-variation; parking; connectivity-tool; large-scheme; new-local-plan,https://planningdistilled.org/research/england/nppf-navigator/decisions/PINS-6007619.html
PINS-6007620,"Eden Grove, 15-51 London Road, Staines-upon-Thames (parking conditions, Appeal B)",Spelthorne,South East,inspector,6007620,25/01244/RVC,2026-09-25,allowed,written-representations,"Section 73 variation of parking conditions 3 and 21 on a 173-home extension to the Eden Grove scheme, reducing residential parking and reallocating spaces to commercial use",housing-major; change-of-use,173,inside-settlement; near-station,false,n/a,,2026-08,TR6(4); TR2(2),highway safety and parking,s73-variation; parking; connectivity-tool; parties-consulted-on-2026-framework; large-scheme; tier-2,https://planningdistilled.org/research/england/nppf-navigator/decisions/PINS-6007620.html
PINS-6008026,"3 Kimberley Street, Wigan (house to 5-bed HMO)",Wigan,North West,inspector,6008026,A/25/099971/FULL,2026-09-25,dismissed,written-representations,"Change of use of a two-bedroom terraced house (C3) to a five-person small HMO (C4), retrospective",change-of-use,,inside-settlement,false,n/a,,2026-08,P3; S4(1),living conditions of neighbours and parking; living conditions of future occupiers,tier-2; s4-within-settlement; s4-substantially-outweighed; hmo; retrospective; parties-consulted-on-2026-framework,https://planningdistilled.org/research/england/nppf-navigator/decisions/PINS-6008026.html
PINS-6008859,"Land south of The Elms, Chatteris (152 homes, A142 access)",Fenland,East of England,inspector,6008859,F/YR23/0697/FDL,2026-09-25,allowed,written-representations,"152 two-storey dwellings with new accesses off the A142, LEAP, open space and landscaping, on part of the East Chatteris Strategic Allocation",housing-major,152,inside-settlement; listed-building-setting; TPO,false,n/a,,2026-08,TR6(4); HE6(4); S4,highway safety and capacity; heritage (listed buildings; NDHA parkland),s4-within-settlement; s4-approve; large-scheme; tr6-highway-safety; heritage-harm-outweighed; ndha; costs-application; transitional-no-consultation,https://planningdistilled.org/research/england/nppf-navigator/decisions/PINS-6008859.html
PINS-6009076,"74-76 Coombe Road, New Malden",Kingston upon Thames,London,inspector,6009076,24/02949/FUL,2026-09-25,dismissed,written-representations,"Redevelopment of a builders' merchants for 20 flats in five buildings and 61.7 sqm commercial space, with no affordable housing",housing-major; commercial,20,inside-settlement; PDL,false,n/a,1.48,2026-08,S4(1); S4(2)(a)(i); HO8; DM5,employment floorspace and industrial land; affordable housing; parking and access,s4-within-settlement; s4-substantially-outweighed; employment-land-safeguarding; viability; housing-shortfall; large-scheme; costs-application; parties-consulted-on-2026-framework,https://planningdistilled.org/research/england/nppf-navigator/decisions/PINS-6009076.html
PINS-6009487,"Serif House, 10 Dudley Street, Luton",Luton,East of England,inspector,6009487,25/01306/FUL,2026-09-25,dismissed,written-representations,"Raised roof, first-floor side extension and six dormers to convert an office building to four flats",housing-minor; change-of-use,4,inside-settlement; PDL,false,n/a,,2026-08,DP3(3); S4(2)(c); L2(1)(d); S4,character and appearance and CA setting; future occupiers' living conditions; neighbours' living conditions; BNG,s4-within-settlement; s4-substantially-outweighed; s4-2-c-refusal-policy; dp3-refuse-trigger; design-refusal; living-conditions; flat-conversion; upward-extension; heritage-no-harm; conservation-area-setting; bng-exemption; small-scheme; parties-consulted-on-2026-framework,https://planningdistilled.org/research/england/nppf-navigator/decisions/PINS-6009487.html
PINS-6009517,"Fairfield Cottage, Cross in Hand Road, Heathfield",Wealden,South East,inspector,6009517,WD/2025/0828/O,2026-09-25,dismissed,written-representations,"Outline (access and layout) for two self-build/custom-build dwellings in the side garden of Fairfield Cottage, using an existing access off Herring Lane near the A267",housing-minor; self-build,2,settlement-edge; national-landscape,false,n/a,3.44,2026-08,TR6(4); S5(1)(j),highway safety; flood risk,s5-1-j; tr6-highway-safety; highway-safety-decisive; self-build; housing-shortfall; small-scheme; garden-land; plan-making-policy-as-harm; parties-consulted-on-2026-framework,https://planningdistilled.org/research/england/nppf-navigator/decisions/PINS-6009517.html
PINS-6009808,"58 and 60 Waverley Road, St Albans (former sports and social club)",St Albans,East of England,inspector,6009808,5/25/0057,2026-09-25,dismissed,written-representations,"Redevelopment of a cleared former sports and social club site with four houses (2 x 3-bed, 2 x 2-bed)",housing-minor,4,inside-settlement; PDL,false,n/a,1.12,2026-08,DP3(3); DP3(1); TR3(1)(c); S4,loss of community use; character and appearance; neighbours' living conditions; amenity space; parking and highway safety,s4-within-settlement; s4-substantially-outweighed; dp3-refuse-trigger; design-refusal; backland; community-facility; living-conditions; housing-shortfall; new-local-plan; drafting-slip; costs-application; small-scheme; parties-consulted-on-2026-framework,https://planningdistilled.org/research/england/nppf-navigator/decisions/PINS-6009808.html
PINS-6009990,"Land south of Park Farm, Whalley, Wiswell",Ribble Valley,North West,inspector,6009990,3/2026/0190,2026-09-25,dismissed,written-representations,Permission in principle for one self-build dwelling replacing an agricultural barn,PIP; housing-minor; self-build,1,open-countryside,false,n/a,,2026-08,S5(1)(j)(i); S5(1),suitability of site for residential development,PIP; appeal-planning-officer; s5-1-j; sustainable-location-fail; self-build-unsecured; class-q-fallback; infill-rejected; small-scheme; transitional-no-consultation,https://planningdistilled.org/research/england/nppf-navigator/decisions/PINS-6009990.html
PINS-6010342,"The Firs Country Park, West End Road, Boston (workshop to holiday let)",Boston,East Midlands,inspector,6010342,B/25/0346,2026-09-25,allowed,written-representations,Change of use of an existing single-storey workshop to holiday let accommodation with external alterations and acoustic screening,change-of-use; leisure; conversion,,open-countryside; flood-zone-3,false,n/a,,2026-08,P3,living conditions - noise; disturbance and privacy,tier-2; limited-nppf-engagement; flood-risk; fallback; costs-application; parties-consulted-on-2026-framework,https://planningdistilled.org/research/england/nppf-navigator/decisions/PINS-6010342.html
PINS-6010408,"Pigeon Farm Cottage, Cold Harbour Lane, Bobbing",Swale,South East,inspector,6010408,25/502501/FULL,2026-09-25,dismissed,written-representations,"Temporary (three-year, retrospective) change of use of garden land to store plant, machinery and equipment",change-of-use; employment,,open-countryside,false,n/a,,2026-08,S5(1)(b); S5(4),suitable location; character and appearance,tier-2; s5-1-b-necessity; s5-4-exceptional; alternative-sites; retrospective; temporary-permission; local-policy-consistency; parties-consulted-on-2026-framework,https://planningdistilled.org/research/england/nppf-navigator/decisions/PINS-6010408.html
PINS-6010537,"Land to rear of 6-12 Long Lane, Newtown, South Staffordshire",South Staffordshire,West Midlands,inspector,6010537,26/00161/PIP,2026-09-25,allowed,written-representations,Permission in principle for residential development of 4 to 5 dwellings in rear gardens,PIP; housing-minor,5,green-belt; settlement-edge,true,accepted,0.87,2026-08,GB7(1)(g); S5(5),inappropriate development in Green Belt; suitability incl. Cannock Chase SAC,PIP; grey-belt-accepted; not-inappropriate; s5-5-balance; village-not-large-built-up-area; garden-land; habitats-mitigation; housing-shortfall; small-scheme; old-balance-wording; old-wording-slip; drafting-slip; annex-a-weight-reduction; costs-application,https://planningdistilled.org/research/england/nppf-navigator/decisions/PINS-6010537.html
PINS-6010645,"Nunns, 60 Market Street, Old Harlow (listed building consent)",Harlow,East of England,inspector,6010645,HW/LBC/26/00066,2026-09-25,dismissed,written-representations,"Listed building consent for a single-storey rear and side extension to a Grade II listed house, replacing a rebuilt store",listed-building-consent; householder,,inside-settlement; conservation-area,false,n/a,,2026-08,HE6(4); HE4(2),special interest of Grade II listed building; character of Old Harlow Conservation Area,listed-building-consent; he6-harm-graded; he6-public-benefits-insufficient; heritage-harm-decisive; private-benefit-not-public; conservation-area; parties-consulted-on-2026-framework; tier-2,https://planningdistilled.org/research/england/nppf-navigator/decisions/PINS-6010645.html
PINS-6010709,"3 Nursery, Hoe Lane, Nazeing (vehicle storage)",Epping Forest,East of England,inspector,6010709,EPF/0353/26,2026-09-25,dismissed,written-representations,Retrospective use of 1.3 ha of land for storage of up to 120 vehicles awaiting repair (B8 open storage),employment; change-of-use,,green-belt; open-countryside,true,accepted,,2026-08,GB7(1)(g)(ii); GB6(2),inappropriate development; openness; VSC,grey-belt-accepted; unmet-need-type-specific; unmet-need-evidence-fail; non-housing-grey-belt; vsc-not-shown; openness-harm; retrospective; infill-rejected; parties-consulted-on-2026-framework,https://planningdistilled.org/research/england/nppf-navigator/decisions/PINS-6010709.html
PINS-6010766,"Home Lea, 15 High Street, Alconbury Weston (listed building consent)",Huntingdonshire,East of England,inspector,6010766,25/02284/LBC,2026-09-25,allowed,written-representations,"Listed building consent to demolish a modern outhouse, add a single-storey rear extension and a three-bay open barn to a timber outbuilding at a Grade II house (Appeal B; the householder Appeal A is 6011362)",listed-building-consent; householder,,inside-settlement; conservation-area; listed-building-setting,false,n/a,,2026-08,HE6; HE9,special interest of the listed building; conservation area,tier-2; listed-building-consent; heritage-no-harm; transitional-no-consultation; linked-appeals,https://planningdistilled.org/research/england/nppf-navigator/decisions/PINS-6010766.html
PINS-6010811,"Footpath outside 100 High Street, Bromley (BT Street Hub)",Bromley,London,inspector,6010811,26/00380/FPA,2026-09-25,dismissed,written-representations,BT Street Hub with illuminated advertisement panels on the pedestrianised High Street (Appeal A planning; Appeal B 6010812 advertisement consent 26/00455/ADV),telecoms; advertisement,,inside-settlement; conservation-area,false,n/a,,2026-08,HE6(4); CO1; S4(1),character and appearance and conservation area; amenity (advert),tier-2; street-hub; bt-street-hub; telecoms; digital-advertising; co1-substantial-weight; s4-within-settlement; s4-substantially-outweighed; heritage-harm-decisive; he6-public-benefits-insufficient; conservation-area; parties-consulted-on-2026-framework,https://planningdistilled.org/research/england/nppf-navigator/decisions/PINS-6010811.html
PINS-6010911,"Beechwood House, Willoughby Road, West Willoughby",South Kesteven,East Midlands,inspector,6010911,S26/0178,2026-09-25,dismissed,written-representations,One (claimed self-build) dwelling on a paddock between two houses in the 15-house hamlet of West Willoughby,housing-minor; self-build,1,open-countryside,false,n/a,,2026-08,BNG (Sch 7A TCPA),biodiversity gain condition; location; character and appearance,s5-1-e-infill; hamlet; settlement-definition; materially-inconsistent-very-limited-weight; bng-exemption-not-shown; bng-self-build-exemption; self-build-unsecured; housing-shortfall; small-scheme; drafting-slip; parties-consulted-on-2026-framework,https://planningdistilled.org/research/england/nppf-navigator/decisions/PINS-6010911.html
PINS-6011008,"8 Shepherd House, Shepherd House Farm, Luddenden (extension to listed farmhouse, Appeal A)",Calderdale,Yorkshire and the Humber,inspector,6011008,26/00038/HSE,2026-09-25,dismissed,householder,Demolition of conservatory and two-storey side extension to a Grade II listed farmhouse in the Green Belt,householder,,green-belt; listed-building-setting; open-countryside,true,n/a,,2026-08,HE6(4); S5(5); S5(2),special interest of Grade II listed building; Special Landscape Area,householder; householder-gb; heritage-harm-decisive; he6-harm-graded; he6-public-benefits-insufficient; private-benefit-not-public; s5-5-balance; not-inappropriate; original-building-baseline; parties-consulted-on-2026-framework; drafting-slip; tier-2,https://planningdistilled.org/research/england/nppf-navigator/decisions/PINS-6011008.html
PINS-6011013,"8 Shepherd House, Shepherd House Farm, Luddenden (listed building consent)",Calderdale,Yorkshire and the Humber,inspector,6011013,26/00039/LBC,2026-09-25,dismissed,written-representations,"Listed building consent to replace a conservatory with a two-storey side extension, remove paint and cement render, repoint in lime, apply lime harling and make internal alterations to a Grade II 1745 farmhouse (Appeal B; planning Appeal A is PINS-6011008)",listed-building-consent; householder,,green-belt; listed-building-setting; valued-landscape,true,n/a,,2026-08,HE6(4); HE6(3),special interest of the listed building,tier-2; listed-building-consent; heritage-harm-decisive; he6-harm-graded; he6-public-benefits-insufficient; private-benefit-not-public; parties-consulted-on-2026-framework; linked-appeals,https://planningdistilled.org/research/england/nppf-navigator/decisions/PINS-6011013.html
PINS-6011227,"Land west of The Charters, Greatford Road, Uffington (Stamford)",South Kesteven,East Midlands,inspector,6011227,S25/1912,2026-09-25,dismissed,written-representations,Outline residential development (access only; indicative layout for six dwellings) on a long narrow garden and paddock plot in the Uffington Conservation Area,housing-minor,6,settlement-edge; conservation-area,false,n/a,,2026-08,HE6(4); DP3(3); S4; S5(1)(j),character and appearance and the conservation area; location,s3-2-split-site; s5-1-j; s4-within-settlement; conservation-area; heritage-harm-decisive; he6-harm-graded; he6-public-benefits-insufficient; dp3-refuse-trigger; materially-inconsistent-very-limited-weight; overturned-officer-rec; housing-shortfall; small-scheme; drafting-slip; parties-consulted-on-2026-framework,https://planningdistilled.org/research/england/nppf-navigator/decisions/PINS-6011227.html
PINS-6011410,"236 Hawkes Mill Lane, Coventry",Coventry,West Midlands,inspector,6011410,PL/2025/0001991/PIP,2026-09-25,allowed,written-representations,Permission in principle (stage 1) for a single dwelling,PIP; housing-minor,1,green-belt; settlement-edge,true,accepted,,2026-08,GB7(1)(g); TR3,inappropriate development in Green Belt; sustainable location,PIP; grey-belt-accepted; not-inappropriate; sustainable-location-pass; hdt-below-75; small-scheme; psed; parties-consulted-on-2026-framework,https://planningdistilled.org/research/england/nppf-navigator/decisions/PINS-6011410.html
PINS-6011882,"Merienda, Greenhill Road, Elton (replacement dwelling)",Huntingdonshire,East of England,inspector,6011882,26/00660/FUL,2026-09-25,dismissed,written-representations,Demolition of a single-storey dwelling and erection of a larger Georgian-style self-build replacement dwelling with garaging,householder; replacement-dwelling; self-build,1,inside-settlement; settlement-edge,false,n/a,,2026-08,F4(2)(c); F7; DP3(1); DP3(3); S4(2)(c); S4(1),flood risk; character and appearance,tier-2; s4-within-settlement; s4-substantially-outweighed; s4-2-c-refusal-policy; dp3-refuse-trigger; design-refusal; flood-risk; evidence-gap; self-build; psed; drafting-slip; parties-consulted-on-2026-framework,https://planningdistilled.org/research/england/nppf-navigator/decisions/PINS-6011882.html
PINS-6011888,"Heather Lodge, 2 Old Acre Lane, Brocton, Stafford",Stafford,West Midlands,inspector,6011888,25/40867/FUL,2026-09-25,dismissed,written-representations,"Replacement of a single-storey dwelling with a two-storey, double-gabled, timber-clad dwelling (self-build declared) in Cannock Chase National Landscape",replacement-dwelling; self-build,1,inside-settlement; national-landscape,false,n/a,,2026-08,DP3(3); DP3(1); S4(2)(c),character and appearance,replacement-dwelling; self-build; design-refusal; dp3-refuse-trigger; s4-within-settlement; s4-2-c-refusal-policy; national-landscape; drafting-slip; costs-application; parties-consulted-on-2026-framework,https://planningdistilled.org/research/england/nppf-navigator/decisions/PINS-6011888.html
PINS-6011889,"Maisie Cottage, Bottrells Lane, Chalfont St Giles (stable to dwelling)",Buckinghamshire,South East,inspector,6011889,PL/25/4593/FA,2026-09-25,dismissed,written-representations,"Conversion and single-storey side extension of a stable building to a one-bedroom dwelling, with a new garden, gravel driveway and boundary hedging",housing-minor; conversion,1,green-belt; national-landscape; open-countryside; rural-lane,true,not-argued,,2026-08,GB6(2); GB7(1)(f)(iii); N4,whether inappropriate development in the Green Belt and effect on openness; Chilterns National Landscape; very special circumstances,vsc-not-shown; openness-harm; residential-curtilage; national-landscape; housing-shortfall; small-scheme; conversion; materially-inconsistent-very-limited-weight; previous-appeal-followed,https://planningdistilled.org/research/england/nppf-navigator/decisions/PINS-6011889.html
PINS-6011893,"25 Essex Road, Dartford (Class MA, nursery to house)",Dartford,South East,inspector,6011893,DA/26/00001/PMA,2026-09-25,dismissed,written-representations,Prior approval under GPDO Class MA for change of use of a closed day nursery (Class E) to one 4/5-bedroom house,change-of-use; housing-minor,1,inside-settlement,false,n/a,,2026-08,GPDO Sch2 Pt3 Class MA MA.2(2)(h); HC6(1),noise from commercial premises; loss of registered nursery,tier-2; prior-approval; class-ma; community-facility; evidence-gap; parties-consulted-on-2026-framework,https://planningdistilled.org/research/england/nppf-navigator/decisions/PINS-6011893.html
PINS-6012303,"Land north of Scrubs Farm, Lower Gravel Road, Bromley (padel courts)",Bromley,London,inspector,6012303,25/05644/FPA,2026-09-25,allowed,written-representations,"Four outdoor padel courts with 3 to 4 m mesh and glass enclosures and integrated floodlights, a WC and office building, access, fencing, landscaping and 15 parking spaces",leisure,,green-belt; settlement-edge,true,not-argued,,2026-08,GB7(1)(f)(iv),whether inappropriate development in the Green Belt; very special circumstances,not-inappropriate; outdoor-recreation-facilities; openness-minimised-test; local-plan-gb-policy-out-of-date; grey-belt-not-needed; parties-consulted-on-2026-framework,https://planningdistilled.org/research/england/nppf-navigator/decisions/PINS-6012303.html
PINS-6012328,Pavement outside 137 Chiswick High Road (BT Street Hub),Hounslow,London,inspector,6012328,P/2026/0937,2026-09-25,dismissed,written-representations,"BT Street Hub with two 75-inch digital advert screens and removal of a BT kiosk, on the footway in the Chiswick High Road Conservation Area (Appeal A; linked advertisement Appeal B 6012330 also dismissed)",telecoms; advertisement,,inside-settlement; conservation-area,false,n/a,,2026-08,HE6(4); TR4; S4,amenity and conservation area; public safety,tier-2; bt-street-hub; street-hub; telecoms; digital-advertising; conservation-area; heritage-harm-decisive; he6-harm-graded; he6-public-benefits-insufficient; alternatives-not-explored; inclusive-access; s4-within-settlement; s4-substantially-outweighed; parties-consulted-on-2026-framework,https://planningdistilled.org/research/england/nppf-navigator/decisions/PINS-6012328.html
PINS-6014625,"65A Bedford Road, Reading (rear dormer)",Reading,South East,inspector,6014625,PL/26/0588,2026-09-25,dismissed,written-representations,Rear elevation dormer extension and internal alterations on a prominent corner building,householder,,inside-settlement,false,n/a,,2026-08,DP3(1),character and appearance,tier-2; householder; design-refusal; plan-led; transitional-no-consultation,https://planningdistilled.org/research/england/nppf-navigator/decisions/PINS-6014625.html
stratford-26-01894-PIP,"Land to the rear of Edoras, Banbury Road, Pillerton Priors",Stratford-on-Avon,West Midlands,lpa-committee,,26/01894/PIP,2026-09-25,refused,committee,Permission in principle for 3 to 5 dwellings in the rear garden of a house,PIP; housing-minor,5,inside-settlement; settlement-edge,false,n/a,2.21,2026-08,S4(1); L2(1)(d); DP3; N2(1)(a),character and landscape; development within a residential curtilage; S4 balance; member overturn,PIP; overturned-officer-rec; s4-within-settlement; s4-substantially-outweighed; backland; garden-land; l2-1-d-curtilage; s4-2-a-ii-not-applied; design-refusal; previous-appeal-dismissed; housing-shortfall; small-scheme; minutes-not-published; stratford-relevant,https://planningdistilled.org/research/england/nppf-navigator/decisions/stratford-26-01894-PIP.html
PINS-6005590,"2 Highbury Grove Court, Islington (basement conversion to two flats)",Islington,London,inspector,6005590,P2024/0895,2026-09-24,dismissed,written-representations,Conversion of the southern portion of a basement to residential units with a courtyard-level entrance (amended from three units to two),housing-minor; conversion,2,inside-settlement,false,n/a,,2026-08,DP3(3); S4(2)(c); S4,living conditions; inclusive design and step-free access; sustainability information,s4-within-settlement; s4-2-c-refusal-policy; dp3-refuse-trigger; inclusive-access; psed; housing-shortfall; small-scheme; parties-consulted-on-2026-framework; old-wording-slip,https://planningdistilled.org/research/england/nppf-navigator/decisions/PINS-6005590.html
PINS-6005594,"Contec House, East Street, Farnham (takeaway opening hours)",Waverley,South East,inspector,6005594,WA/2025/01751,2026-09-24,dismissed,written-representations,"Section 73 variation of opening-hours condition on a hot food takeaway to 1000-0200 (Sun-Thu) and 1000-0300 (Fri-Sat), deliveries only after midnight",commercial; change-of-use,,inside-settlement,false,n/a,,2026-08,P3; S4,living conditions; noise and disturbance,s4-within-settlement; s4-substantially-outweighed; e2-substantial-weight; hot-food-takeaway; noise-night-time; living-conditions; s73-variation; parties-consulted-on-2026-framework; tier-2,https://planningdistilled.org/research/england/nppf-navigator/decisions/PINS-6005594.html
PINS-6005904,"Upper Flat, 23 Ronalds Road, Highbury (extension over outrigger)",Islington,London,inspector,6005904,P2025/2735/FUL,2026-09-24,allowed,written-representations,"Extension above an existing rear two-storey outrigger, enlarged rear box dormer, rooflight and replacement rear windows to an upper-floor flat in a Victorian terrace",householder,,inside-settlement,false,n/a,,2026-08,S4; L2(1)(d); DP3(1),character and appearance,tier-2; s4-within-settlement; s4-approve; l2-airspace; l2-substantial-weight; upward-extension; design-refusal; plan-conflict-overridden; material-considerations-outweigh-plan; flat-conversion; transitional-no-consultation,https://planningdistilled.org/research/england/nppf-navigator/decisions/PINS-6005904.html
PINS-6005950,"111-115 Grainger Street, Newcastle (first-floor flat by market flue)",Newcastle upon Tyne,North East,inspector,6005950,2025/0080/01/DET,2026-09-24,dismissed,written-representations,"Change of use of first-floor staff room and office (Class E) to one flat (C3), with window, ventilation and storage works, in a Grade I listed building",housing-minor; change-of-use; conversion,1,inside-settlement; conservation-area; listed-building-setting,false,n/a,,2026-08,P3; P4,living conditions of future occupiers (noise and odour); agent of change,agent-of-change; living-conditions; noise; flat-conversion; listed-building; heritage-no-harm; transitional-no-consultation; limited-nppf-engagement; tier-2,https://planningdistilled.org/research/england/nppf-navigator/decisions/PINS-6005950.html
PINS-6007338,"Sky Farm, New Years Lane, Knockholt (agricultural building)",Bromley,London,inspector,6007338,25/04473/FPA,2026-09-24,allowed,written-representations,"Retention of an agricultural building for hay and straw storage, farm equipment and lambing (Appeal A; hard surfacing Appeal B is PINS-6007340)",agricultural,,green-belt; open-countryside,true,not-argued,,2026-08,GB7(1)(a); S3(1)(c),inappropriate development in the Green Belt,tier-2; agricultural-building; not-inappropriate; retrospective; costs-application; linked-appeals; parties-consulted-on-2026-framework,https://planningdistilled.org/research/england/nppf-navigator/decisions/PINS-6007338.html
PINS-6007340,"Sky Farm, New Years Lane, Knockholt (Appeal B - hard surfacing)",Bromley,London,inspector,6007340,25/04474/FPA,2026-09-24,allowed,written-representations,"Retention of hard surface for vehicles and farming equipment, access and disabled access around an existing agricultural barn (Appeal B; Appeal A 6007338 is the barn itself)",agricultural,,green-belt; open-countryside,true,not-argued,,2026-08,GB7(1)(f)(i); S3(1)(c),whether inappropriate development in the Green Belt,tier-2; not-inappropriate; agricultural-building; s3-1-c; costs-application; retrospective; parties-consulted-on-2026-framework,https://planningdistilled.org/research/england/nppf-navigator/decisions/PINS-6007340.html
PINS-6007434,"207 Lower Blandford Road, Broadstone (3 flats to the rear)","Bournemouth, Christchurch and Poole",South West,inspector,6007434,P/25/02928/FUL,2026-09-24,dismissed,written-representations,"Three-storey block of three flats with cycle and bin store and parking, behind a commercial building with flats above",housing-minor,3,inside-settlement; PDL,false,n/a,2.55,2026-08,S4; DP3(3); P3; L2(1)(d)(ii),living conditions of neighbours; living conditions of future occupiers; biodiversity net gain,tier-2; s4-within-settlement; s4-substantially-outweighed; dp3-refuse-trigger; living-conditions; backland; fallback; housing-shortfall; small-scheme; l2-residential-curtilage; plan-policy-consistent-full-weight; parties-consulted-on-2026-framework,https://planningdistilled.org/research/england/nppf-navigator/decisions/PINS-6007434.html
PINS-6007698,"1C Wickenden Road, Sevenoaks (s73, grey roof tiles on approved extensions)",Sevenoaks,South East,inspector,6007698,25/03503/CONVAR,2026-09-24,dismissed,written-representations,"Section 73 application to vary the materials condition on a householder permission for extensions (25/01916/HOUSE), to use smooth grey concrete roof tiles in place of tiles matching the existing red roof",householder,,inside-settlement,false,n/a,,2026-08,DP3(1); DP3(3); S4(2)(c),character and appearance of the area,householder; s73-variation; s73-scope; dp3-refuse-trigger; s4-2-c-refusal-policy; s4-substantially-outweighed; s4-within-settlement; design-refusal; parties-consulted-on-2026-framework,https://planningdistilled.org/research/england/nppf-navigator/decisions/PINS-6007698.html
PINS-6007730,"Land to the rear of 137 Station Road, Hesketh Bank (PIP, up to 4 homes)",West Lancashire,North West,inspector,6007730,2025/0778/PIP,2026-09-24,allowed,written-representations,Permission in principle for up to 4 dwellings on 0.14 ha comprising the driveway and front lawn of a semi-detached house and a two-storey brick building and yard to the rear,housing-minor; PIP,4,inside-settlement,false,n/a,,2026-08,S4(1); S4(2)(a)(ii); L2(1)(d); L3,whether the site is suitable for the amount of development proposed,PIP; s4-within-settlement; s4-approve; l2-1-d-curtilage; garden-infill; small-scheme; drafting-slip; costs-application; parties-consulted-on-2026-framework,https://planningdistilled.org/research/england/nppf-navigator/decisions/PINS-6007730.html
PINS-6007772,"The Lamb Inn, Lambs Green, Rusper (coach house, two units)",Horsham,South East,inspector,6007772,DC/25/0657,2026-09-24,allowed,written-representations,Detached coach house containing two residential units on part of the car park of a former public house (itself being converted to six flats),housing-minor,2,open-countryside; PDL; rural-lane,false,n/a,1.7,2026-08,S5(1)(d); HO7; S5,spatial strategy and access to services; character and appearance; drainage,s5-1-d-pdl; substantially-outweighed; housing-shortfall; small-scheme; rural-lane-no-footway; car-dependence-moderate; parties-consulted-on-2026-framework; drafting-slip; plan-conflict-overridden,https://planningdistilled.org/research/england/nppf-navigator/decisions/PINS-6007772.html
PINS-6008238,"Land North of A507, West of A10, Buntingford",East Hertfordshire,East of England,inspector,6008238,3/24/0966/OUT,2026-09-24,allowed,inquiry,"Outline, access only, for up to 600 dwellings (40% affordable, 1% self-build), 60 elderly units, mixed-use local centre, first school, about 25 ha open space and country park, access from the A507 and bridges over the A10",housing-strategic; housing-major; affordable-led; specialist-housing,660,open-countryside; settlement-edge; agricultural-land-BMV; listed-building-setting,false,n/a,2.88,2026-08,S5(1)(j); S5(1)(j)(i); TR3; Transitional(2); HO7,highway safety of A10 crossing; sustainable location; landscape character; infrastructure; S5 balance,large-scheme; s5-1-j; sustainable-location-pass; connectivity-tool; housing-shortfall; materially-inconsistent-very-limited-weight; annex-a-weight-reduction; inconsistent-weighting; landscape-harm; old-heritage-wording; old-wording-slip; heritage-harm-outweighed; affordable-led; self-build; parties-consulted-on-2026-framework,https://planningdistilled.org/research/england/nppf-navigator/decisions/PINS-6008238.html
PINS-6008253,"Land East of College Road South, Aston Clinton",Buckinghamshire,South East,inspector,6008253,25/02250/AOP,2026-09-24,allowed,hearing,"Outline (access only) for up to 66 dwellings with open space, SuDS and landscaping on three fields at the northern edge of Aston Clinton",housing-major,66,settlement-edge; open-countryside; listed-building-setting,false,n/a,,2026-08,S5(4); HO7; DP3(3); HO13,character and appearance including settlement pattern; setting and coalescence; location outside the settlement boundary,s5-4-exceptional; s5-1-j; housing-shortfall; large-scheme; dp3-refuse-trigger; landscape-harm; emerging-allocation; annex-a-weight-reduction; heritage-no-harm; habitats-mitigation; parties-consulted-on-2026-framework,https://planningdistilled.org/research/england/nppf-navigator/decisions/PINS-6008253.html
PINS-6008693,"The Pigs, Leesthorpe Road, Pickwell",Melton,East Midlands,inspector,6008693,25/01286/PIP,2026-09-24,dismissed,written-representations,Permission in principle for up to two self-build dwellings on a paddock outside the Pickwell Limits of Development,PIP; housing-minor; self-build,2,open-countryside; settlement-edge; rural-lane,false,n/a,7.6,2026-08,S5(1)(j)(i); S5(4); TR3,suitability of location,PIP; self-build; sustainable-location-fail; rural-lane-no-footway; s5-1-j; s5-4-exceptional; five-year-supply-met; small-scheme; drafting-slip; s6-neighbourhood-plan; parties-consulted-on-2026-framework,https://planningdistilled.org/research/england/nppf-navigator/decisions/PINS-6008693.html
PINS-6008732,"79 Main Street, Seamer (listed building consent, curtilage outbuildings)",North Yorkshire,Yorkshire and the Humber,inspector,6008732,SCAZF25/01311/LB,2026-09-24,dismissed,written-representations,"Listed building consent to demolish two early 19th-century curtilage outbuildings, build a double garage with roof office, and tarmac the rear yard (Appeal B; planning Appeal A is PINS-6009092)",listed-building-consent; householder,,inside-settlement; conservation-area; listed-building-setting,false,n/a,,2026-08,HE6(4); HE4(2); HE6(3),special interest of the listed building and its setting; conservation area,tier-2; listed-building-consent; heritage-harm-decisive; he6-harm-graded; he6-public-benefits-insufficient; private-benefit-not-public; parties-consulted-on-2026-framework; linked-appeals,https://planningdistilled.org/research/england/nppf-navigator/decisions/PINS-6008732.html
PINS-6009092,"79 Main Street, Seamer (planning appeal)",North Yorkshire,Yorkshire and the Humber,inspector,6009092,SCAZF25/01310/HS,2026-09-24,dismissed,written-representations,"Demolition of two curtilage-listed outbuildings and a replacement one-and-a-half-storey double garage with office, plus tarmac yard, at a Grade II former school (planning appeal A; LBC appeal B is 6008732)",householder,,inside-settlement; conservation-area; listed-building-setting,false,n/a,,2026-08,HE6(3); HE6(4); HE4(2); DP3(3); S4,Grade II listed building and setting; Seamer Conservation Area,heritage-harm-decisive; he6-harm-graded; he6-public-benefits-insufficient; private-benefit-not-public; curtilage-listed; s4-within-settlement; s4-substantially-outweighed; dp3-refuse-trigger; conservation-area; parties-consulted-on-2026-framework; tier-2,https://planningdistilled.org/research/england/nppf-navigator/decisions/PINS-6009092.html
PINS-6009513,"Land at Nunhayes, Great Stone, Cuddington",Buckinghamshire,South East,inspector,6009513,PL/25/4389/FA,2026-09-24,dismissed,written-representations,"Demolition and erection of a detached dwelling in the side garden of Nunhayes, with access, parking and amenity space",housing-minor,1,inside-settlement; conservation-area; listed-building-setting,false,n/a,3.62,2026-08,HE6(4); HE7(2); S4,conservation area; listed building settings; non-designated heritage asset,s4-within-settlement; s4-substantially-outweighed; heritage-harm-decisive; he6-public-benefits-insufficient; he6-harm-graded; conservation-area; ndha; ndha-harm; housing-shortfall; small-scheme; garden-infill; parties-consulted-on-2026-framework,https://planningdistilled.org/research/england/nppf-navigator/decisions/PINS-6009513.html
PINS-6009621,"3 Old Glass House, Kents Lane, North Weald Bassett",Epping Forest,East of England,inspector,6009621,EPF/0117/26,2026-09-24,dismissed,written-representations,"Subdivision of a five-bed dwelling into two and conversion of outbuildings into a third dwelling, in the Metropolitan Green Belt",housing-minor; conversion,2,green-belt; open-countryside; rural-lane; PDL,true,not-argued,,2026-08,DP3(3); S5(2); S5(5); GB7(1)(e),Green Belt; character and appearance; suitable location,pdl-e-limb; not-inappropriate; s5-5-balance; dp3-refuse-trigger; s5-2-refusal-policy; sustainable-location-fail; rural-lane-no-footway; materially-inconsistent-very-limited-weight; backland; housing-shortfall; small-scheme; drafting-slip; dp3-2-a-connectivity; parties-consulted-on-2026-framework,https://planningdistilled.org/research/england/nppf-navigator/decisions/PINS-6009621.html
PINS-6009691,"Land off Shire Lane, Hurst Green (self-build PIP)",Ribble Valley,North West,inspector,6009691,3/2026/0159,2026-09-24,dismissed,written-representations,Permission in principle for up to 3 self-build dwellings including 1 bungalow for over-55s on a smallholding,PIP; housing-minor; self-build,3,national-landscape; open-countryside; rural-lane,false,n/a,,2026-08,N4; S5; CC2,suitability of location; land use and amount (PIP),PIP; self-build; self-build-unsecured; national-landscape; landscape-harm; sustainable-location-fail; rural-lane-no-footway; small-scheme; housing-shortfall; s5-limb-not-identified; appeal-planning-officer; transitional-no-consultation; old-wording-slip; class-q-fallback,https://planningdistilled.org/research/england/nppf-navigator/decisions/PINS-6009691.html
PINS-6009837,"Land at 260A Hawkes Mill Lane, Allesley, Coventry",Coventry,West Midlands,inspector,6009837,PL/2025/0001987/OUT,2026-09-24,allowed,written-representations,Outline permission for two dwellings (access only) behind houses on Hawkes Mill Lane,housing-minor,2,green-belt; settlement-edge,true,accepted,,2026-08,GB7(1)(g); TR3,inappropriate development in Green Belt; sustainable location,grey-belt-accepted; not-inappropriate; sustainable-location-pass; hdt-below-75; small-scheme; self-build-unsecured; bng-exemption-not-shown; parties-consulted-on-2026-framework,https://planningdistilled.org/research/england/nppf-navigator/decisions/PINS-6009837.html
PINS-6009844,"17 Brook Lane, Brookville",King's Lynn and West Norfolk,East of England,inspector,6009844,25/01585/O,2026-09-24,dismissed,written-representations,Outline (access) for one self-build dwelling on garden land beyond the Brookville development boundary,housing-minor; self-build,1,open-countryside; settlement-edge; garden-land,false,n/a,,2026-08,S5(1); CC2; Transitional(2),location; highway safety; living conditions (odour),self-build; self-build-unsecured; infill-rejected; sustainable-location-fail; rural-lane-no-footway; five-year-supply-met; small-scheme; plan-policy-consistent-full-weight; parties-consulted-on-2026-framework,https://planningdistilled.org/research/england/nppf-navigator/decisions/PINS-6009844.html
PINS-6010020,"Land South of Mount Pleasant Cottage, Poundstock",Cornwall,South West,inspector,6010020,PA25/05551,2026-09-24,dismissed,written-representations,One custom-build dwelling with attached garage and a small solar array in a field off the old A39 near Bude,housing-minor; self-build,1,open-countryside,false,n/a,,2026-08,S5(4); S5(1)(j)(i); S5(1)(e),spatial strategy; character and appearance; access to services,self-build; s5-4-exceptional; s5-1-j; infill-rejected; settlement-definition; hamlet; landscape-harm; housing-shortfall; small-scheme; parties-consulted-on-2026-framework,https://planningdistilled.org/research/england/nppf-navigator/decisions/PINS-6010020.html
PINS-6010098,"Pear Tree Barn, Old Gloucester Road, Alveston (listed building consent, Appeal B)",South Gloucestershire,South West,inspector,6010098,P26/00443/LB,2026-09-24,dismissed,householder,Listed building consent for a single-storey oak-framed rear extension to a curtilage-listed converted barn,listed-building-consent; householder,,green-belt; listed-building-setting,true,n/a,,2026-08,HE6(4); HE4(2),special interest of curtilage listed building and setting of Grade II farmhouse,listed-building-consent; he6-harm-graded; he6-public-benefits-insufficient; heritage-harm-decisive; barn-conversion; parties-consulted-on-2026-framework; tier-2,https://planningdistilled.org/research/england/nppf-navigator/decisions/PINS-6010098.html
PINS-6010157,"2 North Field, Newby Bridge, Windermere (boathouse)",Lake District National Park Authority,North West,inspector,6010157,7/2025/5543,2026-09-24,dismissed,written-representations,Two-storey lakeshore boathouse with boat storage below and a glazed day room with balcony above,householder; leisure,,national-park; open-countryside; flood-zone-2; flood-zone-3,false,n/a,,2026-08,N4; HE8; HE6(4); DP3(3); F7(2); S5(2),character; National Park and World Heritage Site; flood risk,national-park; world-heritage-site; s5-2-refusal-policy; dp3-refuse-trigger; design-refusal; flood-risk; heritage-harm-decisive; private-benefit-not-public; fallback-rejected; transitional-no-consultation,https://planningdistilled.org/research/england/nppf-navigator/decisions/PINS-6010157.html
PINS-6010198,"Rusper, Nottingham Road, Heronsgate",Three Rivers,East of England,inspector,6010198,26/0236/FUL,2026-09-24,allowed,written-representations,Demolition of a mid-20th-century chalet bungalow and a larger self-build replacement dwelling in the Green Belt and Heronsgate Conservation Area,replacement-dwelling; self-build,1,green-belt; conservation-area; PDL,true,not-argued,,2026-08,GB7(1)(e),Green Belt inappropriateness and openness; Heronsgate Conservation Area,not-inappropriate; pdl-e-limb; replacement-dwelling-materially-larger; pdl-rural-garden; self-build; bng-self-build-exemption; conservation-area; heritage-no-harm; drafting-slip; parties-consulted-on-2026-framework,https://planningdistilled.org/research/england/nppf-navigator/decisions/PINS-6010198.html
PINS-6010349,"5 Silverwood Road, Peterborough (annexe to flat)",Peterborough,East of England,inspector,6010349,25/01209/FUL,2026-09-24,dismissed,written-representations,Retrospective change of use of a granny annexe to a separate one-bedroom flat,housing-minor; change-of-use,1,inside-settlement,false,n/a,,2026-08,S4; P3; TR4; L2(1)(d)(ii),parking and highway safety; occupiers' living conditions; neighbours' privacy,s4-within-settlement; s4-substantially-outweighed; living-conditions; annexe; retrospective; parking; l2-1-d; drafting-slip; transitional-no-consultation; tier-2,https://planningdistilled.org/research/england/nppf-navigator/decisions/PINS-6010349.html
PINS-6010418,"Land south of Darlifields, Heywood Road, Tibenham (two self-build dwellings, outline)",South Norfolk,East of England,inspector,6010418,2025/3159,2026-09-24,dismissed,written-representations,"Outline permission (access only) for two self-build dwellings with a shared access, beside a dwelling and agricultural buildings on a narrow country road",housing-minor; self-build,2,open-countryside; rural-lane,false,n/a,,2026-08,S5(1)(e); S5(1)(j)(i); S5,character and appearance; sustainable form of development,s5-1-e-infill; infill-rejected; s5-1-j; sustainable-location-fail; rural-lane-no-footway; self-build; small-scheme; parties-consulted-on-2026-framework; old-balance-wording; old-wording-slip; drafting-slip; letter-internal-inconsistency,https://planningdistilled.org/research/england/nppf-navigator/decisions/PINS-6010418.html
PINS-6010440,"Percy Wood Golf Club and Country Retreat, Swarland (180 caravans and lodges, leisure hub)",Northumberland,North East,inspector,6010440,25/04076/FUL,2026-09-24,allowed,written-representations,"Reconfiguration of a golf course and change of use of its 7 northernmost holes for up to 180 additional static caravans or lodges, with a new leisure hub building, access, parking, drainage ponds and landscaping",leisure; change-of-use,,settlement-edge; open-countryside,false,n/a,,2026-08,DM6,character and appearance of the area and landscape,tier-2; limited-nppf-engagement; no-s4-s5-analysis; rural-tourism; caravans; plan-led; habitats-mitigation; heritage-no-harm; drafting-slip; parties-consulted-on-2026-framework,https://planningdistilled.org/research/england/nppf-navigator/decisions/PINS-6010440.html
PINS-6010637,"Longbrook Pavillion, Hook Lane, Bognor Regis",Arun,South East,inspector,6010637,BR/51/26/PIP,2026-09-24,allowed,written-representations,Permission in principle for a maximum net gain of 8 dwellings on the site of a former nursery school building,PIP; housing-minor,8,settlement-edge; PDL; flood-zone-3,false,n/a,3.23,2026-08,S5,suitability of location for residential development,PIP; s5-1-j; s5-limb-not-identified; flood-risk; pdl; housing-shortfall; small-scheme; costs-application; transitional-no-consultation,https://planningdistilled.org/research/england/nppf-navigator/decisions/PINS-6010637.html
PINS-6010908,"43 Woodgrange Drive, Southend-on-Sea (8-bed HMO)",Southend-on-Sea,East of England,inspector,6010908,26/00378/FUL,2026-09-24,allowed,written-representations,"Change of use of dwellinghouse to 8-bed sui generis HMO with flat-roof dormer, rooflights, chimney removal and bin and cycle storage",change-of-use,,inside-settlement,false,n/a,,2026-08,HO9,living conditions of future occupiers,tier-2; hmo; living-conditions; parties-consulted-on-2026-framework; limited-nppf-engagement,https://planningdistilled.org/research/england/nppf-navigator/decisions/PINS-6010908.html
PINS-6011037,"Marton House, 31 West Street, Padiham",Burnley,North West,inspector,6011037,PA/2026/0065,2026-09-24,dismissed,written-representations,Detached 1.5-storey (stated self-build) dwelling in the walled garden of a former chapel and burial ground,housing-minor; self-build,1,inside-settlement; conservation-area,false,n/a,,2026-08,HE6(4); HE7(2); L2(1)(d); S4(2)(a)(ii); DP3(3); S4(1),character and appearance; conservation area and NDHA; living conditions,s4-within-settlement; s4-substantially-outweighed; s4-2-c-refusal-policy; dp3-refuse-trigger; l2-1-d-curtilage; heritage-harm-decisive; he6-harm-graded; he6-public-benefits-insufficient; ndha; conservation-area; design-refusal; self-build; small-scheme; parties-consulted-on-2026-framework,https://planningdistilled.org/research/england/nppf-navigator/decisions/PINS-6011037.html
PINS-6011192,"The Stables, Underriver House Road, Underriver, Sevenoaks",Sevenoaks,South East,inspector,6011192,26/00135/FUL,2026-09-24,allowed,written-representations,Two-stable block in a field (building only; no change of use of land),equestrian,,green-belt; national-landscape; open-countryside; rural-lane,true,n/a,,2026-08,N4; GB7(1)(f)(iv),landscape and scenic beauty of the Kent Downs National Landscape,equestrian; national-landscape; not-inappropriate; non-determination; costs-application; parties-consulted-on-2026-framework; drafting-slip; tier-2,https://planningdistilled.org/research/england/nppf-navigator/decisions/PINS-6011192.html
PINS-6011585,"Wayside Farm, Lower Road, Hough-on-the-Hill (three dwellings, outline)",South Kesteven,East Midlands,inspector,6011585,S25/1903,2026-09-24,dismissed,written-representations,Outline permission (access only) for three dwellings on a paddock identified as an Important Open Space in the Hough-on-the-Hill Conservation Area,housing-minor,3,conservation-area; settlement-edge; open-countryside,false,n/a,,2026-08,HE6(4); DP3(3); S5(2); S5,character and appearance and the CA; location against the spatial strategy,conservation-area; heritage-harm-decisive; he6-harm-graded; he6-public-benefits-insufficient; dp3-refuse-trigger; s5-2-refusal-policy; substantially-outweighed; housing-shortfall; small-scheme; parties-consulted-on-2026-framework,https://planningdistilled.org/research/england/nppf-navigator/decisions/PINS-6011585.html
PINS-6012284,"Pavement outside 144 Hills Road, Cambridge (BT Street Hub)",Cambridge,East of England,inspector,6012284,26/01379/FUL,2026-09-24,dismissed,written-representations,BT Street Hub with two digital display screens and removal of payphones (Appeal B planning; Appeal A 6012288 advertisement consent 26/01380/ADV),telecoms; advertisement,,inside-settlement,false,n/a,,2026-08,DP3(1); CO1; S4(1),character and appearance; visual amenity (advert),tier-2; street-hub; bt-street-hub; telecoms; digital-advertising; co1-substantial-weight; s4-within-settlement; s4-substantially-outweighed; design-refusal; transitional-no-consultation,https://planningdistilled.org/research/england/nppf-navigator/decisions/PINS-6012284.html
PINS-6012293,"South Barn, Elworthy Farm, Greenham, Wellington",Somerset,South West,inspector,6012293,35/25/0005,2026-09-24,dismissed,written-representations,Conversion of a stone barn (a non-designated heritage asset with a late medieval jointed cruck roof) with single-storey extensions to a dwelling,housing-minor; conversion,1,open-countryside,false,n/a,3.9,2026-08,HE7; DP3(3),character and NDHA significance; whether a conversion; drainage and water supply,ndha; ndha-harm; heritage-harm-decisive; dp3-refuse-trigger; barn-conversion; s5-limb-not-identified; housing-shortfall; small-scheme; costs-application; parties-consulted-on-2026-framework,https://planningdistilled.org/research/england/nppf-navigator/decisions/PINS-6012293.html
PINS-6015017,"550 Topsham Road, Exeter (linked annexe)",Exeter,South West,inspector,6015017,26/0700/FUL,2026-09-24,allowed,written-representations,Demolition of a single-storey rear extension and erection of a linked single-storey annexe,householder; annexe,,inside-settlement,false,n/a,,2026-08,DP3,character and appearance; living conditions of No 548,tier-2; annexe; limited-nppf-engagement; parties-consulted-on-2026-framework,https://planningdistilled.org/research/england/nppf-navigator/decisions/PINS-6015017.html
stratford-26-01614-FUL,"Ardencroft, Cloweswood Lane, Earlswood",Stratford-on-Avon,West Midlands,lpa-delegated,,26/01614/FUL,2026-09-24,refused,householder,Two-storey side and rear extension and remodelling of a detached house,householder,,green-belt; washed-over-village; valued-landscape,true,not-argued,,2026-08,GB6(2); GB7(1)(b); GB7(1)(e); AnnexB:PDL,Green Belt inappropriateness; disproportionate extension; previously developed land; fallback; settlement definition,householder; householder-gb; disproportionate-extension; pdl-e-limb; garden-land; fallback; vsc-not-shown; openness-harm; washed-over-village; washed-over-exclusion-applied; settlement-definition; materially-consistent-cs10; inconsistent-with-other-sdc-decisions; stratford-relevant,https://planningdistilled.org/research/england/nppf-navigator/decisions/stratford-26-01614-FUL.html
stratford-26-01660-OUT,"Land at Windmill Lane, Ladbroke",Stratford-on-Avon,West Midlands,lpa-delegated,,26/01660/OUT,2026-09-24,approved,delegated,"Outline permission, all matters reserved except access, for up to 5 open-market dwellings on a field that already has outline permission for 5 self-build dwellings",housing-minor,5,open-countryside; settlement-edge; TPO,false,n/a,2.21,2026-08,S5(1)(j); Transitional(2),principle outside a settlement; sustainable location; landscape character; fallback; self-build supply,s5-1-j; housing-shortfall; fallback; sustainable-location-pass; landscape-harm; self-build-swapped-for-market; materially-inconsistent-very-limited-weight; drafting-slip; open-market; small-scheme; stratford-relevant,https://planningdistilled.org/research/england/nppf-navigator/decisions/stratford-26-01660-OUT.html
APP-A2335-C-26-3378663,"Land north of Bottomdale Road, Halton",Lancaster,North West,inspector,APP/A2335/C/26/3378663,,2026-09-23,dismissed,hearing,Enforcement appeals A-C (3378663/4/5): material change of use of field to storage of caravans and significant land-level changes (appellants claimed a 3-pitch traveller site),enforcement; travellers,,green-belt; open-countryside,true,not-argued,,2026-08,S5(5); GB6(2); GB7(1)(e); GB7(1)(g)(ii); N2,whether the breach occurred; inappropriate development; openness; character,enforcement-ground-a; vsc-not-shown; openness-harm; unlawful-use-not-pdl; unmet-need-type-specific; travellers,https://planningdistilled.org/research/england/nppf-navigator/decisions/APP-A2335-C-26-3378663.html
PINS-6004446,"Land at Rutt Lane, Ivybridge (Aldi foodstore)",South Hams,South West,inspector,6004446,2363/24/FUL,2026-09-23,allowed,written-representations,"New Aldi retail food store (Class E) with parking, servicing, access works and landscaping",retail; commercial,,settlement-edge,false,n/a,,not-cited,JLP DEV1,living conditions (outlook),tier-2; no-framework-cited; retail; living-conditions,https://planningdistilled.org/research/england/nppf-navigator/decisions/PINS-6004446.html
PINS-6006305,"Land adjacent to Unit 17, Lee Bridge Industrial Estate, Halifax",Calderdale,Yorkshire and the Humber,inspector,6006305,25/01229/FUL,2026-09-23,dismissed,written-representations,Industrial storage unit for existing joinery business on estate hardstanding,employment,,inside-settlement; PDL,false,n/a,,2026-08,TR4(1)(e); TR6(4); S4,parking provision and highway safety,tier-2; parking; tr6-highway-safety; s4-substantially-outweighed; employment; parties-consulted-on-2026-framework; reissued-decision,https://planningdistilled.org/research/england/nppf-navigator/decisions/PINS-6006305.html
PINS-6006322,"Land at Backworth Business Park, Eccleston Close, Backworth (37 homes on a local wildlife site)",North Tyneside,North East,inspector,6006322,24/00172/FULM,2026-09-23,allowed,written-representations,"Demolition of existing buildings and construction of 37 dwellings (9 affordable) with roads, parking, gardens and landscaping",housing-major,37,inside-settlement; PDL; listed-building-setting,false,n/a,2.82,2026-08,S4(1); S4(2)(a)(ii); N6(1)(c); N2(2); HO7,biodiversity (green infrastructure; local wildlife site; wildlife corridor and priority species),s4-within-settlement; s4-approve; local-wildlife-site; bng; habitats-mitigation; housing-shortfall; brownfield; allocated-land; material-considerations-outweigh-plan; plan-conflict-overridden; heritage-no-harm; pd-rights-condition-refused; parties-consulted-on-2026-framework,https://planningdistilled.org/research/england/nppf-navigator/decisions/PINS-6006322.html
PINS-6006330,"Elm Cottage, Further Ford End, Clavering (curtilage listed, LBC)",Uttlesford,East of England,inspector,6006330,UTT/25/2657/LB,2026-09-23,dismissed,written-representations,Listed building consent for internal alterations and two rear projections replacing a conservatory at a curtilage-listed farmstead cottage,listed-building-consent; householder,,open-countryside; listed-building-setting,false,n/a,,2026-08,HE6(1); HE6(4); HE5(1),listed building,tier-2; listed-building-consent; heritage-harm-decisive; evidence-gap; parties-consulted-on-2026-framework,https://planningdistilled.org/research/england/nppf-navigator/decisions/PINS-6006330.html
PINS-6006637,"Land off Oakdene Crescent, Hatton Station, Warwick",Warwick,West Midlands,inspector,6006637,W/24/0706,2026-09-23,dismissed,hearing,"28 dwellings (100% affordable, 75% social rent / 25% shared ownership) with access, parking, landscaping, POS",housing-major; affordable-led,28,green-belt; settlement-edge; rural-lane; near-station,true,accepted,1.96,2026-08,GB7(1)(g)(iii); TR3; GB8(1)(b); GB6(2),grey belt / sustainable location; Golden Rules infrastructure; affordable concentration; character; VSC,grey-belt-accepted; sustainable-location-fail; golden-rules-fail; golden-rules; near-station; station-route-h; not-well-connected-station; rural-lane-no-footway; shared-carriageway-rejected; vsc-not-shown; affordable-led; housing-shortfall; emerging-allocation; stratford-relevant,https://planningdistilled.org/research/england/nppf-navigator/decisions/PINS-6006637.html
PINS-6006957,"Land to rear of 1A St James Road, Torquay",Torbay,South West,inspector,6006957,P/2025/0366,2026-09-23,allowed,written-representations,Technical details consent following PiP for demolition of Nissen hut and outbuildings and erection of 1 dwelling,housing-minor; PIP,1,inside-settlement; PDL,false,n/a,,2026-08,DP3; P3,character; neighbour living conditions,tier-2; PIP; technical-details-consent; appeal-planning-officer; transitional-no-consultation; small-scheme,https://planningdistilled.org/research/england/nppf-navigator/decisions/PINS-6006957.html
PINS-6006961,"Paddock north of Spring Acres, West End Lane, Henfield (PIP, up to 9 self-build homes)",Horsham,South East,inspector,6006961,DC/26/0041,2026-09-23,dismissed,written-representations,Permission in principle for up to 9 self-build dwellings on the road frontage of an open paddock outside the built-up area boundary,housing-minor; self-build; PIP,9,open-countryside; rural-lane,false,n/a,,2026-08,S5(4); S5(1)(e); DP3,development plan policies on the location of development; character and appearance,PIP; self-build; s5-4-exceptional; s5-1-e-infill; infill-rejected; landscape-harm; housing-shortfall; small-scheme; plan-policy-consistent-full-weight; s6-neighbourhood-plan; plan-making-policies-not-for-decisions; rural-lane-no-footway; plan-led; parties-consulted-on-2026-framework,https://planningdistilled.org/research/england/nppf-navigator/decisions/PINS-6006961.html
PINS-6007416,"Land adjacent to Red Lane, Rosudgeon",Cornwall,South West,inspector,6007416,PA25/04855,2026-09-23,dismissed,written-representations,Permission in principle for 1 to 5 dwellings,housing-minor; PIP,5,settlement-edge; open-countryside,false,n/a,3.8,2026-08,S5(1)(j)(i); HE4; HE6(1); HE6(3); HE6(4),suitability of location; land use and amount incl. World Heritage Site,PIP; s5-1-j; substantially-outweighed; heritage-harm-decisive; world-heritage-site; housing-shortfall; small-scheme; parties-consulted-on-2026-framework,https://planningdistilled.org/research/england/nppf-navigator/decisions/PINS-6007416.html
PINS-6007451,"Land to the rear of The White House, Munden Road, Dane End",East Hertfordshire,East of England,inspector,6007451,3/25/1936/FUL,2026-09-23,allowed,written-representations,Self-build/custom-build 1.5-storey dwelling with garage/studio outbuilding on a former tennis court behind a Grade II listed house,housing-minor; self-build,1,settlement-edge; open-countryside; listed-building-setting; PDL; TPO,false,n/a,,2026-08,S5(1)(d); S5(1)(j); HE6,rural development policy; character and appearance; setting of listed building; trees and hedges,s5-1-d-pdl; s5-1-j; self-build; self-build-unsecured; heritage-no-harm; heritage-setting; housing-shortfall; small-scheme; parties-consulted-on-2026-framework; plan-led; drafting-slip,https://planningdistilled.org/research/england/nppf-navigator/decisions/PINS-6007451.html
PINS-6007484,"Boltons Farm, Blackgate Lane, Tarleton",West Lancashire,North West,inspector,6007484,2025/0981/PIP,2026-09-23,allowed,written-representations,Permission in principle for 6 to 9 dwellings on a farmyard and land outside the Tarleton settlement boundary (Green Belt),PIP; housing-minor,9,green-belt; settlement-edge; agricultural-land-BMV,true,accepted,1.86,2026-08,GB7(1)(g); GB7(1)(g)(iii); S5(5),grey belt and inappropriateness; flood risk; agricultural land; VSC if relevant,PIP; grey-belt-accepted; village-not-large-built-up-area; not-inappropriate; sustainable-location-pass; s5-5-balance; non-determination; housing-shortfall; small-scheme; old-wording-slip; parties-consulted-on-2026-framework,https://planningdistilled.org/research/england/nppf-navigator/decisions/PINS-6007484.html
PINS-6007807,"Zoar Cottage, 15 Passage Hill, Mylor Bridge",Cornwall,South West,inspector,6007807,PA25/03672,2026-09-23,dismissed,written-representations,"Technical details consent for 2 dwellings with garages, parking and gardens following permission in principle",housing-minor; PIP; self-build,2,settlement-edge; national-landscape; PDL; rural-lane,false,n/a,3.9,2026-08,S5(1)(d); N4,character and appearance including Cornwall National Landscape,PIP; technical-details-consent; s5-1-d-pdl; trees; national-landscape; pdl-e-limb; landscape-harm; tree-loss; self-build-unsecured; housing-shortfall; substantially-outweighed; small-scheme; parties-consulted-on-2026-framework,https://planningdistilled.org/research/england/nppf-navigator/decisions/PINS-6007807.html
PINS-6007941,"Land between 75 and 99 Star Road, Caversham, Reading",Reading,South East,inspector,6007941,PL/25/1020,2026-09-23,dismissed,written-representations,Terrace of four 3-bed 2.5-storey houses with parking,housing-minor,4,inside-settlement; flood-zone-3,false,n/a,3.55,2026-08,F6(1)(b); S4(1); DP3(2),flood risk; design; access; affordable housing; biodiversity,s4-within-settlement; s4-substantially-outweighed; flood-exception-test; flood-voids; housing-shortfall; design-refusal; parties-consulted-on-2026-framework; small-scheme,https://planningdistilled.org/research/england/nppf-navigator/decisions/PINS-6007941.html
PINS-6008171,"Land adjacent to Parkend Club, Castlemain, Parkend (s73A variation, 3 dwellings)",Forest of Dean,South West,inspector,6008171,P0048/23/FUL,2026-09-23,allowed,written-representations,s73A variation of conditions 2 (plans) and 6 (biodiversity mitigation) on built 3-dwelling scheme; off-site reptile mitigation land secured by unilateral undertaking,housing-minor,3,settlement-edge,false,n/a,,2026-08,N2; DP3,character and appearance; biodiversity,tier-2; retrospective; off-site-biodiversity; unilateral-undertaking,https://planningdistilled.org/research/england/nppf-navigator/decisions/PINS-6008171.html
PINS-6008337,"4 Whurley Way, Maidenhead",Windsor and Maidenhead,South East,inspector,6008337,26/00052,2026-09-23,dismissed,written-representations,"Part single, part two-storey side/rear extension forming a separate two-bedroom (claimed self-build) dwelling on a corner plot, with drop kerbs and parking",housing-minor; self-build,1,inside-settlement,false,n/a,4.04,2026-08,S4(1); L2(1)(d)(i); L2(1)(d)(ii); CC3(1)(d); DP3(2)(b),character and appearance; living conditions of future occupiers; climate change measures,s4-substantially-outweighed; l2-1-d; living-conditions; design-refusal; housing-shortfall; self-build-unsecured; fallback; parties-consulted-on-2026-framework; drafting-slip; small-scheme,https://planningdistilled.org/research/england/nppf-navigator/decisions/PINS-6008337.html
PINS-6008414,"Land opposite Trewithin Terrace, Ashton, Helston (PIP, World Heritage Site)",Cornwall,South West,inspector,6008414,PA26/00144,2026-09-23,dismissed,written-representations,Permission in principle for an affordable-led scheme of two dwellings on a field across the road from a linear terrace,PIP; housing-minor; affordable-led; rural-exception,2,open-countryside; settlement-edge; valued-landscape,false,n/a,3.9,2026-08,HE5(1); HE6(4); S5(1)(j)(i); HO10,suitability of location; land use and amount,PIP; world-heritage-site; evidence-gap; heritage-harm-decisive; he6-public-benefits-insufficient; affordable-led; housing-shortfall; small-scheme; pdl-blended-into-landscape; s5-1-j; landscape-harm; plan-led; parties-consulted-on-2026-framework,https://planningdistilled.org/research/england/nppf-navigator/decisions/PINS-6008414.html
PINS-6008491,"Flat 1, 9 Chestnut Avenue, Bournemouth",Bournemouth Christchurch and Poole,South West,inspector,6008491,P/26/00457/FUL,2026-09-23,allowed,written-representations,Side roof-level terrace with obscure-glazed screens to a flat,householder,,inside-settlement,false,n/a,,2026-08,P3; DP3,character and appearance; living conditions,tier-2; roof-terrace; conservation-area-setting,https://planningdistilled.org/research/england/nppf-navigator/decisions/PINS-6008491.html
PINS-6008624,"St Vincents Farm Cottages, The Ridgeway, Mill Hill (s73A variation of conditions, 7 dwellings)",Barnet,London,inspector,6008624,25/4961/S73,2026-09-23,dismissed,written-representations,"s73A variation/removal of conditions 1, 2, 5, 7, 8, 9, 11, 13, 14 to regularise as-built changes (internal layouts, staircases, 24 rooflights) to a 7-dwelling scheme",housing-minor,7,conservation-area,false,n/a,,not-cited,TCPA s55(2)(a); TCPA s73A,scope of s73A; adequacy of plans,tier-2; retrospective; s73; inadequate-plans; framework-not-cited; conservation-area,https://planningdistilled.org/research/england/nppf-navigator/decisions/PINS-6008624.html
PINS-6008688,"Land adjacent to Farm View Cottage (Frith Manor), Lingfield Road, East Grinstead",Tandridge,South East,inspector,6008688,TA/2024/1226,2026-09-23,dismissed,written-representations,"Erection of a two-storey detached self-build dwelling (Passivhaus-style, M4(3))",housing-minor; self-build,1,green-belt; open-countryside; listed-building-setting,true,accepted,1.92,2026-08,GB7(1)(g)(iii); TR3; GB6(2); Habitats Regulations,grey belt; sustainable location; openness; Ashdown Forest SPA; VSC balance,grey-belt-accepted; sustainable-location-fail; vsc-not-shown; openness-harm; small-scheme; self-build; housing-shortfall; footway-quality; connectivity-tool-absent; costs-award; habitats-spa,https://planningdistilled.org/research/england/nppf-navigator/decisions/PINS-6008688.html
PINS-6008723,"Land to the rear of Abbey Gardens, Southport Road, Lydiate",Sefton,North West,inspector,6008723,DC/2025/02052,2026-09-23,dismissed,written-representations,Permission in principle for up to 4 bungalows on former pig and poultry farm land behind a scheme under construction,PIP; housing-minor,4,green-belt; settlement-edge,true,rejected,,2026-08,AnnexB:grey-belt; GB7(1)(g); GB6(2),inappropriate development in the Green Belt; openness; very special circumstances,PIP; grey-belt-rejected; vsc-not-shown; openness-harm; housing-shortfall; small-scheme; pdl-blended-into-landscape; parties-consulted-on-2026-framework; drafting-slip; tier-2,https://planningdistilled.org/research/england/nppf-navigator/decisions/PINS-6008723.html
PINS-6008784,"202A High Street, Harwich",Tendring,East of England,inspector,6008784,26/00239/FUL,2026-09-23,dismissed,written-representations,"Second-floor roof terrace cut into pitched rear-addition roof, external staircase and reconfiguration of flats above restaurant",householder; other,,conservation-area; inside-settlement,false,n/a,,2026-08,HE6(1); HE6(3); HE6(4); S4(1),conservation area; privacy,conservation-area; heritage-harm-decisive; he6-low-degree-harm; he6-3-considerable-weight; s4-substantially-outweighed; parties-consulted-on-2026-framework; roof-terrace; public-benefits-private; costs-application,https://planningdistilled.org/research/england/nppf-navigator/decisions/PINS-6008784.html
PINS-6008787,"229 High Street, Orpington (Class AA two-storey upward extension, 6 flats)",Bromley,London,inspector,6008787,26/00098/NOT,2026-09-23,dismissed,written-representations,Prior approval under GPDO Part 20 Class AA for two additional storeys (mansard) creating 6 flats on a three-storey corner building,housing-minor,6,inside-settlement,false,n/a,,2026-08,GPDO Sch2 Pt20 Class AA.2(1)(e),external appearance of the building and area,tier-2; prior-approval; upward-extension; design-refusal; parties-consulted-on-2026-framework,https://planningdistilled.org/research/england/nppf-navigator/decisions/PINS-6008787.html
PINS-6008804,"Overs Farm, Haughton, Tasley, Bridgnorth (wigwam cabins)",Shropshire,West Midlands,inspector,6008804,25/04206/FUL,2026-09-23,dismissed,written-representations,"Siting of five wigwam holiday cabins, re-use of existing timber cabin as reception, parking and treatment plant",leisure; change-of-use,,open-countryside; rural-lane,false,n/a,,2026-08,S5(1)(b); S5(4); TR3; E4(2); Transitional(2),location and accessibility; spatial strategy,sustainable-location-fail; rural-lane-no-footway; rural-tourism; s5-1-b-necessity; s5-4-exceptional; both-s5-routes-run; pre-2026-plan-full-weight; small-scheme,https://planningdistilled.org/research/england/nppf-navigator/decisions/PINS-6008804.html
PINS-6008866,"The Paddocks, Bridgnorth Road, Stourton",South Staffordshire,West Midlands,inspector,6008866,25/00721/FUL,2026-09-23,dismissed,written-representations,"Erection of stables for the keeping of horses, with hardstanding, tarmac access, close-board fencing and gates (part retrospective)",equestrian,,green-belt; open-countryside,true,not-argued,,2026-08,GB6(2); GB7(1)(f)(iv); DP3,inappropriate development; openness; character and appearance; highway safety; VSC,equestrian; openness-harm; vsc-not-shown; outdoor-recreation-facilities; openness-minimised-test; local-plan-gb-policy-out-of-date,https://planningdistilled.org/research/england/nppf-navigator/decisions/PINS-6008866.html
PINS-6008944,"512 High Road, Tottenham",Haringey,London,inspector,6008944,HGY/2025/3167,2026-09-23,dismissed,written-representations,Mansard extension and conversion of upper-floor 3-bed maisonette to three 1-bed flats,housing-minor,2,inside-settlement; conservation-area,false,n/a,,2026-08,HE6; HE7; S4(1); L2(1)(d)(i); DP3(1),conservation area and non-designated heritage asset,s4-within-settlement; s4-substantially-outweighed; heritage-harm-decisive; conservation-area; mansard; airspace-l2; non-determination,https://planningdistilled.org/research/england/nppf-navigator/decisions/PINS-6008944.html
PINS-6008970,"Outmarsh Farm, Semington (temporary rural worker caravan)",Wiltshire,South West,inspector,6008970,PL/2025/08409,2026-09-23,dismissed,written-representations,Retrospective siting of a static caravan for a rural worker for three years on a smallholding,housing-minor; agricultural,1,open-countryside; listed-building-setting,false,n/a,,2026-08,HO11,essential need for rural worker dwelling; character and appearance,rural-worker-dwelling; agricultural-need-not-shown; temporary-permission; retrospective; caravans; plan-led; ho11; parties-consulted-on-2026-framework,https://planningdistilled.org/research/england/nppf-navigator/decisions/PINS-6008970.html
PINS-6009002,"Land at Windsor Lane, Little Kingshill",Buckinghamshire,South East,inspector,6009002,PL/25/2215/FA,2026-09-23,allowed,written-representations,"Change of use of about 20 ha of agricultural land to private equestrian use, with an existing barn altered for stabling",equestrian; change-of-use,,green-belt; national-landscape; settlement-edge; listed-building-setting,true,not-argued,,2026-08,GB7(1)(f)(iii); GB7(1)(f)(iv),loss of community facility; biodiversity; character and appearance including Chilterns NL,tier-2; equestrian; not-inappropriate; outdoor-recreation-facilities; national-landscape; bng-exemption; community-facility; costs-application; transitional-no-consultation,https://planningdistilled.org/research/england/nppf-navigator/decisions/PINS-6009002.html
PINS-6009022,"Manor Farm Barns, Stratford Road, Beachampton (2 barn conversions plus 2 new dwellings)",Buckinghamshire,South East,inspector,6009022,PL/25/5625/FA,2026-09-23,allowed,written-representations,"Demolition of two redundant agricultural buildings, conversion and extension of two traditional barns to 2 dwellings, and 2 new-build dwellings around a farm courtyard (non-determination)",housing-minor; conversion,4,open-countryside; listed-building-setting,false,n/a,3.73,2026-08,HO7; HE6; HE7(2),character and appearance; setting of listed building; non-designated heritage assets,heritage-no-harm; ndha; barn-conversion; ho7-substantial-weight; housing-shortfall; parties-consulted-on-2026-framework; non-determination; s5-not-applied,https://planningdistilled.org/research/england/nppf-navigator/decisions/PINS-6009022.html
PINS-6009097,"Land to the rear of Melrose, Arndale, Wigston",Oadby and Wigston,East Midlands,inspector,6009097,25/00315/FUL,2026-09-23,dismissed,written-representations,Detached one-bed bungalow on a narrow former access plot,housing-minor,1,inside-settlement,false,n/a,,2026-08,S3(1)(c); L2,character; living conditions; BNG,tier-2; s4-not-applied; bng-metric-missing; self-build-unsecured; small-scheme; transitional-no-consultation,https://planningdistilled.org/research/england/nppf-navigator/decisions/PINS-6009097.html
PINS-6009220,"Land SW Sibson Road, Sheepy Parva",Hinckley and Bosworth,East Midlands,inspector,6009220,25/00883/OUT,2026-09-23,dismissed,written-representations,Outline (access only) for one self-build dwelling on a roadside paddock (resubmission after earlier appeal dismissal),housing-minor; self-build,1,settlement-edge; open-countryside; listed-building-setting,false,n/a,,2026-08,S6; S5; DP3,character and appearance of countryside,s6-neighbourhood-plan; s5-1-j; self-build; small-scheme; infill-rejected; housing-shortfall; appeal-planning-officer; dp3-refuse-trigger; substantially-outweighed; drafting-slip; limited-nppf-engagement,https://planningdistilled.org/research/england/nppf-navigator/decisions/PINS-6009220.html
PINS-6009281,"Willow Tree Farm, Denham Lane, Chalfont St Peter",Buckinghamshire,South East,inspector,6009281,PL/25/5959/OA,2026-09-23,dismissed,written-representations,Outline permission for up to 4 dwellings (access only) on manège and part of a residential garden,housing-minor,4,green-belt; settlement-edge,true,rejected,1.98,2026-08,GB6(2); GB7(1)(g)(i); AnnexB:grey-belt; GB7(1)(e),grey belt; PDL; inappropriate development; openness; VSC balance,grey-belt-rejected; pdl-e-limb; vsc-not-shown; openness-harm; small-scheme; housing-shortfall; draft-gb-assessment-relied-on; sustainable-location-pass; drafting-slip,https://planningdistilled.org/research/england/nppf-navigator/decisions/PINS-6009281.html
PINS-6009313,"486 Blackburn Road, Bolton",Bolton,North West,inspector,6009313,00256/26,2026-09-23,dismissed,written-representations,Retrospective single-storey glazed front extension to a restaurant in a former 1903 school,commercial,,inside-settlement,false,n/a,,2026-08,HE7; DP3; S4,character and appearance; non-designated heritage asset,s4-within-settlement; s4-substantially-outweighed; ndha; design-refusal; retrospective; parties-consulted-on-2026-framework; tier-2,https://planningdistilled.org/research/england/nppf-navigator/decisions/PINS-6009313.html
PINS-6009738,"Footpath outside The Heart Centre, Hepworth Way, Walton-on-Thames",Elmbridge,South East,inspector,6009738,2025/3164,2026-09-23,dismissed,written-representations,BT Street Hub unit with integrated digital advertisement panels (linked advert appeal 6009551),telecoms; advertisement,,inside-settlement,false,n/a,,2026-08,S4; DP3; HC4,character and appearance; visual amenity,s4-within-settlement; s4-substantially-outweighed; telecoms; bt-street-hub; design-refusal; parties-consulted-on-2026-framework; tier-2,https://planningdistilled.org/research/england/nppf-navigator/decisions/PINS-6009738.html
PINS-6009857,"11 and 13 Marlborough Avenue, Hull (render and palisade fence in the Avenues CA)",Kingston upon Hull,Yorkshire and the Humber,inspector,6009857,25/00618/FULL,2026-09-23,dismissed,written-representations,"Change of use of two terraced houses (flats) to sui generis supported living with office, rear external wall insulation render, rear windows and fencing (retrospective)",change-of-use; specialist-housing,,inside-settlement; conservation-area,false,n/a,,2026-08,HE6(4); DP3(3); S4(2)(c),effect on the Avenues and Pearson Park Conservation Area,tier-2; conservation-area; heritage-harm-decisive; he6-public-benefits-insufficient; he6-harm-ungraded; energy-efficiency; energy-benefit-discounted; dp3-refuse-trigger; s4-2-c-refusal-policy; drafting-slip; retrospective; parties-consulted-on-2026-framework,https://planningdistilled.org/research/england/nppf-navigator/decisions/PINS-6009857.html
PINS-6009962,"Pentire, The Avenue, Worplesdon",Guildford,South East,inspector,6009962,25/P/01670,2026-09-23,dismissed,written-representations,"Rear extension with first-floor overhang, entrance extension, full upper storey/loft conversion to bungalow and new linked triple garage (non-determination)",householder,,green-belt,true,not-argued,,2026-08,GB6(2); GB7(1)(b); GB7(1)(g)(ii),inappropriate development; openness; VSC,disproportionate-extension; vsc-not-shown; openness-harm; grey-belt-extension-no-net-gain; unmet-need-not-evidenced,https://planningdistilled.org/research/england/nppf-navigator/decisions/PINS-6009962.html
PINS-6009997,"Erith Cottages, Main Road, Lacey Green",Buckinghamshire,South East,inspector,6009997,24/07369/FUL,2026-09-23,dismissed,written-representations,Erection of 4 detached dwellings on former builder's yard / garden land,housing-minor,4,green-belt; inside-settlement; national-landscape,true,accepted,1.98,2026-08,TR6(4); TR3(1)(c); TR4(1)(d); S4; GB7(1)(g),highway safety; loss of business use; character and National Landscape; bin storage,grey-belt-accepted; not-inappropriate; lpa-conceded-grey-belt; highway-safety-refusal; s5-2-refusal-policy; substantially-outweighed; housing-shortfall; national-landscape; parties-consulted-on-2026-framework; small-scheme,https://planningdistilled.org/research/england/nppf-navigator/decisions/PINS-6009997.html
PINS-6010155,"The Crown Inn, 97 Station Road, Cradley Heath",Sandwell,West Midlands,inspector,6010155,DC/25/70389,2026-09-23,allowed,hearing,Demolition of public house and erection of retail unit (convenience store) with parking and landscaping,retail; commercial,,inside-settlement,false,n/a,,2026-08,HC6(1)(c); DM4; S4,principle; loss of public house,pub-loss; hc6-alternative-provision; community-facility; emerging-plan-weight; s4-approve; parties-consulted-on-2026-framework,https://planningdistilled.org/research/england/nppf-navigator/decisions/PINS-6010155.html
PINS-6010223,"70 London Road, Grays",Thurrock,East of England,inspector,6010223,25/01093/CV,2026-09-23,dismissed,written-representations,s73 variation of opening-hours condition for a local shop (08:00-22:00 to 07:00-23:00),retail,,inside-settlement,false,n/a,,2026-08,P3; S4(1),living conditions - noise,tier-2; s4-within-settlement; s4-substantially-outweighed; e2-substantial-weight; amenity-noise; parties-consulted-on-2026-framework,https://planningdistilled.org/research/england/nppf-navigator/decisions/PINS-6010223.html
PINS-6010549,"The Triangle, 5-17 Hammersmith Grove",Hammersmith and Fulham,London,inspector,6010549,2025/02533/FUL,2026-09-23,allowed,written-representations,Glazed single storey entrance extension over existing steps with handrail and new side steps to office building (interim works before Phase 2 redevelopment),commercial,,inside-settlement,false,n/a,,2026-08,s38(6),safe and inclusive access,tier-2; non-determination; inclusive-access; transitional-no-consultation; limited-nppf-engagement,https://planningdistilled.org/research/england/nppf-navigator/decisions/PINS-6010549.html
PINS-6010944,"25 Elms Avenue, Eastbourne (guest house to HMO)",Eastbourne,South East,inspector,6010944,250283,2026-09-23,dismissed,written-representations,Change of use from C1 guest house to C4 HMO in a designated Tourist Accommodation Area,change-of-use,,inside-settlement,false,n/a,,2026-08,S4; E2,tourist accommodation; HMO concentration; refuse and cycle storage,hmo; tourism; old-wording-slip; parties-consulted-on-2026-framework; tier-2,https://planningdistilled.org/research/england/nppf-navigator/decisions/PINS-6010944.html
PINS-6011093,"Land adjacent to 7 & 8 Slade Close, Etwall",South Derbyshire,East Midlands,inspector,6011093,DMPA/2025/0530,2026-09-23,allowed,written-representations,"Erection of 10 dwellings (four 3-bed, one 4-bed, five 5-bed) on side gardens with private drive",housing-major,10,inside-settlement; TPO,false,n/a,,2026-08,S4; HO7,housing mix; over-intensive development,s4-within-settlement; s4-approve; five-year-supply-met; ho7-substantial-weight; large-scheme; costs-application; parties-consulted-on-2026-framework,https://planningdistilled.org/research/england/nppf-navigator/decisions/PINS-6011093.html
PINS-6011100,"76 Roberts Road, High Wycombe",Buckinghamshire,South East,inspector,6011100,PL/26/02347/FA,2026-09-23,dismissed,householder,4.6m dropped kerb for frontage parking,householder,,inside-settlement,false,n/a,,2026-08,TR6(4),highway and pedestrian safety,tier-2; householder; highway-safety; ev-charging; appeal-planning-officer; transitional-no-consultation,https://planningdistilled.org/research/england/nppf-navigator/decisions/PINS-6011100.html
PINS-6011217,"Four Winds, The Common, Melbourne",South Derbyshire,East Midlands,inspector,6011217,DMPA/2026/0030,2026-09-23,allowed,written-representations,Permission in principle for one dwelling (applied for as self-build) in the side garden of an existing house,PIP; housing-minor; self-build,1,settlement-edge; PDL,false,n/a,,2026-08,S3; S5(1)(d); AnnexB:previously-developed-land; HO7,suitable location,PIP; s5-1-d-pdl-route; garden-pdl-outside-built-up-area; residential-curtilage-pdl; self-build-unsecured; sustainable-location-pass; settlement-boundary-conflict-outweighed; small-scheme; parties-consulted-on-2026-framework; annex-a-weight-reduction,https://planningdistilled.org/research/england/nppf-navigator/decisions/PINS-6011217.html
PINS-6011235,"132 Cock Bank, Turves (barn to self-build bungalow)",Fenland,East of England,inspector,6011235,F/YR25/0968/F,2026-09-23,dismissed,written-representations,Demolition of a barn used for domestic equestrian stabling and erection of a self-build bungalow linked to the equine use,housing-minor; self-build; replacement-dwelling,1,open-countryside; rural-lane; flood-zone-3; PDL,false,n/a,,2026-08,F5; S5(1)(d); S5(2); DP3(1); TR3,suitable location; flood risk sequential and exception tests; character and appearance,s5-2-refusal-policy; flood-risk; sequential-test-fail; rural-worker-dwelling; rural-lane-no-footway; sustainable-location-fail; self-build; self-build-unsecured; five-year-supply-met; design-refusal; small-scheme; old-wording-slip; drafting-slip; parties-consulted-on-2026-framework,https://planningdistilled.org/research/england/nppf-navigator/decisions/PINS-6011235.html
PINS-6011290,"115 North Road, Darlington (roller shutters)",Darlington,North East,inspector,6011290,25/01388/FUL,2026-09-23,allowed,written-representations,Retrospective external roller shutters to two windows and a replacement shutter to the entrance door of a hot food takeaway,commercial,,inside-settlement,false,n/a,,2026-08,DP3(1),character and appearance,tier-2; retrospective; shopfront; limited-nppf-engagement; parties-consulted-on-2026-framework,https://planningdistilled.org/research/england/nppf-navigator/decisions/PINS-6011290.html
PINS-6011431,"Land adjacent to Waterloo Court Health and Wellbeing Hub, Waterloo Cross, Uffculme",Mid Devon,South West,inspector,6011431,26/00151/PIP,2026-09-23,dismissed,written-representations,Permission in principle for up to 3 dwellings,PIP; housing-minor,3,open-countryside; rural-lane,false,n/a,2.4,2026-08,S5(1); TR3; CC2,suitability of location,PIP; sustainable-location-fail; rural-lane-no-footway; housing-shortfall; not-isolated; substantially-outweighed; small-scheme; parties-consulted-on-2026-framework; s5-limb-not-identified,https://planningdistilled.org/research/england/nppf-navigator/decisions/PINS-6011431.html
PINS-6012092,"18 Myrtle Avenue, Thornton-Cleveleys (children's care home)",Wyre,North West,inspector,6012092,26/00199/FUL,2026-09-23,allowed,written-representations,Change of use of a detached dwelling (C3) to a children's residential care home (C2) for up to two children with up to two carers on shift,change-of-use; specialist-housing,,inside-settlement,false,n/a,,2026-08,S3(1)(c),neighbours' living conditions (noise and disturbance); highway safety and parking,tier-2; childrens-home; specialist-housing; s3-1-c-approve; costs-application; drafting-slip; limited-nppf-engagement; parties-consulted-on-2026-framework,https://planningdistilled.org/research/england/nppf-navigator/decisions/PINS-6012092.html
PINS-6012985,"Land on road from Frost Cross to Oldborough Cross, Morchard Bishop",Mid Devon,South West,inspector,6012985,26/00300/PIP,2026-09-23,dismissed,written-representations,Permission in principle for one dwelling (intended self-build),PIP; housing-minor; self-build,1,open-countryside; rural-lane,false,n/a,,2026-08,S5(1)(e); S5(1)(j); S5(3); HO11; S5(4),suitability of location,PIP; s5-1-e-infill; s5-1-j; s5-4-exceptional; isolated-home; sustainable-location-fail; rural-lane-no-footway; housing-shortfall; self-build; small-scheme; parties-consulted-on-2026-framework,https://planningdistilled.org/research/england/nppf-navigator/decisions/PINS-6012985.html
PINS-6013695,"Pavement outside Clarendon House, 3 Heavitree Road, Exeter (BT Street Hub)",Exeter,South West,inspector,6013695,26/0641/FUL,2026-09-23,dismissed,written-representations,"BT Street Hub with two 75-inch digital advertisement screens, replacing payphones (Appeal A 6013695 planning; Appeal B 6013697 advertisement)",telecoms; advertisement,,inside-settlement; listed-building-setting; conservation-area,false,n/a,,2026-08,HE6(1); HE6(4); CO1,character and appearance; setting of listed buildings; visual amenity,street-hub; telecoms; advertisement; parties-consulted-on-2026-framework; heritage-harm-decisive; co1-substantial-weight; harm-moderate,https://planningdistilled.org/research/england/nppf-navigator/decisions/PINS-6013695.html
PINS-6014952,"Higher Collybeer Farm, Spreyton (B8 storage units)",West Devon,South West,inspector,6014952,1315/26/FUL,2026-09-23,allowed,written-representations,Erection of four B8 storage units beside an existing storage business,commercial; employment,,open-countryside; isolated,false,n/a,,2026-08,S5(1)(b); E4; TR3,suitable location for rural business,rural-business-expansion; s5-1-b-necessity; sustainable-location-pass; car-dependent-accepted; small-scheme,https://planningdistilled.org/research/england/nppf-navigator/decisions/PINS-6014952.html
APP-M2840-W-25-3364729,"Land rear of Hillside, Brick Kiln Road, Raunds (reserved matters, Appeals B and C)",North Northamptonshire,East Midlands,inspector,APP/M2840/W/25/3364729,NE/24/00649/REM,2026-09-22,allowed,hearing,"Reserved matters for up to 21 dwellings (two alternative schemes, Appeals B 3364729 and C 3364730)",housing-major,21,settlement-edge,false,n/a,,2026-08,development-plan-only,uncontested reserved matters,tier-2; transitional-no-consultation; reserved-matters; costs-award; old-style-acp,https://planningdistilled.org/research/england/nppf-navigator/decisions/APP-M2840-W-25-3364729.html
APP-M2840-W-25-3366988,"New Barn Farm Industrial Estate, Brick Kiln Road, Raunds",North Northamptonshire,East Midlands,inspector,APP/M2840/W/25/3366988,NE/23/01228/FUL,2026-09-22,allowed,hearing,"Mixed-use employment extension to an existing rural industrial estate, access improvements",employment,,settlement-edge; open-countryside,false,n/a,,2026-08,N6,effect on Special Protection Area,tier-2; transitional-no-consultation; functionally-linked-land; habitats-sites; costs-award; old-style-acp,https://planningdistilled.org/research/england/nppf-navigator/decisions/APP-M2840-W-25-3366988.html
APP-M2840-W-25-3366989,"Land adjacent Hillside, Brick Kiln Road, Raunds",North Northamptonshire,East Midlands,inspector,APP/M2840/W/25/3366989,NE/23/01242/OUT,2026-09-22,allowed,hearing,"Outline for up to 86 dwellings (27 affordable), access and landscaping",housing-major,86,settlement-edge; open-countryside,false,n/a,4.6,2026-08,N6; DM6,effect on Special Protection Area / functionally linked land,transitional-no-consultation; habitats-sites; functionally-linked-land; costs-award; conceded-reasons; housing-shortfall; old-style-acp,https://planningdistilled.org/research/england/nppf-navigator/decisions/APP-M2840-W-25-3366989.html
PINS-6004676,"252 Havant Road, Drayton, Portsmouth",Portsmouth,South East,inspector,6004676,25/00705/FUL,2026-09-22,allowed,written-representations,"Change of use of part ground floor (Class E) and upper floor flat to a 9-bed sui generis HMO, with mansard roof and single-storey rear extension; front Class E unit retained",change-of-use; housing-minor,,inside-settlement,false,n/a,,not-cited,s38(6),local centre; living conditions; parking; character; habitats sites,tier-2; no-framework-reference; hmo; parking-stress-unevidenced,https://planningdistilled.org/research/england/nppf-navigator/decisions/PINS-6004676.html
PINS-6004809,"1029 Oxford Road, Tilehurst, Reading",Reading,South East,inspector,6004809,PL/25/0102,2026-09-22,dismissed,written-representations,"Demolition of building of 4 flats and erection of a 3-storey building of 8 flats (6x1-bed, 2x2-bed) with 6 parking spaces",housing-minor,8,inside-settlement; PDL; near-station,false,n/a,3.55,2026-08,S4(1); DP3(3); DP3(1); P3; L2,character and appearance; neighbour living conditions; future occupier living conditions; parking; housing mix; affordable housing,s4-within-settlement; s4-substantially-outweighed; dp3-refuse-trigger; design-refusal; living-conditions; housing-shortfall; small-scheme; parties-consulted-on-2026-framework; drafting-slip; l2-additional-homes,https://planningdistilled.org/research/england/nppf-navigator/decisions/PINS-6004809.html
PINS-6006002,"28 Carew Road, Eastbourne (two dwellings from garden room and outbuilding)",Eastbourne,South East,inspector,6006002,250410,2026-09-22,allowed,written-representations,Part-retrospective change of use of a lower-ground garden room/store and a rear L-shaped outbuilding to two dwellings,conversion; housing-minor,2,inside-settlement,false,n/a,,2026-08,DP3; P3,character; privacy; self-build status and BNG,tier-2; backland; small-scheme; bng-exemption; costs-application,https://planningdistilled.org/research/england/nppf-navigator/decisions/PINS-6006002.html
PINS-6006078,"Land south-west of Poachers Pocket, St Columb",Cornwall,South West,inspector,6006078,PA25/01031,2026-09-22,dismissed,written-representations,"Detached agricultural barn and hardstanding for storing arable crops, supplements and nutrients, away from the existing farm group",agricultural,,open-countryside,false,n/a,,2026-08,S5(1)(a); DP3(1),character and appearance; locational/business need,parties-consulted-on-2026-framework; agricultural-building; landscape-harm; substantially-outweighed; s5-5-balance; need-not-evidenced,https://planningdistilled.org/research/england/nppf-navigator/decisions/PINS-6006078.html
PINS-6006629,"Land opposite the Full Quart, Bristol Road (A370), Hewish, Puxton",North Somerset,South West,inspector,6006629,23/P/2593/FUL,2026-09-22,dismissed,written-representations,Change of use to Gypsy and Traveller site (9 permanent pitches) with associated development,travellers; change-of-use,9,open-countryside; flood-zone-3; listed-building-setting,false,n/a,,2026-08,F6; S5(2); S5(1)(g); AnnexF,flood risk,travellers; s5-1-g-travellers; traveller-supply-shortfall; flood-risk; s5-2-refusal-policy; substantially-outweighed; parties-consulted-on-2026-framework; annex-f-incompatible; temporary-permission-refused; alternative-sites,https://planningdistilled.org/research/england/nppf-navigator/decisions/PINS-6006629.html
PINS-6006644,"64 Prestwich Avenue, Worcester",Worcester,West Midlands,inspector,6006644,25/00541/FUL,2026-09-22,dismissed,written-representations,"Detached three-bedroom ""bungalow"" with rooms in the roof and a large dormer, in the rear garden of an existing house",housing-minor,1,inside-settlement,false,n/a,2.37,2026-08,S4(1); S4(2)(c); S4(2)(a)(ii); DP3; TR6; L2(1)(d),character and appearance; living conditions of future occupiers; highway safety; neighbour privacy,s4-within-settlement; s4-substantially-outweighed; s4-2-c-refusal-policy; dp3-refuse-trigger; tr6-highway-safety; l2-1-d-curtilage; backland; garden-infill; nds-space-standards; living-conditions; housing-shortfall; small-scheme; psed; new-local-plan; parties-consulted-on-2026-framework,https://planningdistilled.org/research/england/nppf-navigator/decisions/PINS-6006644.html
PINS-6006806,"30 Main Street, Lyddington (surface water condition, listed building)",Rutland,East Midlands,inspector,6006806,2025/0779/FUL,2026-09-22,allowed,written-representations,Section 73 removal of a surface-water management condition on retrospective works to a Grade II house (Appeal A; linked s19 LBC Appeal B 6006808),householder; listed-building-consent,,conservation-area; listed-building-setting,false,n/a,,2026-08,DM6,drainage; heritage,tier-2; conditions-appeal; transitional-no-consultation,https://planningdistilled.org/research/england/nppf-navigator/decisions/PINS-6006806.html
PINS-6006950,"Land off Middlebridge Road, Gringley-on-the-Hill",Bassetlaw,East Midlands,inspector,6006950,25/00810/FUL,2026-09-22,dismissed,hearing,One self-build 4-bed dwelling and garage replacing two sheet-clad barns,housing-minor; self-build,1,open-countryside; rural-lane; PDL,false,n/a,4.15,2026-08,S5(1)(j); S5(4); TR3; DP3(3); HO7,housing in the countryside; self-build need; accessibility; character and appearance,self-build; small-scheme; s5-1-j; s5-4-exceptional; sustainable-location-fail; rural-lane-no-footway; dp3-refuse-trigger; fallback-rejected; pdl-blended-into-landscape; l2-substantial-weight-withheld; local-policy-consistency; materially-inconsistent-very-limited-weight; self-build-shortfall; housing-shortfall; parties-consulted-on-2026-framework; class-q-fallback,https://planningdistilled.org/research/england/nppf-navigator/decisions/PINS-6006950.html
PINS-6007200,"Outside 100 Avenue Road / Swiss Cottage Station, Camden (BT Street Hub 3)",Camden,London,inspector,6007200,2025/5809/P,2026-09-22,dismissed,written-representations,Replacement of an InLink unit with a larger BT Street Hub 3 with digital advert panels (Appeal B 6007199 advert consent 2026/0074/A also dismissed),telecoms; advertisement,,inside-settlement; near-station,false,n/a,,2026-08,P5; CO1; HC4,community safety; character; pedestrian safety; maintenance,tier-2; telecoms; bt-street-hub; co1-substantial-weight; crime-evidence; parties-consulted-on-2026-framework,https://planningdistilled.org/research/england/nppf-navigator/decisions/PINS-6007200.html
PINS-6007422,"Brookfields Farm, Longhill Lane, Hankelow",Cheshire East,North West,inspector,6007422,25/3355/PRIOR-3Q,2026-09-22,allowed,written-representations,"Class Q prior approval, agricultural barn to two dwellings (linked appeal 6007456)",conversion; housing-minor; agricultural,2,open-countryside; rural-lane,false,n/a,,2026-08,P3; P4,scope of Class Q works; highways/PROW; location and siting,tier-2; class-q; prior-approval; agent-of-change; bng-habitat-bank,https://planningdistilled.org/research/england/nppf-navigator/decisions/PINS-6007422.html
PINS-6007423,"11 Quantock Road, Weston-super-Mare",North Somerset,South West,inspector,6007423,26/P/0180/FUL,2026-09-22,dismissed,written-representations,"Single-storey dwelling in rear garden of flats, with demolition of garage and alterations to existing flats",housing-minor,1,inside-settlement; flood-zone-3; garden-land,false,n/a,,2026-08,F5; F6; S4,flood risk sequential and exception tests; neighbour living conditions; future occupier living conditions,flood-risk; sequential-test-failed; exception-test-failed; housing-shortfall; small-scheme; s4-substantially-outweighed; drafting-slip; garden-land; parties-consulted-on-2026-framework,https://planningdistilled.org/research/england/nppf-navigator/decisions/PINS-6007423.html
PINS-6007428,"Land adjacent to Model Farm, Plex Lane, Halsall",West Lancashire,North West,inspector,6007428,2025/0998/PIP,2026-09-22,dismissed,written-representations,Permission in principle for 1-3 dwellings,PIP; housing-minor,3,green-belt; rural-lane; open-countryside,true,accepted,,2026-08,GB7(1)(g)(iii); TR3; GB6(2),grey belt; sustainable location; inappropriate development; openness; VSC balance,PIP; grey-belt-accepted; sustainable-location-fail; rural-lane-no-footway; vsc-not-shown; openness-harm; small-scheme; housing-shortfall; s5-1-e-infill; comparator-distinguished-footway,https://planningdistilled.org/research/england/nppf-navigator/decisions/PINS-6007428.html
PINS-6007456,"Brookfields Farm (Barn A), Longhill Lane, Hankelow",Cheshire East,North West,inspector,6007456,25/3358/PRIOR-3Q,2026-09-22,dismissed,written-representations,Class Q prior approval for change of use of a steel portal-frame agricultural building to 4 dwellings,housing-minor; conversion; agricultural,4,open-countryside,false,n/a,,2026-08,GPDO Sch2 Pt3 Q.2(1)(e); P3(2)(a),permitted development; location and siting (Q.2(1)(e)),tier-2; class-q; prior-approval; living-conditions; agricultural-neighbour; parties-not-consulted-no-change,https://planningdistilled.org/research/england/nppf-navigator/decisions/PINS-6007456.html
PINS-6007476,"Low Flatt Farm, Heads Lane, Bolsterstone",Peak District National Park,Yorkshire and the Humber,inspector,6007476,NP/S/1025/1079,2026-09-22,dismissed,written-representations,Appeal against condition 3 of a s73 permission omitting a new ground-floor window in the south gable of a barn being converted to a residential annex,conversion; householder,,national-park; open-countryside,false,n/a,,2026-08,HE7(2); N4,NDHA significance; National Park cultural heritage,heritage-harm-decisive; ndha; national-park; disputed-conditions; section-73; transitional-no-consultation; alternatives-not-explored; n4-cultural-heritage,https://planningdistilled.org/research/england/nppf-navigator/decisions/PINS-6007476.html
PINS-6007776,"Wrights Upholstery, Claremont Street, Burnley (student studios)",Burnley,North West,inspector,6007776,FUL/2025/0464,2026-09-22,dismissed,written-representations,"Change of use of vacant commercial building to sui generis student accommodation of 24 studios, with a raised rear roof",specialist-housing; change-of-use; conversion,24,inside-settlement; PDL,false,n/a,,2026-08,S4(1); HO9; P3,future occupier living conditions; neighbour noise; parking,s4-within-settlement; s4-substantially-outweighed; student-accommodation; living-conditions; noise; l2-substantial-weight; plan-making-policies-not-for-decisions; parties-consulted-on-2026-framework,https://planningdistilled.org/research/england/nppf-navigator/decisions/PINS-6007776.html
PINS-6008275,"Telephone box outside 71 Upper Street, Islington (discharge of conditions)",Islington,London,inspector,6008275,P2025/2073/AOD,2026-09-22,dismissed,written-representations,Approval of details (site management and servicing plans) under conditions 4 and 5 of a 2020 permission to convert a K6 kiosk to a retail unit,change-of-use; retail,,inside-settlement,false,n/a,,2026-08,TCPA s91 (lapse of permission),whether the permission is extant,tier-2; conditions-discharge; lapsed-permission; transitional-no-consultation,https://planningdistilled.org/research/england/nppf-navigator/decisions/PINS-6008275.html
PINS-6008601,"Hazelhurst Farm, Stockton, Worcestershire (live/work to residential)",Malvern Hills,West Midlands,inspector,6008601,M/25/01503/FUL,2026-09-22,dismissed,written-representations,Change of use of the work element of a live/work unit to additional living accommodation,change-of-use; employment,,open-countryside,false,n/a,,2026-08,S5(1)(c); E2; E4; L2,loss of rural employment opportunity,rural-employment-loss; live-work; s5-1-c-reuse; e2-substantial-weight; l2-effective-use; marketing-evidence-absent,https://planningdistilled.org/research/england/nppf-navigator/decisions/PINS-6008601.html
PINS-6008634,"Barn House, Warren Road, Fairlight",Rother,South East,inspector,6008634,RR/2025/1552/P,2026-09-22,dismissed,written-representations,Change of use of holiday let to permanent dwelling,change-of-use; housing-minor,1,open-countryside; isolated; national-landscape,false,n/a,2.63,2026-08,S5(3); HO11(1)(c); S5(4); E2; E4,loss of holiday accommodation; isolated home,isolated-home; s5-4-exceptional; s5-1-c-reuse; holiday-let-loss; housing-shortfall; national-landscape; small-scheme; parties-consulted-on-2026-framework,https://planningdistilled.org/research/england/nppf-navigator/decisions/PINS-6008634.html
PINS-6008707,"1 Gould Road, Feltham",Hounslow,London,inspector,6008707,P/2026/0295,2026-09-22,dismissed,written-representations,Change of use of family house to 8-person HMO (sui generis),change-of-use,,inside-settlement,false,n/a,,2026-08,S4(1); DP3(2)(a); DP3(3); TR3,accessibility of HMO location,s4-within-settlement; s4-substantially-outweighed; hmo; sustainable-location-fail; dp3-2-a-connectivity; parties-consulted-on-2026-framework,https://planningdistilled.org/research/england/nppf-navigator/decisions/PINS-6008707.html
PINS-6008785,"Land adjacent Hanley House, Hook-a-Gate, Shrewsbury",Shropshire,West Midlands,inspector,6008785,26/00065/OUT,2026-09-22,dismissed,written-representations,Outline for two dwellings (access only) on the corner of a field at the village edge,housing-minor,2,settlement-edge; open-countryside; rural-lane,false,n/a,4.61,2026-08,S5(1)(j); S5(2); DP3(3); DP3(1),character and appearance; location and accessibility; living conditions; BNG,s5-1-j; s5-2-refusal-policy; substantially-outweighed; design-refusal; sustainable-location-fail; rural-lane-no-footway; housing-shortfall; settlement-edge; small-scheme; parties-consulted-on-2026-framework,https://planningdistilled.org/research/england/nppf-navigator/decisions/PINS-6008785.html
PINS-6008881,"The Old Post House, Mundesley Road, Trimingham",North Norfolk,East of England,inspector,6008881,PF/25/2776,2026-09-22,dismissed,written-representations,"Retrospective change of use of domestic garage to Class E(b) bar (""The Cliffhanger"") with outdoor seating for 35",change-of-use; commercial; leisure,,open-countryside,false,n/a,,2026-08,S5(1)(b); S5(1)(c); S5(2); F9; P3; TR4,location; noise; parking and access; coastal change; amenity space,s5-1-b-necessity; s5-1-c-reuse; s5-2-refusal-policy; coastal-change; retrospective; rural-tourism; drafting-slip; parties-consulted-on-2026-framework,https://planningdistilled.org/research/england/nppf-navigator/decisions/PINS-6008881.html
PINS-6009228,"406-410 Beverley Road, Kingston upon Hull",Kingston upon Hull,Yorkshire and the Humber,inspector,6009228,25/01099/FULL,2026-09-22,dismissed,written-representations,Retention of metal fencing and canvas canopies (attached and free-standing) and proposed metal storage racking to a shop forecourt,commercial; retail,,inside-settlement; conservation-area,false,n/a,,2026-08,HE6; DP3; TR6(4); S4(2)(c),conservation area; highway safety; inclusive access; crime,s4-within-settlement; s4-2-c-refusal-policy; heritage-harm-decisive; conservation-area; retrospective; parties-consulted-on-2026-framework; tc2-substantial-weight,https://planningdistilled.org/research/england/nppf-navigator/decisions/PINS-6009228.html
PINS-6009276,"Premier House, 13 Bark Street East, Bolton",Bolton,North West,inspector,6009276,21353/25,2026-09-22,dismissed,written-representations,Change of use of Class E building to 2 flats,housing-minor; change-of-use,2,inside-settlement; conservation-area,false,n/a,,2026-08,S4; P3; HE6; DP3,living conditions; conservation area,s4-within-settlement; s4-substantially-outweighed; living-conditions; conservation-area; small-scheme; parties-consulted-on-2026-framework; tier-2,https://planningdistilled.org/research/england/nppf-navigator/decisions/PINS-6009276.html
PINS-6009357,"Annexe at 8 Longridge Road, Hurst Green",Ribble Valley,North West,inspector,6009357,3/2026/0146,2026-09-22,allowed,written-representations,Change of use of annexe to a separate dwelling,housing-minor; change-of-use,1,inside-settlement; conservation-area,false,n/a,2.24,2026-08,S4; HO7; TR3,suitable location; access to services,s4-within-settlement; s4-approve; sustainable-location-pass; housing-shortfall; small-scheme; conservation-area,https://planningdistilled.org/research/england/nppf-navigator/decisions/PINS-6009357.html
PINS-6010035,"Victoria Vaults, 47-49 Nunnery Lane, York (pub/music venue to 3 townhouses)",York,Yorkshire and the Humber,inspector,6010035,25/01690/FUL,2026-09-22,dismissed,hearing,Conversion of Victoria Vaults public house and live-music venue into 3 townhouses (non-determination appeal),housing-minor; conversion; change-of-use,3,inside-settlement; conservation-area; listed-building-setting,false,n/a,,2026-08,HC6(1)(a); HC6(2); E2; S4(2)(a)(i); S4,loss of community facility and cultural venue; loss of employment use; S4 balance,pub-loss; cultural-venue; hc6-marketing-12-months; community-facility; s4-substantially-outweighed; s4-2-a-i; housing-supply-5yr; parties-consulted-on-2026-framework; costs-refused; non-determination,https://planningdistilled.org/research/england/nppf-navigator/decisions/PINS-6010035.html
PINS-6010236,"Knightswood Cottage, Prince Albert Drive, Ascot",Bracknell Forest,South East,inspector,6010236,25/00773/FUL,2026-09-22,dismissed,householder,"Single-storey infill extension with roof lantern, rooflights, front dormer to house and side dormer to garage",householder,,green-belt,true,n/a,,2026-08,GB7(1)(b); GB6(2),inappropriate development; openness; VSC,disproportionate-extension; householder-gb; fallback; vsc-not-shown; transitional-no-consultation,https://planningdistilled.org/research/england/nppf-navigator/decisions/PINS-6010236.html
PINS-6010525,"Meadow Cottage, Brook Hill, Brook, Albury",Guildford,South East,inspector,6010525,26/P/00345,2026-09-22,dismissed,householder,Detached oak-framed garage/carport (about 3.9 m high),householder,,green-belt; listed-building-setting,true,not-argued,,2026-08,GB7(1)(b); GB6(2),disproportionate extension; openness; VSC,disproportionate-extension; outbuilding-as-extension; vsc-not-shown; openness-harm; householder; transitional-no-consultation,https://planningdistilled.org/research/england/nppf-navigator/decisions/PINS-6010525.html
PINS-6010772,"33 Western Avenue, Thorpe, Egham",Runnymede,South East,inspector,6010772,RU.25/1146,2026-09-22,dismissed,written-representations,"Subdivision of bungalow into 2 semi-detached dwellings with roof, front and side extensions and dropped kerb",housing-minor,2,inside-settlement,false,n/a,,2026-08,N2,biodiversity net gain,tier-2; bng-private-gardens; transitional-no-consultation; small-scheme,https://planningdistilled.org/research/england/nppf-navigator/decisions/PINS-6010772.html
PINS-6010826,"Land at Main Street, Great Brington",West Northamptonshire,East Midlands,inspector,6010826,2025/4825/FULL,2026-09-22,dismissed,written-representations,One new two-storey dwelling on an undeveloped paddock with a stable at the village edge,housing-minor,1,settlement-edge; open-countryside,false,n/a,,2026-08,S3; S5(1)(j); S5(2); DP3,location of development; character and appearance,s5-1-j; dp3-refuse-trigger; s5-2-refusal-policy; design-refusal; substantially-outweighed; parties-consulted-on-2026-framework; small-scheme; self-build-unsecured; housing-shortfall; drafting-slip,https://planningdistilled.org/research/england/nppf-navigator/decisions/PINS-6010826.html
PINS-6011055,"Victoria Vaults, 47-49 Nunnery Lane, York (pub/music venue to café)",York,Yorkshire and the Humber,inspector,6011055,25/01793/FUL,2026-09-22,dismissed,hearing,Change of use of ground floor from public house (sui generis) to café (Class E),change-of-use; commercial,,inside-settlement; conservation-area; listed-building-setting,false,n/a,,2026-08,HC6(1)(a); HC6(1)(c); HC6(2); S4(2)(a)(i); S4,loss of community facility; loss of cultural venue; viability and marketing; S4 balance,pub-loss; cultural-venue; hc6-marketing-12-months; community-facility; s4-substantially-outweighed; s4-2-a-i; asset-of-community-value; parties-consulted-on-2026-framework,https://planningdistilled.org/research/england/nppf-navigator/decisions/PINS-6011055.html
PINS-6011736,"Land adjacent to Oaklands Drive, Copthorne Bank, Copthorne",Tandridge,South East,inspector,6011736,TA/2025/1318,2026-09-22,dismissed,written-representations,"Seven two-storey dwellings with access, garaging and parking (Asprey Homes Southern)",housing-minor,7,green-belt; rural-lane; open-countryside,true,accepted,2.17,2026-08,GB7(1)(g)(iii); TR3; GB6(2),sustainable location; grey belt; openness; VSC balance,grey-belt-accepted; sustainable-location-fail; vsc-not-shown; openness-harm; small-scheme; housing-shortfall; connectivity-tool; rural-lane-no-footway; travel-vouchers-rejected,https://planningdistilled.org/research/england/nppf-navigator/decisions/PINS-6011736.html
PINS-6012162,"Oakwood House, School Lane, West Kingsdown",Sevenoaks,South East,inspector,6012162,26/00681/HOUSE,2026-09-22,allowed,householder,Detached outbuilding (storage/workshop) in the grounds of a large rural dwelling,householder,,green-belt; open-countryside,true,not-argued,,2026-08,GB7(1)(e); AnnexB:previously-developed-land,inappropriate development; openness; PDL,pdl-e-limb; garden-pdl-outside-built-up-area; householder; local-plan-inconsistent-annex-a; openness-limited,https://planningdistilled.org/research/england/nppf-navigator/decisions/PINS-6012162.html
PINS-6012481,"Well Hill Nursery, Fountain Farm, Firmingers Road, Orpington",Sevenoaks,South East,inspector,6012481,26/00213/OUT,2026-09-22,dismissed,written-representations,"Outline (all matters reserved), residential development of up to six dwellings (claimed self-build), offset by removing adjoining commercial buildings",housing-minor,6,green-belt; open-countryside; rural-lane,true,accepted,2.96,2026-08,GB7(1)(g)(iii); TR3; GB6(2); N2; P3; TR6,inappropriate development; openness; protected species; highway safety; noise; VSC,grey-belt-accepted; sustainable-location-fail; connectivity-tool-used; vsc-not-shown; openness-harm; small-scheme; housing-shortfall; pdl-e-limb; protected-species-surveys-missing; self-build-unsecured; rural-lane-no-footway,https://planningdistilled.org/research/england/nppf-navigator/decisions/PINS-6012481.html
PINS-6012542,"132 Chiswick High Road, Chiswick",Hounslow,London,inspector,6012542,P/2025/3419,2026-09-22,dismissed,written-representations,"Permanent timber enclosure to front outdoor seating area of a Class E premises, with shopfront door alterations",commercial,,inside-settlement; conservation-area,false,n/a,,2026-08,HE6; TR4; S4(1),conservation area; pedestrian safety,tier-2; s4-within-settlement; s4-substantially-outweighed; heritage-harm-decisive; conservation-area; e2-substantial-weight; pedestrian-safety; parties-consulted-on-2026-framework,https://planningdistilled.org/research/england/nppf-navigator/decisions/PINS-6012542.html
PINS-6012915,"Pavement outside Old Town Market, 7 Dear Hay Lane (Chapel Lane), Poole","Bournemouth, Christchurch and Poole",South West,inspector,6012915,P/26/01806/FUL,2026-09-22,dismissed,written-representations,"BT Street Hub replacing a payphone (Appeal A) and two 75-inch digital advert screens (Appeal B 6012919, P/26/01805/ADV)",telecoms; advertisement,,inside-settlement; conservation-area; listed-building-setting,false,n/a,,2026-08,HE6(4); HE6(1); HE6(3),conservation area and listed building setting; visual amenity (advert),street-hub; digital-advertising; telecoms; conservation-area; heritage-harm-decisive; he6-public-benefits-insufficient; he6-harm-ungraded; he6-substantial-weight; alternative-sites; transitional-no-consultation,https://planningdistilled.org/research/england/nppf-navigator/decisions/PINS-6012915.html
stratford-26-01906-PIP,"Forest Farm, Welford Road, Long Marston",Stratford-on-Avon,West Midlands,lpa-delegated,,26/01906/PIP,2026-09-22,approved,delegated,Permission in principle for one dwelling in the south garden of a Grade II listed farmhouse,PIP; housing-minor,1,inside-settlement; listed-building-setting,false,n/a,2.21,2026-08,S4(1); HE6(3),heritage setting; principle within settlement,PIP; s4-within-settlement; s4-approve; heritage-harm-outweighed; inconsistent-with-other-sdc-decisions; no-he6-4-balance; small-scheme; stratford-relevant,https://planningdistilled.org/research/england/nppf-navigator/decisions/stratford-26-01906-PIP.html
PINS-6003001,"Eyhurst Farm House, Outwood Lane, Kingswood",Reigate and Banstead,South East,inspector,6003001,25/01468/F,2026-09-21,dismissed,written-representations,"Demolition of curtilage-listed stables (in dwelling use) and erection of a relocated single-storey 3-bed ""replacement"" dwelling in an open field",replacement-dwelling; housing-minor,1,green-belt; open-countryside; listed-building-setting,true,accepted,,2026-08,GB7(1)(g)(ii); GB7(1)(b); GB6(2); HE4; HE6,grey belt; replacement building; openness; character; heritage; VSC balance,grey-belt-accepted; unmet-need-evidence-fail; sustainable-location-fail; replacement-dwelling-relocated; athlone-house-baseline; vsc-not-shown; openness-harm; heritage-harm-decisive; curtilage-methuen-campbell; inspector-raised-own-ground; small-scheme,https://planningdistilled.org/research/england/nppf-navigator/decisions/PINS-6003001.html
PINS-6004691,"Land south of Woodview House, Perry Hill, Cliffe Woods",Medway,South East,inspector,6004691,MC/25/1361,2026-09-21,dismissed,written-representations,Permission in principle for 1-3 self-build dwellings,housing-minor; PIP; self-build,3,open-countryside; settlement-edge; rural-lane,false,n/a,3.1,2026-08,S5(1)(j)(i); S5(4); DP3(3); N2,character and appearance; S5 location; self-build need,PIP; self-build; s5-1-j; s5-4-exceptional; dp3-refuse-trigger; landscape-harm; housing-shortfall; self-build-shortfall; coalescence; local-policy-consistency; small-scheme; parties-consulted-on-2026-framework,https://planningdistilled.org/research/england/nppf-navigator/decisions/PINS-6004691.html
PINS-6004752,"10 Dew Lane, Ormesby",Redcar and Cleveland,North East,inspector,6004752,R/2025/0238/VC,2026-09-21,dismissed,written-representations,s73 variation of approved plans condition to reposition a part-built detached dwelling in a rear garden (original permission R/2021/0639/RS),housing-minor,1,inside-settlement; garden-land,false,n/a,,2026-08,N6; S4; HO7,habitats nutrient neutrality; habitats recreational disturbance; living conditions,habitats-mitigation; nutrient-neutrality; s73-variation; fallback; s4-substantially-outweighed; ho7-moderate-weight-no-evidenced-need; transitional-no-consultation; small-scheme; garden-land,https://planningdistilled.org/research/england/nppf-navigator/decisions/PINS-6004752.html
PINS-6004977,"Former Middleton Conservative Club, 77 Long Street, Middleton (events venue)",Rochdale,North West,inspector,6004977,25/00577/FUL,2026-09-21,dismissed,written-representations,"Change of use of former Conservative Club and banqueting hall (non-designated heritage asset) to multi-functional events space with side extension, ramp, retaining wall and 58-space car parking on former bowling green (non-determination appeal)",change-of-use; leisure; commercial,,inside-settlement; conservation-area; listed-building-setting,false,n/a,,2026-08,HE5(1); HE6(1); HE6(4); TR4(1)(a); P3(2)(a); P3(2)(c); N2(1)(f),heritage; highway and pedestrian safety; living conditions noise and air quality; protected species,community-facility; events-venue; heritage-assessment-missing; pedestrian-priority; air-quality-aqma; protected-species-survey; e2-substantial-weight; parties-consulted-on-2026-framework,https://planningdistilled.org/research/england/nppf-navigator/decisions/PINS-6004977.html
PINS-6005225,"1 The Down Cottages, Lamberhurst (rear extensions, listed building)",Tunbridge Wells,South East,inspector,6005225,25/02947/FULL,2026-09-21,dismissed,written-representations,Two single-storey rear extensions and patio to a Grade II listed 17th-century cottage (Appeal A; linked LBC Appeal B 6005229),householder,,listed-building-setting; conservation-area; national-landscape,false,n/a,,2026-08,HE6(1); HE4(2); HE6(4),listed building,tier-2; listed-building; heritage-harm-decisive; parties-consulted-on-2026-framework; national-landscape; he6-harm-graded; he6-public-benefits-insufficient; alternatives-not-explored; householder,https://planningdistilled.org/research/england/nppf-navigator/decisions/PINS-6005225.html
PINS-6006496,"Little Brook Farm, Reigate Road, Sidlow",Reigate and Banstead,South East,inspector,6006496,25/00197/F,2026-09-21,dismissed,written-representations,"Two agricultural buildings (storage of haylage, silage, maize, equipment; winter housing for sheep)",agricultural,,green-belt; open-countryside; ancient-woodland,true,n/a,,2026-08,S5(2); N6; TR6,ecology; character; highway safety; inappropriate development; BNG,agricultural-building; gb-not-inappropriate-but-refused; s5-2-refusal-trigger; ancient-woodland; highway-visibility; substantially-outweighed; bng-credits,https://planningdistilled.org/research/england/nppf-navigator/decisions/PINS-6006496.html
PINS-6006517,"Site I, The Mill, Catteshall Road, Godalming",Waverley,South East,inspector,6006517,WA/2023/02694,2026-09-21,dismissed,written-representations,"Building of 9 flats with parking, in lieu of an extant 2002 permission for an office building",housing-minor,9,inside-settlement; conservation-area; flood-zone-2; flood-zone-3; PDL,false,n/a,1.28,2026-08,S4; DP3(3); F7(2); HO7,character and appearance of ASVI; flood risk; SNCI; living conditions,s4-within-settlement; substantially-outweighed; housing-shortfall; flood-risk; flood-safe-access; fallback-rejected; parties-consulted-on-2026-framework; dp3-clear-justification; s4-2-refusal-directions; old-wording-slip,https://planningdistilled.org/research/england/nppf-navigator/decisions/PINS-6006517.html
PINS-6006761,"Blunts Farm, Coopersale Lane, Theydon Bois",Epping Forest,East of England,inspector,6006761,EPF/1406/22,2026-09-21,dismissed,written-representations,"Change of use of former agricultural buildings to B8 storage (c. 2,000 sq m, 30 units) and associated development",commercial; employment; change-of-use,,green-belt; open-countryside; rural-lane,true,not-argued,,2026-08,TR6(4); S5(2); S5(5); GB7(1)(b),highway safety; sustainable location; S5(5) balance,gb7-1-b-reuse; not-inappropriate; s5-5-substantially-outweighed; s5-2-refusal-policy; highway-safety-visibility; freight-logistics; rural-lane-no-footway; grampian-condition-unenforceable,https://planningdistilled.org/research/england/nppf-navigator/decisions/PINS-6006761.html
PINS-6007054,"2 Chantry View Road, Guildford",Guildford,South East,inspector,6007054,24/P/01774,2026-09-21,dismissed,written-representations,Detached two-storey self-build dwelling in the garden of a Grade II listed former farmhouse,housing-minor; self-build,1,inside-settlement; listed-building-setting,false,n/a,2.98,2026-08,HE6(3); HE6(4); S4(1),setting of listed building; setting of conservation areas; character and appearance,s4-within-settlement; s4-substantially-outweighed; heritage-harm-decisive; he6-public-benefits-insufficient; he6-3-considerable-weight; listed-building; housing-shortfall; self-build; parties-consulted-on-2026-framework; small-scheme; garden-land,https://planningdistilled.org/research/england/nppf-navigator/decisions/PINS-6007054.html
PINS-6007121,"Deerleap Bank, Halstead Lane, Knockholt/Halstead",Sevenoaks,South East,inspector,6007121,25/03516/PIP,2026-09-21,dismissed,written-representations,"Permission in principle for 4-6 net dwellings replacing an existing bungalow, garage and outbuilding",PIP; housing-minor,6,green-belt; PDL,true,accepted,2.96,2026-08,L3; S5(5); GB7(1)(g); GB7(1)(e),grey belt; openness; density,grey-belt-accepted; not-inappropriate; pdl-e-limb; PIP; low-density-refusal; l3-efficient-use; s5-5-balance; housing-shortfall; small-scheme; green-belt-pass-other-policy-fail,https://planningdistilled.org/research/england/nppf-navigator/decisions/PINS-6007121.html
PINS-6007319,"275 Addiscombe Road, Croydon",Croydon,London,inspector,6007319,25/02716/OUT,2026-09-21,allowed,written-representations,"Outline (layout and scale) for demolition and a 4-storey building with roof accommodation, 19 flats",housing-major,19,inside-settlement; TPO,false,n/a,,2026-08,S3(2),future occupier living conditions; neighbour noise; affordable housing and infrastructure contributions,tier-2; plan-led; living-conditions; viability-review; parties-consulted-on-2026-framework; limited-nppf-engagement,https://planningdistilled.org/research/england/nppf-navigator/decisions/PINS-6007319.html
PINS-6008115,"The Barn (opposite Lansdowne House), Fordingbridge",New Forest,South East,inspector,6008115,25/10858,2026-09-21,dismissed,written-representations,"Change of use of agricultural barn to dwelling, part demolition of stables and demolition of pole barn",conversion; housing-minor,1,open-countryside; isolated; rural-lane,false,n/a,1.53,2026-08,S5(3); HO11(1)(c); DP3(1); DP3(2)(d),suitable location; character of the area,s5-1-c-reuse; isolated-home; ho11-1-c; sustainable-location-fail; rural-lane-no-footway; housing-shortfall; dp3-2-d-transport; lp-policy-very-limited-weight; parties-consulted-on-2026-framework,https://planningdistilled.org/research/england/nppf-navigator/decisions/PINS-6008115.html
PINS-6008318,"Mollen Farm, Edgarley Road, Glastonbury (Class E commercial units)",Somerset,South West,inspector,6008318,2024/2311/FUL,2026-09-21,allowed,written-representations,"Two Dutch-barn-style buildings with six Class E units (light industrial, offices, food and drink, fitness/recreation) in a field outside development limits",commercial; employment,,open-countryside; listed-building-setting; valued-landscape,false,n/a,,2026-08,s38(6); HE6,suitability of location; character and appearance and heritage setting,tier-2; rural-economy; plan-led; heritage-neutral; s5-not-applied,https://planningdistilled.org/research/england/nppf-navigator/decisions/PINS-6008318.html
PINS-6008437,"Chy Trygh, Towan Cross, Mount Hawke",Cornwall,South West,inspector,6008437,PA25/02049,2026-09-21,allowed,written-representations,s73 removal of condition 3 (occupancy tied to The Victory Inn) on dwelling permission PA20/03304,housing-minor; other,1,inside-settlement,false,n/a,,2026-08,AnnexB:settlement; DM6,necessity of occupancy condition; spatial strategy,tier-2; s73-variation; occupancy-condition; settlement-definition; hamlet; limited-nppf-engagement,https://planningdistilled.org/research/england/nppf-navigator/decisions/PINS-6008437.html
PINS-6008548,"Land at Polden View, Maunsel Road, North Newton",Somerset,South West,inspector,6008548,37/26/00005,2026-09-21,allowed,written-representations,Outline (access) for 2 market dwellings on a site with extant outline permission for 2 self-build dwellings,housing-minor,2,settlement-edge; open-countryside,false,n/a,4.17,2026-08,S5(1)(j); HO7,appropriateness of residential development in the countryside,s5-1-j; sustainable-location-pass; housing-shortfall; small-scheme; self-build; fallback; parties-consulted-on-2026-framework; plan-led,https://planningdistilled.org/research/england/nppf-navigator/decisions/PINS-6008548.html
PINS-6008659,"Land north of Willies Well, Crawcrook, Ryton (shepherd's hut)",Gateshead,North East,inspector,6008659,DC/25/00113/FUL,2026-09-21,dismissed,written-representations,Retrospective change of use of land to mixed agricultural and holiday let (sui generis) with a shepherd's hut,leisure; change-of-use,,green-belt; open-countryside; conservation-area; listed-building-setting,true,not-argued,,2026-08,GB6(2); HE6,openness; heritage; VSC,vsc-not-shown; openness-harm; tourism-accommodation; retrospective; heritage-harm; great-weight-old-wording,https://planningdistilled.org/research/england/nppf-navigator/decisions/PINS-6008659.html
PINS-6008977,"90 Park Road, Wigan",Wigan,North West,inspector,6008977,A/25/099638/FULL,2026-09-21,dismissed,written-representations,Retrospective change of use of terraced house to 6-person C4 HMO with rear dormer and rooflights,change-of-use,,inside-settlement,false,n/a,,2026-08,S4(1); P3; DP3,mixed communities; neighbour living conditions; future occupiers,tier-2; s4-within-settlement; s4-substantially-outweighed; hmo; retrospective; parties-consulted-on-2026-framework,https://planningdistilled.org/research/england/nppf-navigator/decisions/PINS-6008977.html
PINS-6009127,"286 Great North Road, Woodlands, Doncaster",Doncaster,Yorkshire and the Humber,inspector,6009127,25/02200/COU,2026-09-21,dismissed,written-representations,Change of use of first floor and attic flat to two 1-bed flats with rooflights,housing-minor; conversion,1,inside-settlement,false,n/a,,2026-08,S4(1); DP3(3),living conditions of future occupiers,s4-within-settlement; s4-substantially-outweighed; dp3-3-plan-compliance; space-standards; small-scheme; parties-consulted-on-2026-framework,https://planningdistilled.org/research/england/nppf-navigator/decisions/PINS-6009127.html
PINS-6009189,"Littlewood Farm, Jail Lane, Biggin Hill",Bromley,London,inspector,6009189,25/05448/FPA,2026-09-21,allowed,written-representations,"Demolition of stables, tack room and hay barn; three detached two-storey dwellings",housing-minor; equestrian,3,green-belt; PDL,true,not-argued,,2026-08,GB7(1)(e); AnnexB:previously-developed-land,effect of revised Framework on Green Belt assessment,pdl-e-limb; equestrian-pdl; non-determination; pd-rights-removed; small-scheme,https://planningdistilled.org/research/england/nppf-navigator/decisions/PINS-6009189.html
PINS-6009545,"Land at 38 Ackerman Street, Eaton Socon, St Neots",Huntingdonshire,East of England,inspector,6009545,25/01894/FUL,2026-09-21,dismissed,written-representations,Three-bedroom backland bungalow with garage in former pub garden,housing-minor,1,inside-settlement; conservation-area; listed-building-setting,false,n/a,3.68,2026-08,HE6(4); S4(1); DP3(1),setting of listed building; conservation area; character,heritage-harm-decisive; he6-public-benefits-insufficient; he6-harm-graded; s4-substantially-outweighed; housing-shortfall; backland; conservation-area; drafting-slip; parties-consulted-on-2026-framework; small-scheme,https://planningdistilled.org/research/england/nppf-navigator/decisions/PINS-6009545.html
PINS-6009677,"Black Cottage, Henley Down, Catsfield (holiday-let rooflight glazing condition)",Rother,South East,inspector,6009677,RR/2025/2135/FULL,2026-09-21,allowed,written-representations,Appeal against condition 4 (electrochromic/smart glazing to rear rooflights) on permission for garage-to-holiday-let conversion in the High Weald National Landscape,change-of-use; leisure,,open-countryside; national-landscape,false,n/a,,2026-08,DM6; N4; P3,necessity of dark-skies condition,conditions-appeal; dark-skies; national-landscape; parties-consulted-on-2026-framework,https://planningdistilled.org/research/england/nppf-navigator/decisions/PINS-6009677.html
PINS-6009737,"12 Hyde Park Terrace, Leeds (9-bed HMO to 6 flats)",Leeds,Yorkshire and the Humber,inspector,6009737,25/05170/FU,2026-09-21,dismissed,written-representations,Change of use from 9-bed sui generis HMO to six self-contained flats with rooflights and lightwell,change-of-use; housing-minor,6,inside-settlement; conservation-area,false,n/a,,2026-08,s38(6); TR6,living conditions; highway safety,tier-2; hmo; flat-conversion; living-conditions; parking-stress; appeal-planning-officer; transitional-no-consultation,https://planningdistilled.org/research/england/nppf-navigator/decisions/PINS-6009737.html
PINS-6009739,"Priors Court Farm, Rudge Lane, Beckington",Somerset,South West,inspector,6009739,2026/0437/PAA,2026-09-21,allowed,written-representations,"Class Q prior approval, agricultural barns C and D to 6 dwellings (with extension to Barn D)",housing-minor; conversion; agricultural,6,open-countryside; listed-building-setting,false,n/a,,2026-08,GPDO Sch2 Pt3 Class Q.1(p); GPDO Sch2 Pt3 Class Q.2(1)(a),suitable existing access; transport impacts; location/siting (noise),tier-2; class-q; prior-approval; parties-consulted-on-2026-framework,https://planningdistilled.org/research/england/nppf-navigator/decisions/PINS-6009739.html
PINS-6009985,"Plot 1, F I M Renewable Energy Farm, Mill Lane, Kirtlington",Cherwell,South East,inspector,6009985,25/02893/PIP,2026-09-21,dismissed,written-representations,Permission in principle - conversion of an agricultural building to 2 dwellings,PIP; conversion; housing-minor,2,open-countryside; isolated; rural-lane,false,n/a,,2026-08,S5(3); HO11; S5(1)(j); TR3,sustainable location; character and appearance,PIP; isolated-home; s5-3-isolated; s5-1-j; sustainable-location-fail; rural-lane-no-footway; substantially-outweighed; agricultural-building; parties-consulted-on-2026-framework; small-scheme,https://planningdistilled.org/research/england/nppf-navigator/decisions/PINS-6009985.html
PINS-6010187,"Wagtails Farm, Okehurst Road, The Haven, Billingshurst",Horsham,South East,inspector,6010187,DC/25/1803,2026-09-21,dismissed,hearing,Siting of temporary (3-year) rural worker's dwelling (mobile home) and associated works,housing-minor; agricultural,1,open-countryside; isolated,false,n/a,1,2026-08,HO11(1)(a); S5(3); S5(1)(j),functional need for rural worker's dwelling; isolated homes,isolated-home; rural-worker-dwelling; s5-1-j; housing-shortfall; e2-substantial-weight; small-scheme; parties-consulted-on-2026-framework,https://planningdistilled.org/research/england/nppf-navigator/decisions/PINS-6010187.html
PINS-6010311,"15 Compton Road, Buxton",High Peak,East Midlands,inspector,6010311,HPK/2025/0140,2026-09-21,allowed,householder,Replacement of timber porch windows and doors with heritage-style composite uPVC,householder,,inside-settlement; conservation-area,false,n/a,,2026-08,HE9,conservation area,tier-2; conservation-area; transitional-no-consultation; upvc-windows,https://planningdistilled.org/research/england/nppf-navigator/decisions/PINS-6010311.html
PINS-6010393,"Mulberry House, Middle Street, East Lambrook",Somerset,South West,inspector,6010393,25/00931/OUT,2026-09-21,dismissed,written-representations,"Outline for one single-storey custom-build dwelling in rear garden, planting, foul water upgrade",housing-minor; self-build,1,settlement-edge,false,n/a,2.22,2026-08,S4(1); L2(1)(d)(i); DP3(3); S5(1)(j),location and character,s4-within-settlement; s4-substantially-outweighed; s5-1-j; backland; design-refusal; l2-residential-curtilage; self-build; housing-shortfall; w4-water-quality; small-scheme; parties-consulted-on-2026-framework,https://planningdistilled.org/research/england/nppf-navigator/decisions/PINS-6010393.html
PINS-6010471,"Land south of Coppice Road, Higher Poynton",Cheshire East,North West,inspector,6010471,25/4766/PIP,2026-09-21,allowed,written-representations,Permission in principle for 1 to 7 dwellings on a 0.33 ha greenfield roadside parcel,PIP; housing-minor,7,green-belt; open-countryside; settlement-edge,true,accepted,,2026-08,GB7(1)(g)(i); GB7(1)(g)(iii); TR3(2); S5(5),grey belt; sustainable location; S5(5) balance,PIP; grey-belt-accepted; sustainable-location-pass; connectivity-tool; continuous-lit-footway; small-scheme; housing-shortfall; village-not-large-built-up-area; parcel-vs-site; s5-5-substantially-outweighed; not-inappropriate,https://planningdistilled.org/research/england/nppf-navigator/decisions/PINS-6010471.html
PINS-6010649,"Ashton Farm, Wedmore",Somerset,South West,inspector,6010649,15/25/00014,2026-09-21,dismissed,written-representations,"Class Q prior approval, two agricultural barns to 7 dwellinghouses with building operations",conversion; housing-minor; agricultural,7,open-countryside,false,n/a,,2026-08,P3(2)(a),noise to future occupiers; reasonably necessary demolition,tier-2; prior-approval; class-q; limited-nppf-engagement,https://planningdistilled.org/research/england/nppf-navigator/decisions/PINS-6010649.html
PINS-6010702,"28 Wychwood Close, Canons Park, Edgware",Harrow,London,inspector,6010702,PL/3354/25,2026-09-21,dismissed,written-representations,"Extensions to create a new 3-bed dwelling attached to the existing house, with subdivision of the garden",housing-minor,1,inside-settlement,false,n/a,,2026-08,S4(1); P3; DP3; TR6(4),living conditions; highway safety/parking; character (refuse storage),tier-2; s4-within-settlement; s4-substantially-outweighed; appeal-planning-officer; tr6-highway-safety; transitional-no-consultation,https://planningdistilled.org/research/england/nppf-navigator/decisions/PINS-6010702.html
PINS-6010909,"58 Podsmead Road, Gloucester",Gloucester,South West,inspector,6010909,25/00992/COU,2026-09-21,allowed,written-representations,Change of use from supported living home (up to five 16-18 year-olds) to children's home for four 8-18 year-olds,specialist-housing; change-of-use,,inside-settlement,false,n/a,,2026-08,S4(1); S3; HO7,need for children's home,s4-within-settlement; s4-approve; childrens-home; specialist-housing; parties-consulted-on-2026-framework; material-considerations-outweigh-plan,https://planningdistilled.org/research/england/nppf-navigator/decisions/PINS-6010909.html
PINS-6011421,"Land adjacent to Salisbury Cottages, Hadfield, Glossop",High Peak,East Midlands,inspector,6011421,HPK/2026/0021,2026-09-21,dismissed,written-representations,Detached dwelling on sloping land in the rear curtilage of 124-126 Station Road,housing-minor,1,inside-settlement,false,n/a,,2026-08,L2(1)(d)(ii); DP3,neighbour privacy; future occupier amenity; biodiversity net gain; character and appearance,s4-within-settlement; l2-1-d-curtilage; l2-substantial-weight; living-conditions; backland; bng-exemption-not-shown; parties-consulted-on-2026-framework; small-scheme; drafting-slip,https://planningdistilled.org/research/england/nppf-navigator/decisions/PINS-6011421.html
PINS-6011694,"Honeysuckle Bottom Sawmill, East Horsley",Guildford,South East,inspector,6011694,25/P/00759,2026-09-21,allowed,written-representations,"Demolition of sawmill buildings, conversion of barn to a dwelling and erection of two dwellings",housing-minor; conversion,3,open-countryside; isolated; national-landscape; ancient-woodland; PDL; rural-lane; green-belt,true,not-argued,,2026-08,S5(1)(c); S5(1)(d); S5(3); HO11(c); S5(4); N6,suitable location and accessibility; ancient woodland and SNCI,s5-1-c-reuse; s5-1-d-pdl; s5-4-exceptional; isolated-home; sustainable-location-fail; rural-lane-no-footway; fallback; ancient-woodland-buffer; drafting-slip; old-wording-slip; green-belt-policy-not-applied; national-landscape; non-determination; parties-consulted-on-2026-framework,https://planningdistilled.org/research/england/nppf-navigator/decisions/PINS-6011694.html
APP-E3335-W-25-3375062,"Land at Great Dunns Close, Beckington",Somerset,South West,inspector,APP/E3335/W/25/3375062,2024/1865/FUL,2026-09-18,allowed,hearing,"20 dwellings including 6 affordable (5 social rent), open space, pumping station",housing-major,20,settlement-edge; conservation-area; listed-building-setting,false,n/a,,2026-08,S5(1)(j); HE6(1); HE6(4); TR3,heritage setting; bathing water quality; sustainable location,s5-1-j; heritage-harm-outweighed; costs-award; transitional-no-consultation; primary-village; water-quality; housing-shortfall,https://planningdistilled.org/research/england/nppf-navigator/decisions/APP-E3335-W-25-3375062.html
lichfield-26-00855-OUT,"Land south of The Farm House, Church Road, Stonnall (up to 2 dwellings)",Lichfield,West Midlands,lpa-delegated,,26/00855/OUT,2026-09-18,approved,delegated,"Outline, access only, for up to two dwellings on an undeveloped plot between houses",housing-minor,2,green-belt; settlement-edge; listed-building-setting,true,accepted,3.5,2026-08,GB7(1)(g)(i); GB7(1)(g)(ii); GB7(1)(g)(iii); S5(5); TR3,grey belt via a council review; need; sustainable location; neighbourhood plan conflict,grey-belt-accepted; not-inappropriate; housing-shortfall; sustainable-location-pass; s5-5-balance; small-scheme; green-belt-review-evidence; reversal-of-prior-refusal; ai-disclosure,https://planningdistilled.org/research/england/nppf-navigator/decisions/lichfield-26-00855-OUT.html
PINS-6004496,"Land to rear of 223A Main Street, Thornton",Hinckley and Bosworth,East Midlands,inspector,6004496,25/00775/OUT,2026-09-18,dismissed,written-representations,Outline (access and layout) demolition of stables/storage buildings and erection of one detached (claimed self-build) dwelling,housing-minor; self-build,1,settlement-edge; open-countryside,false,n/a,,2026-08,N2(1)(a); S3,biodiversity net gain; suitable location; character and appearance,s5-1-j; bng-exemption-not-shown; self-build-unsecured; substantially-outweighed; small-scheme; housing-shortfall; annex-a-weight-reduction; parties-consulted-on-2026-framework; old-wording-slip; drafting-slip,https://planningdistilled.org/research/england/nppf-navigator/decisions/PINS-6004496.html
PINS-6005081,"Albury Dairy, Honey Lane, Selborne",South Downs National Park,South East,inspector,6005081,SDNP/25/04098/CND,2026-09-18,allowed,written-representations,s73 (non-determination) to vary hours condition and remove noise/HGV/electric-plant conditions on a barn-to-B8 storage permission (SDNP/23/01293/FUL),change-of-use; employment,,national-park; open-countryside,false,n/a,,2026-08,DM6; N4,living conditions; National Park tranquillity; conditions,tier-2; disputed-conditions; section-73; national-park; transitional-no-consultation; non-determination,https://planningdistilled.org/research/england/nppf-navigator/decisions/PINS-6005081.html
PINS-6005312,"13 Court Yard, Eltham",Greenwich,London,inspector,6005312,25/4000/PN5,2026-09-18,dismissed,written-representations,Appeal against car-free condition on Class AA prior approval for one-storey rooftop flat,housing-minor; other,1,inside-settlement; near-station,false,n/a,,2026-08,DM6,car-free condition,tier-2; conditions; car-free; transitional-no-consultation; upward-extension,https://planningdistilled.org/research/england/nppf-navigator/decisions/PINS-6005312.html
PINS-6005792,"273 Abingdon Road, Oxford",Oxford,South East,inspector,6005792,25/02635/FUL,2026-09-18,dismissed,written-representations,Dropped kerb to give vehicle access to a house driveway,householder,,inside-settlement,false,n/a,,not-cited,"TCPA s65(5), s327A(2)",validity of application,tier-2; no-framework-reference; invalid-application; ownership-certificate; procedural-dismissal,https://planningdistilled.org/research/england/nppf-navigator/decisions/PINS-6005792.html
PINS-6006656,"School Road Business Park, Newton Abbot",Teignbridge,South West,inspector,6006656,24/00446/FUL,2026-09-18,dismissed,written-representations,"Demolition of unit 3a, alterations/extensions to units 3, 6-9, change of unit 3 from tattoo parlour to B2",employment; commercial; change-of-use,,inside-settlement; PDL,false,n/a,,2026-08,N2(1)(f); S4; S3,protected species; living conditions; housing allocation,tier-2; protected-species-surveys-missing; e2-substantial-weight; s4-substantially-outweighed; surveys-not-by-condition,https://planningdistilled.org/research/england/nppf-navigator/decisions/PINS-6006656.html
PINS-6006720,"10 Pine View Close, Badshot Lea, Farnham",Waverley,South East,inspector,6006720,WA/2025/02373,2026-09-18,dismissed,written-representations,Removal of outbuildings and erection of a single-storey one-bedroom dwelling in the rear garden,housing-minor,1,inside-settlement; listed-building-setting,false,n/a,1.28,2026-08,S4(2)(c); DP3(1); DP3(3); P3(2)(a); N2(1)(a),character and appearance; neighbour living conditions; future occupier living conditions; biodiversity,s4-within-settlement; s4-substantially-outweighed; s4-2-c-refusal-policy; dp3-refuse-trigger; design-refusal; backland; garden-land; living-conditions; housing-shortfall; small-scheme; parties-consulted-on-2026-framework; bng-not-demonstrated,https://planningdistilled.org/research/england/nppf-navigator/decisions/PINS-6006720.html
PINS-6006846,"1 Kingswood Close, Boldon Colliery",South Tyneside,North East,inspector,6006846,250347,2026-09-18,dismissed,written-representations,One detached three-bedroom two-storey house in a side garden with a new vehicular access onto Cotswold Lane (resubmission with revised parking/turning),housing-minor,1,inside-settlement,false,n/a,4.1,2026-08,S4(1); S4(2)(c); TR6(4); TR4(1)(c)(i),highway safety,s4-within-settlement; s4-2-c-refusal-policy; tr6-highway-safety; highway-safety-decisive; s4-substantially-outweighed; small-scheme; housing-shortfall; parties-consulted-on-2026-framework; new-local-plan; garden-infill,https://planningdistilled.org/research/england/nppf-navigator/decisions/PINS-6006846.html
PINS-6006900,"Land at Rogers Lane, Findon",South Downs National Park Authority,South East,inspector,6006900,SDNP/25/04240/PIP,2026-09-18,dismissed,written-representations,Permission in principle for one chalet-style (self-build) dwelling,housing-minor; PIP; self-build,1,national-park; open-countryside; rural-lane,false,n/a,4.8,2026-08,S5(4); N4; DP3; TR3,National Park landscape; spatial strategy and accessibility,PIP; national-park; s5-1-e-infill; s5-1-j; s5-4-exceptional; sustainable-location-fail; self-build; small-scheme; rural-lane-no-footway,https://planningdistilled.org/research/england/nppf-navigator/decisions/PINS-6006900.html
PINS-6007130,"Land south of Old Elstead Road, Milford",Waverley,South East,inspector,6007130,WA/2025/02158,2026-09-18,dismissed,written-representations,Outline for one custom self-build dwelling,housing-minor; self-build,1,green-belt; national-landscape; settlement-edge,true,accepted,1.28,2026-08,N4(1); DP3(1); DP3(3); S5(5); S5(2),national landscape; character and appearance; S5(5) balance,grey-belt-accepted; national-landscape; landscape-harm; substantially-outweighed; s5-5-green-belt-route; small-scheme; self-build; housing-shortfall; sustainable-location-pass,https://planningdistilled.org/research/england/nppf-navigator/decisions/PINS-6007130.html
PINS-6007305,"151 Northfield Avenue, West Ealing",Ealing,London,inspector,6007305,260351FUL,2026-09-18,dismissed,written-representations,Additional storey and room in roof above shop to form two 1-person studio flats,housing-minor,2,inside-settlement,false,n/a,,not-cited,P3(2)(a),future occupiers; refuse storage,tier-2; space-standards; upward-extension; framework-not-cited; costs-application,https://planningdistilled.org/research/england/nppf-navigator/decisions/PINS-6007305.html
PINS-6008500,"Bromsgrove House, Honeysome Road, Chatteris",Fenland,East of England,inspector,6008500,F/YR25/0750/F,2026-09-18,dismissed,written-representations,Appeal against 3-year temporary condition on permission for change of use of field to residential and siting of mobile home annexe; permission refused outright on redetermination,change-of-use; housing-minor,1,open-countryside; flood-zone-3,false,n/a,,2026-08,F5; F5(2)(c); S5(1); S5(2); S5(4); DM6,flood risk; location; character and appearance,conditions-appeal; annexe; flood-risk; sequential-test-failed; s5-2-refusal-policy; s5-4-exceptional; permission-lost-on-appeal; overturned-officer-rec; parties-consulted-on-2026-framework,https://planningdistilled.org/research/england/nppf-navigator/decisions/PINS-6008500.html
PINS-6009081,"Ground Floor Flat, 2 Douglas Road, Herne Bay",Canterbury,South East,inspector,6009081,CA/26/00307,2026-09-18,allowed,householder,Retrospective replacement of timber windows and rear door with uPVC in a conservation area,householder,,conservation-area; inside-settlement,false,n/a,,2026-08,HE5(2)(b),conservation area,tier-2; conservation-area; heritage-no-harm; upvc-windows; retrospective; parties-consulted-on-2026-framework,https://planningdistilled.org/research/england/nppf-navigator/decisions/PINS-6009081.html
PINS-6009147,"Unit 4A, Tinsley Lane North, Crawley",Crawley,South East,inspector,6009147,CR/2025/0344/FUL,2026-09-18,allowed,written-representations,Change of use from B8 to flexible B2/B8,employment; change-of-use,,inside-settlement,false,n/a,,2026-08,TR2,car parking and highway safety,tier-2; parties-consulted-on-2026-framework; parking-standards; limited-nppf-engagement,https://planningdistilled.org/research/england/nppf-navigator/decisions/PINS-6009147.html
PINS-6009211,"96A Green Dragon Lane, Southgate",Enfield,London,inspector,6009211,26/00343/FUL,2026-09-18,dismissed,written-representations,Conversion of first-floor flat into two flats with large rear dormer and hip-to-gable loft conversion,housing-minor; conversion,1,inside-settlement,false,n/a,,2026-08,DP3(3); S4(2),living conditions of future occupiers; character and appearance,tier-2; s4-within-settlement; s4-substantially-outweighed; design-refusal; appeal-planning-officer; transitional-no-consultation,https://planningdistilled.org/research/england/nppf-navigator/decisions/PINS-6009211.html
PINS-6009443,"Land east of Nordic Barn, Kilkhampton, Bude (glamping pods)",Cornwall,South West,inspector,6009443,PA26/00089,2026-09-18,dismissed,written-representations,"Three glamping pods with hardstanding, access drive and solar array",leisure,,open-countryside; valued-landscape; national-landscape; rural-lane,false,n/a,,2026-08,S5(1)(b); E4; N4; TR3(1); CC2(1)(a),character and appearance; access to services,sustainable-location-fail; rural-lane-no-footway; rural-tourism; landscape-harm; national-landscape; s5-1-b-substantially-outweighed; small-scheme,https://planningdistilled.org/research/england/nppf-navigator/decisions/PINS-6009443.html
PINS-6009474,"Sussex Topiary, Naldretts Lane, Rudgwick",Horsham,South East,inspector,6009474,DC/26/0271,2026-09-18,dismissed,written-representations,Permission in principle for 3-9 self-build park homes (non-determination),PIP; housing-minor; self-build,9,open-countryside; rural-lane,false,n/a,2.9,2026-08,S5(1)(e); S5(1)(h); S5(4); TR3; CC2; DP2; N2,location; land use and amount of development,PIP; non-determination; sustainable-location-fail; rural-lane-no-footway; s5-1-e-infill; s5-4-exceptional; connectivity-tool; self-build-unsecured; housing-shortfall; landscape-harm; parties-consulted-on-2026-framework,https://planningdistilled.org/research/england/nppf-navigator/decisions/PINS-6009474.html
PINS-6009598,"4A Gimmels Gate, Spalding",South Holland,East Midlands,inspector,6009598,H11-1294-25,2026-09-18,dismissed,written-representations,Retrospective change of use of storage shed to residential,housing-minor; change-of-use; conversion,1,open-countryside; flood-zone-3,false,n/a,,2026-08,S5(1)(c); S5(2); F6; F7,flood risk; location; living conditions,s5-1-c-reuse; s5-2-refusal-policy; substantially-outweighed; flood-risk; retrospective; plan-policy-inconsistent-with-framework; parties-consulted-on-2026-framework; small-scheme,https://planningdistilled.org/research/england/nppf-navigator/decisions/PINS-6009598.html
PINS-6009645,"Grandview House, 94 Broad Street, Wood Street (Guildford)",Guildford,South East,inspector,6009645,25/P/01540,2026-09-18,dismissed,written-representations,Chalet-style dwelling in the rear garden of Grandview House (non-determination appeal),housing-minor; self-build,1,green-belt; settlement-edge,true,accepted,,2026-08,N6; N2(2); GB7(1)(g)(iii),grey belt; sustainable location; SPA; ecology; privacy; character,grey-belt-accepted; sustainable-location-pass; unlit-footway-crossing; demand-responsive-bus; habitats-refusal; gcn-no-survey; self-build; small-scheme; non-determination; costs-refused; not-inappropriate,https://planningdistilled.org/research/england/nppf-navigator/decisions/PINS-6009645.html
PINS-6009866,"Outside Exchange Station / Barnsley Interchange, Midland Street (communication kiosk)",Barnsley,Yorkshire and the Humber,inspector,6009866,2025/0219,2026-09-18,dismissed,written-representations,"Communication kiosk (about 2.5 m high, over 1 m wide) with integrated defibrillator and illuminated digital advertisement (linked advertisement appeal 6009867, ref 2025/0294)",telecoms; advertisement,,inside-settlement; near-station; listed-building-setting,false,n/a,,2026-08,DP3(3); CO1(1)(b); S4(2)(c); S3,character and appearance; visual amenity,telecoms; street-hub; co1-substantial-weight; dp3-refuse-trigger; s4-2-c; substantially-outweighed; alternative-sites; design-refusal,https://planningdistilled.org/research/england/nppf-navigator/decisions/PINS-6009866.html
PINS-6009966,"Chedworth, Coopers Hill Road, South Nutfield",Tandridge,South East,inspector,6009966,TA/2025/954,2026-09-18,dismissed,written-representations,Permission in principle for up to 5 dwellings on a paddock,PIP; housing-minor,5,green-belt; open-countryside; rural-lane,true,accepted,,2026-08,GB7(1)(g)(iii); TR3; GB6(2),grey belt; sustainable location; openness; character and appearance; VSC balance,PIP; grey-belt-accepted; sustainable-location-fail; rural-lane-no-footway; small-scheme; vsc-not-shown; openness-harm; housing-shortfall; previous-appeal-consistency; bus-evidence-insufficient,https://planningdistilled.org/research/england/nppf-navigator/decisions/PINS-6009966.html
PINS-6009974,"Uplands Farm, Meggett Lane, Alkham (agricultural barn prior approval)",Dover,South East,inspector,6009974,26/00144,2026-09-18,allowed,written-representations,Prior approval (GPDO Sch 2 Part 6 Class A) for a 30.5 m x 15.2 m lambing barn,agricultural,,national-landscape; open-countryside,false,n/a,,not-cited,GPDO Sch 2 Pt 6 Class A,permitted development; siting design and appearance,prior-approval; agricultural; national-landscape; tier-2,https://planningdistilled.org/research/england/nppf-navigator/decisions/PINS-6009974.html
PINS-6010090,"Idson Farm, Idson Lane, Stogursey",Somerset,South West,inspector,6010090,3/32/25/001,2026-09-18,dismissed,written-representations,Retention of one caravan as temporary Hinkley Point C worker accommodation,housing-minor; change-of-use,1,open-countryside; isolated; rural-lane,false,n/a,,2026-08,S5(1)(j); S5(3); HO11; S5(4); TR6(4),location; highway safety,isolated-home; s5-1-j; s5-4-exceptional; sustainable-location-fail; housing-shortfall; retrospective; small-scheme; parties-consulted-on-2026-framework; tr6-highway-safety,https://planningdistilled.org/research/england/nppf-navigator/decisions/PINS-6010090.html
PINS-6010196,"Land at OS 7540 6621 Stourport Road, Great Witley (4 dwellings)",Malvern Hills,West Midlands,inspector,6010196,M/25/01626/FUL,2026-09-18,dismissed,written-representations,4 large detached dwellings on an edge-of-village field with extant permission in principle for up to 9,housing-minor,4,settlement-edge; open-countryside,false,n/a,5.48,2026-08,L3(4); L3(2)(b); HO7,efficient use of land; drainage,density-refusal; l3-efficient-use; PIP; parties-consulted-on-2026-framework; substantially-outweighed; small-scheme; s5-2-refusal-policy,https://planningdistilled.org/research/england/nppf-navigator/decisions/PINS-6010196.html
PINS-6010288,"St Albans House, 98 East Hill, Dartford",Dartford,South East,inspector,6010288,DA/26/00051/FUL,2026-09-18,dismissed,written-representations,"Vehicular crossover onto the A226, paved parking for two cars, partial removal of boundary wall",householder,,inside-settlement,false,n/a,,2026-08,DP3(3); TR6(4); TR4(1)(c)(i); S4(1),character and appearance; highway safety,tier-2; s4-within-settlement; s4-substantially-outweighed; design-refusal; tr6-highway-safety; retrospective; transitional-no-consultation,https://planningdistilled.org/research/england/nppf-navigator/decisions/PINS-6010288.html
PINS-6010348,"Barn on West Lane, Galphay, Ripon",North Yorkshire,Yorkshire and the Humber,inspector,6010348,26/00533/FUL,2026-09-18,dismissed,written-representations,Demolition of traditional stone barn and erection of one dwelling with new access (extant consent to convert the barn),housing-minor; replacement-dwelling,1,open-countryside; national-landscape; rural-lane,false,n/a,,2026-08,S5(1)(c); S5(1)(j); S5(4); N4; TR3,location of housing; National Landscape character; fallback,s5-1-c-reuse; s5-1-j; s5-4-exceptional; national-landscape; fallback; sustainable-location-fail; rural-lane-no-footway; housing-shortfall; small-scheme; parties-consulted-on-2026-framework,https://planningdistilled.org/research/england/nppf-navigator/decisions/PINS-6010348.html
PINS-6010501,"111A Parchmore Road, Thornton Heath",Croydon,London,inspector,6010501,26/00540/FUL,2026-09-18,dismissed,written-representations,Extensions and conversion of a 2-bed maisonette to a studio and a 1-bed flat,housing-minor; conversion,1,inside-settlement,false,n/a,,2026-08,S4(1); HO7; TR4; DP3,loss of small homes; cycle storage; refuse storage; parking,tier-2; s4-within-settlement; s4-substantially-outweighed; 5yhls-shown; parties-consulted-on-2026-framework,https://planningdistilled.org/research/england/nppf-navigator/decisions/PINS-6010501.html
PINS-6010552,"5 St Marys Road, Garston, Liverpool",Liverpool,North West,inspector,6010552,25F/1821,2026-09-18,dismissed,written-representations,Extension and change of use of vacant upper floors (consented as 2 flats) to 7-bed HMO above retained shop,change-of-use,,inside-settlement,false,n/a,,2026-08,HO9; L2(1)(d)(ii),living conditions of future occupiers,tier-2; hmo; parties-consulted-on-2026-framework; fallback,https://planningdistilled.org/research/england/nppf-navigator/decisions/PINS-6010552.html
PINS-6010616,"Vale View, West Bagborough",Somerset,South West,inspector,6010616,45/26/0003,2026-09-18,dismissed,written-representations,"Erection of four dwellings, garages and associated works",housing-minor,4,settlement-edge; national-landscape,false,n/a,3.95,2026-08,N2; S5(1)(j); HO7,protected species; biodiversity net gain; S5 balance,s5-1-j; substantially-outweighed; housing-shortfall; protected-species-survey; national-landscape; non-determination; parties-consulted-on-2026-framework; small-scheme,https://planningdistilled.org/research/england/nppf-navigator/decisions/PINS-6010616.html
PINS-6010834,"Land adjacent to Arcady, Coryates",Dorset,South West,inspector,6010834,P/FUL/2026/01044,2026-09-18,dismissed,written-representations,"Self-build single-storey dwelling in the garden of Arcady, with parking and amenity space",housing-minor; self-build,1,open-countryside; national-landscape; rural-lane; SSSI,false,n/a,2.53,2026-08,S5(1)(j); S5(4); S3,suitable location for housing; biodiversity net gain,self-build; self-build-unsecured; small-scheme; s5-1-j; s5-4-exceptional; sustainable-location-fail; rural-lane-no-footway; hamlet; national-landscape; bng-exemption-not-shown; housing-shortfall; parties-consulted-on-2026-framework; drafting-slip; habitats-regs,https://planningdistilled.org/research/england/nppf-navigator/decisions/PINS-6010834.html
PINS-6010848,"Land off Cheddington Road, Pitstone",Buckinghamshire,South East,inspector,6010848,PL/25/4416/FA,2026-09-18,dismissed,written-representations,Erection of a dwelling and detached double garage,housing-minor; self-build,1,settlement-edge; listed-building-setting,false,n/a,3.73,2026-08,N6; S5(1)(j)(i); TR3; S6,habitats site; location and spatial strategy,s5-1-j; sustainable-location-pass; habitats-mitigation-unsecured; self-build-unsecured; housing-shortfall; small-scheme; parties-consulted-on-2026-framework; s6-neighbourhood-plan,https://planningdistilled.org/research/england/nppf-navigator/decisions/PINS-6010848.html
PINS-6010883,"28 Central Parade, New Addington, Croydon (KFC late hours)",Croydon,London,inspector,6010883,26/00964/CONR,2026-09-18,dismissed,written-representations,Section 73 variation of hours condition on a restaurant/takeaway (KFC) to open until midnight Sunday-Thursday and 02:00 Friday-Saturday,commercial; other,,inside-settlement,false,n/a,,2026-08,P3,living conditions noise late at night,hot-food-takeaway; opening-hours; noise-night-time; s73-variation; old-para-mapping; parties-consulted-on-2026-framework,https://planningdistilled.org/research/england/nppf-navigator/decisions/PINS-6010883.html
PINS-6011095,"Land adjacent Crowcastle Lane, Kirtlington (retained storage container)",Cherwell,South East,inspector,6011095,25/03350/F,2026-09-18,dismissed,written-representations,Retrospective retention and relocation of a timber-clad storage container and hardstanding on a paddock,equestrian; other,,open-countryside; settlement-edge; listed-building-setting,false,n/a,,2026-08,Cherwell saved C8; DP3,character and appearance; rural need,retrospective; transitional-no-consultation; shipping-container; tier-2,https://planningdistilled.org/research/england/nppf-navigator/decisions/PINS-6011095.html
PINS-6011097,"7 Churchfields Road, Bromsgrove",Bromsgrove,West Midlands,inspector,6011097,25/00803/FUL,2026-09-18,allowed,written-representations,Demolition of existing buildings and erection of 3 dwellings with 6 frontage parking spaces,housing-minor,3,inside-settlement,false,n/a,,2026-08,TR6(4); TR3; TR4,highway safety for pedestrians,tier-2; tr6-severe-test; transitional-no-consultation; small-scheme,https://planningdistilled.org/research/england/nppf-navigator/decisions/PINS-6011097.html
PINS-6011375,"Land to rear of 34-40 Hillcrest Road, Walthamstow",Waltham Forest,London,inspector,6011375,260010,2026-09-18,dismissed,written-representations,"Single-storey backland bungalow (2-bed, car-free) with cycle and bin storage",housing-minor,1,inside-settlement,false,n/a,,2026-08,TR6(4); S4(1),highway safety; BNG; character and appearance,tier-2; s4-within-settlement; s4-substantially-outweighed; bng-metric-missing; obligation-unsecured; backland; small-scheme; parties-consulted-on-2026-framework,https://planningdistilled.org/research/england/nppf-navigator/decisions/PINS-6011375.html
PINS-6011432,"7 Grayling Close, Canning Town (solo children's home)",Newham,London,inspector,6011432,26/00517/COU,2026-09-18,allowed,written-representations,Change of use of dwelling to C2 children's home for a single child with staff overnight,specialist-housing; change-of-use,,inside-settlement,false,n/a,,2026-08,HO1; Newham LP H3,family housing; specialist accommodation strategy; sustainable travel,childrens-home; fallback; family-housing-loss; parties-consulted-on-2026-framework; tier-2,https://planningdistilled.org/research/england/nppf-navigator/decisions/PINS-6011432.html
PINS-6011467,"Land rear of Walsgrave Club, 146 Woodway Lane, Coventry",Coventry,West Midlands,inspector,6011467,PL/2025/0002077/FUL,2026-09-18,dismissed,written-representations,"Change of use of club car park to car wash with canopies, container and external works (part retrospective)",change-of-use; commercial,,inside-settlement,false,n/a,,2026-08,P3(2),character and appearance; living conditions (noise),tier-2; living-conditions; retrospective; wheatcroft; p3-as-primary-test; transitional-no-consultation,https://planningdistilled.org/research/england/nppf-navigator/decisions/PINS-6011467.html
PINS-6011498,"Woodstock House, Mole Street, Ockley",Mole Valley,South East,inspector,6011498,MO/2026/00517,2026-09-18,dismissed,written-representations,"Retrospective s73/s73A variation of conditions 2-5 and 9-11 on a 2021 permission for 2 replacement dwellings (as-built changes to siting, large flat-roof dormers, synthetic slate, new access track)",housing-minor; replacement-dwelling,2,open-countryside,false,n/a,,2026-08,DP3; DM6; S5(1); S5(2),character and appearance; conditions tests,s73-variation; retrospective; non-determination; design-refusal; dp3-refuse-trigger; s5-limb-not-identified; condition-appeal; roof-materials; landscape-harm; parties-consulted-on-2026-framework,https://planningdistilled.org/research/england/nppf-navigator/decisions/PINS-6011498.html
PINS-6011516,"73 High Street, Ruislip (bingo hall)",Hillingdon,London,inspector,6011516,14252/APP/2025/2753,2026-09-18,dismissed,written-representations,"Change of use of ground floor Class E (former bank) to sui generis 24-hour bingo hall, with fenestration amendments",change-of-use; leisure; commercial,,inside-settlement; conservation-area,false,n/a,,2026-08,TC2; Transitional(2); P3,town centre vitality and viability; living conditions noise at night,town-centre; class-e-frontage-policy; annex-a-weight-reduction; main-town-centre-use; noise-night-time; 24-hour-use; parties-consulted-on-2026-framework,https://planningdistilled.org/research/england/nppf-navigator/decisions/PINS-6011516.html
PINS-6011522,"108-114 Red Lane, Coventry",Coventry,West Midlands,inspector,6011522,PL/2024/0002558/FULM,2026-09-18,dismissed,written-representations,"Demolition and erection of a two and three storey community centre, education facility and place of worship (sui generis)",community-facility; other,,inside-settlement,false,n/a,,2026-08,TR6(4); TR4; TR3,parking and highway safety,tier-2; tr6-severe-test; parking; place-of-worship; community-facility; transitional-no-consultation,https://planningdistilled.org/research/england/nppf-navigator/decisions/PINS-6011522.html
PINS-6011661,"27 Lansdowne Street, Coventry",Coventry,West Midlands,inspector,6011661,PL/2025/0002120/FUL,2026-09-18,dismissed,written-representations,Change of use of terraced dwelling (C3) to C4 HMO,change-of-use,,inside-settlement,false,n/a,,not-cited,s38(6),HMO concentration; occupier living conditions; parking,tier-2; hmo; hmo-concentration; living-conditions; no-framework-reference,https://planningdistilled.org/research/england/nppf-navigator/decisions/PINS-6011661.html
PINS-6011901,"Land adjacent to 3 School Cottages, Worcester Park (1 dwelling)",Kingston upon Thames,London,inspector,6011901,24/03049/FUL,2026-09-18,dismissed,written-representations,Two-storey detached house on a side plot,housing-minor,1,inside-settlement,false,n/a,,2026-08,Kingston CS DM8; Kingston CS DM10,character; living conditions; BNG,bng; design-refusal; small-scheme; tier-2,https://planningdistilled.org/research/england/nppf-navigator/decisions/PINS-6011901.html
PINS-6011972,"Semper Fidelis, Wire Mill Lane, Newchapel",Tandridge,South East,inspector,6011972,TA/2026/347,2026-09-18,dismissed,written-representations,"Conversion of equestrian site to residential use, erection of eight detached dwellings",housing-minor,8,green-belt; PDL; rural-lane; open-countryside,true,not-argued,1.92,2026-08,GB7(1)(e); GB6(2); TR3; S5(5),inappropriate development / openness; sustainable transport; VSC,pdl-e-limb; openness-harm; substantial-openness-harm; volume-reduction-not-enough; sustainable-location-fail; rural-lane-no-footway; vsc-not-shown; housing-shortfall; small-scheme; grey-belt-not-argued,https://planningdistilled.org/research/england/nppf-navigator/decisions/PINS-6011972.html
PINS-6012106,"2 Killy Hill, Chobham",Surrey Heath,South East,inspector,6012106,26/0127/FFU,2026-09-18,dismissed,householder,Two-storey side extension and single-storey rear extension following partial demolition,householder,,green-belt,true,n/a,,2026-08,GB7(1)(b); GB6(2),openness; VSC balance incl. fallback,disproportionate-extension; openness-harm; vsc-not-shown; fallback; pd-fallback-not-reliable; transitional-no-consultation; householder,https://planningdistilled.org/research/england/nppf-navigator/decisions/PINS-6012106.html
PINS-6012437,"131-133 St Helens Street, Ipswich",Ipswich,East of England,inspector,6012437,IP/26/00145/FUL,2026-09-18,allowed,written-representations,"Change of use of two vacant shops (Class E) to one 16-bed, 16-person HMO with extensions, dormers and external alterations",change-of-use; conversion,,inside-settlement; conservation-area,false,n/a,,2026-08,P3,HMO over-concentration,tier-2; hmo; conservation-area; limited-nppf-engagement; committee-overturn,https://planningdistilled.org/research/england/nppf-navigator/decisions/PINS-6012437.html
wychavon-W-26-01639-PIP,"Fanday, Brandheath Lane, New End, Astwood Bank (1-5 dwellings PIP)",Wychavon,West Midlands,lpa-delegated,,W/26/01639/PIP,2026-09-18,refused,delegated,Permission in principle for 1 to 5 dwellings on paddock land,PIP; housing-minor,5,green-belt; open-countryside; rural-lane,true,accepted,,2026-08,GB6(2); GB7(1)(c); GB7(1)(g)(ii); GB7(1)(g)(iii); TR3(2); S5(5),grey belt; evidenced unmet need; sustainable location; limited infilling; openness,grey-belt-accepted; sustainable-location-fail; connectivity-tool; five-year-supply-met; rural-lane-no-footway; PIP; small-scheme; vsc-not-shown; old-wording-slip,https://planningdistilled.org/research/england/nppf-navigator/decisions/wychavon-W-26-01639-PIP.html
PINS-6004062,"Pavement outside 100 High Street, Crawley (BT Street Hub)",Crawley,South East,inspector,6004062,CR/2025/0512/FUL,2026-09-17,dismissed,written-representations,"BT Street Hub with two 75-inch digital displays, removal of payphones (Appeal A planning; Appeal B 6004064 advert consent CR/2025/0511/ADV)",telecoms; advertisement,,inside-settlement; listed-building-setting; conservation-area,false,n/a,,2026-08,S4; CO1; DP3,character and appearance; amenity and public safety (advert),tier-2; street-hub; telecoms; digital-advertising; co1-substantial-weight; s4-substantially-outweighed; parties-consulted-on-2026-framework,https://planningdistilled.org/research/england/nppf-navigator/decisions/PINS-6004062.html
PINS-6004144,"Land south of Warren Lane, Hurst Green",Tandridge,South East,inspector,6004144,2025/613,2026-09-17,dismissed,hearing,"Outline for up to 132 dwellings (50% affordable), open space, access from Holland Road",housing-major; affordable-led,132,green-belt; settlement-edge; listed-building-setting; agricultural-land-BMV,true,accepted,2,2026-08,P3; P4(2); S5(1)(j); S3; GB7(1)(g); GB8,odour; grey belt; sustainable location; Golden Rules; heritage; S5 balance,grey-belt-accepted; sustainable-location-pass; golden-rules; station-route-h; large-scheme; affordable-led; housing-shortfall; substantially-outweighed; costs-award; odour; annex-e; connectivity-tool; s5-1-j,https://planningdistilled.org/research/england/nppf-navigator/decisions/PINS-6004144.html
PINS-6005051,"33 Craven Road, Bayswater",Westminster,London,inspector,6005051,25/05033/LBC,2026-09-17,dismissed,written-representations,Retrospective timber serving hatch on mews flank wall of Grade II listed building (LBC 6005051 and planning APP/X5990/W/26/3377217),commercial; listed-building-consent,,inside-settlement; conservation-area; listed-building-setting,false,n/a,,2026-08,HE6(3); HE6(4); TR6(4),listed building and conservation area; highway safety,heritage-harm-decisive; old-heritage-wording; conservation-area; retrospective; highway-safety-fail; parties-consulted-on-2026-framework,https://planningdistilled.org/research/england/nppf-navigator/decisions/PINS-6005051.html
PINS-6006581,"Land west of Hedgehog Lane (Longdene House), Haslemere",Waverley,South East,inspector,6006581,WA/2025/01986,2026-09-17,dismissed,hearing,"Outline (access only) phased development of 14 dwellings - up to 8 affordable (social rent) and 6 self/custom build plots claimed as affordable - with access road, amenity space and landscaping",housing-major; affordable-led; self-build,14,national-landscape; valued-landscape; settlement-edge; near-station; TPO,false,n/a,1.28,2026-08,N4(1); N4(4); S5(1)(h); HO7,National Landscape; landscape character; affordable housing; self-build as affordable housing; S5 balance,station-route-h; national-landscape; landscape-harm; substantially-outweighed; housing-shortfall; affordable-led; self-build; parties-consulted-on-2026-framework; previous-appeal-consistency; l3-station-density-waived; sbcb-not-affordable,https://planningdistilled.org/research/england/nppf-navigator/decisions/PINS-6006581.html
PINS-6007272,"46 North Trade Road, Battle",Rother,South East,inspector,6007272,RR/2025/1747/FULL,2026-09-17,dismissed,written-representations,"Part-demolition of No 46 and 5 detached backland dwellings (3 four-bed chalets, 1 three-bed and 1 two-bed bungalow) with access drive",housing-minor,5,inside-settlement; national-landscape,false,n/a,3.04,2026-08,HO8; HO7; DP3(2)(a); DP3(3); S4,High Weald National Landscape; affordable housing; efficient use of land; housing mix,affordable-housing-threshold; dp3-2-a-mixed-communities; dp3-refuse-trigger; s4-substantially-outweighed; national-landscape; backland; housing-shortfall; l3-density; small-scheme; costs-application; parties-consulted-on-2026-framework,https://planningdistilled.org/research/england/nppf-navigator/decisions/PINS-6007272.html
PINS-6007971,"Gladwyns Farmhouse, Richmonds Green, Thaxted",Uttlesford,East of England,inspector,6007971,UTT/25/2853/LB,2026-09-17,allowed,householder,Single-storey flat-roof rear extension and alterations to modern kitchen wing of grade II listed farmhouse (linked planning appeal 6007968 and LBC appeal 6007971),householder; listed-building-consent,,listed-building-setting; open-countryside,false,n/a,,2026-08,HE5(2)(b),listed building,tier-2; listed-building; heritage-no-harm; transitional-no-consultation; costs-application,https://planningdistilled.org/research/england/nppf-navigator/decisions/PINS-6007971.html
PINS-6008404,"Pinfield House, Brown Heath Lane, Martin Hussingtree",Wychavon,West Midlands,inspector,6008404,W/25/00931/FUL,2026-09-17,dismissed,written-representations,"Demolition of existing dwelling and outbuildings, replacement with one larger Passivhaus dwelling",replacement-dwelling; self-build,1,green-belt; open-countryside; PDL,true,not-argued,5.48,2026-08,GB7(1)(b); GB7(1)(e); S5(2); N2; AnnexB:previously-developed-land,inappropriate development; replacement dwelling size; protected species; BNG,replacement-dwelling-materially-larger; pdl-e-limb; gb7-pass-still-dismissed; protected-species-surveys; s5-2-refusal-policy; fallback; new-local-plan; bng-self-build-exemption,https://planningdistilled.org/research/england/nppf-navigator/decisions/PINS-6008404.html
PINS-6008410,"Myrtle Mount, 14 Elm Grove, Hartlepool",Hartlepool,North East,inspector,6008410,H/2025/0256,2026-09-17,dismissed,written-representations,"Change of use of 7-bed house (C3) to supported living for up to 5 children with learning difficulties and complex needs (C2), with extension, garage conversion and 8 parking spaces",specialist-housing; change-of-use,,inside-settlement,false,n/a,,2026-08,DP3(1); DP3(3); S4(1); HC4,residential character; living conditions; need for children's care,s4-within-settlement; s4-substantially-outweighed; childrens-home; specialist-housing; hc4-social-care-infrastructure; ho1-plan-making-only; dp3-3-refusal; parties-consulted-on-2026-framework,https://planningdistilled.org/research/england/nppf-navigator/decisions/PINS-6008410.html
PINS-6008434,"Land at Brakenhill Mews, Upper Seagry",Wiltshire,South West,inspector,6008434,PL/2025/09810,2026-09-17,dismissed,written-representations,"Permission in principle for 4-9 dwellings on equestrian site (stables, arena, Nissen hut)",housing-minor; PIP,9,open-countryside; PDL; rural-lane,false,n/a,2.42,2026-08,S5(1)(d); TR3; DP3(2)(d); N2; S3,land use and spatial strategy; accessibility; amount of development and landscape,PIP; pdl-e-limb; s5-1-j; sustainable-location-fail; rural-lane-no-footway; equestrian; housing-shortfall; landscape-harm; substantially-outweighed; drafting-slip; parties-consulted-on-2026-framework,https://planningdistilled.org/research/england/nppf-navigator/decisions/PINS-6008434.html
PINS-6008555,"36 Albany Crescent, Claygate",Elmbridge,South East,inspector,6008555,2025/3209,2026-09-17,dismissed,written-representations,First-floor side extension on columns (void below) with roof-space accommodation to an upper-floor maisonette,householder,,inside-settlement,false,n/a,,2026-08,S4(1); L2(1)(d),character and appearance; outlook of neighbours,tier-2; householder; design-refusal; living-conditions-outlook; l2-1-d; s4-substantially-outweighed; parties-consulted-on-2026-framework,https://planningdistilled.org/research/england/nppf-navigator/decisions/PINS-6008555.html
PINS-6009405,"Historic Toilet Block, Road of Remembrance, Folkestone",Folkestone and Hythe,South East,inspector,6009405,25/2308/FH,2026-09-17,allowed,written-representations,Soldier-statue military memorial at exposed Victorian latrine on the Road of Remembrance,other,,conservation-area; listed-building-setting; inside-settlement,false,n/a,,2026-08,HE9; HE6; DM7,conservation area and listed building settings; highway safety,tier-2; conservation-area; heritage-no-harm; dm7-other-regimes; parties-consulted-on-2026-framework,https://planningdistilled.org/research/england/nppf-navigator/decisions/PINS-6009405.html
PINS-6009409,"Godolphin House Stables, Broughton Lane, Leire",Harborough,East Midlands,inspector,6009409,26/00120/FUL,2026-09-17,dismissed,written-representations,"Demolition of stables (with extant conversion permission) and rebuilding as a dwelling in a revised position, plus replacement barn as garage/tack room",housing-minor; replacement-dwelling; self-build,1,open-countryside; rural-lane,false,n/a,,2026-08,S5(1)(c); S5(1)(d); S5(1)(j); S5(3); HO11; TR3,principle of development; location; fallback,sustainable-location-fail; rural-lane-no-footway; isolated-home; s5-1-j; s5-1-c-reuse; substantially-outweighed; fallback; housing-shortfall; self-build; small-scheme; appeal-planning-officer,https://planningdistilled.org/research/england/nppf-navigator/decisions/PINS-6009409.html
PINS-6009473,"Unit 9a, Birkdale Avenue, Selly Oak, Birmingham",Birmingham,West Midlands,inspector,6009473,2026/00006/PA,2026-09-17,allowed,written-representations,Class MA prior approval — industrial-estate unit to 15 apartments,change-of-use; housing-major,15,inside-settlement,false,n/a,,2026-08,GPDO Class MA.2(2)(d); P3(1); P3(2)(a),space standards; noise,tier-2; prior-approval; class-ma; noise; p3-preexisting-conditions,https://planningdistilled.org/research/england/nppf-navigator/decisions/PINS-6009473.html
PINS-6009917,"7 Marine Parade, Folkestone",Folkestone and Hythe,South East,inspector,6009917,25/2193/FH,2026-09-17,dismissed,written-representations,Change of use of former hotel (Grade II listed terrace) to a dwelling house,change-of-use; housing-minor,1,inside-settlement; conservation-area; listed-building-setting,false,n/a,3.1,2026-08,S4(2)(a)(i); S4; HO7,loss of visitor accommodation and tourism,s4-within-settlement; s4-substantially-outweighed; s4-2-a-safeguarding; hotel-loss; housing-shortfall; parties-consulted-on-2026-framework; small-scheme,https://planningdistilled.org/research/england/nppf-navigator/decisions/PINS-6009917.html
PINS-6010197,"5 Wellesley Street, King's Lynn",King's Lynn and West Norfolk,East of England,inspector,6010197,25/02106/F,2026-09-17,dismissed,written-representations,Demolition of former vehicle workshop and erection of four duplex flats,housing-minor,4,inside-settlement; PDL; conservation-area; listed-building-setting; flood-zone-3,false,n/a,,2026-08,S4(2)(c); DP3(1); DP3(3); HE4; HE6,character and heritage setting; living conditions; flood exception test,s4-within-settlement; s4-substantially-outweighed; s5-2-refusal-policy; design-refusal; heritage-harm-decisive; conservation-area; pdl; flood-exception-test; parties-consulted-on-2026-framework; costs-application,https://planningdistilled.org/research/england/nppf-navigator/decisions/PINS-6010197.html
PINS-6010401,"Windmill Farmhouse, Carlton Road, Wilbarston",North Northamptonshire,East Midlands,inspector,6010401,25/01457/FUL,2026-09-17,dismissed,written-representations,Demolition of two agricultural buildings and erection of two dwellings,housing-minor,2,open-countryside; rural-lane,false,n/a,,2026-08,S5(4); DP3,location; design and character,s5-4-exceptional; class-q-fallback; fallback; design-refusal; sustainable-location-fail; rural-lane-no-footway; small-scheme; parties-consulted-on-2026-framework,https://planningdistilled.org/research/england/nppf-navigator/decisions/PINS-6010401.html
PINS-6010428,"30 Cranleigh Close, Cheshunt",Broxbourne,East of England,inspector,6010428,07/26/0156/F,2026-09-17,dismissed,written-representations,Retrospective change of use of amenity land to residential garden and erection of boundary fence,householder; change-of-use,,inside-settlement,false,n/a,,2026-08,s38(6),character and appearance; public safety on footpaths,tier-2; retrospective; amenity-land-loss; transitional-no-consultation; limited-nppf-engagement,https://planningdistilled.org/research/england/nppf-navigator/decisions/PINS-6010428.html
PINS-6010429,"16 Wellington Drive, Bracknell",Bracknell Forest,South East,inspector,6010429,25/00557/FUL,2026-09-17,dismissed,written-representations,"Dropped kerb, paved driveway, low fence, change of use of amenity land to garden",householder; change-of-use,,inside-settlement; TPO,false,n/a,,2026-08,S4(1),character and trees; highway safety; BNG,tier-2; s4-within-settlement; s4-substantially-outweighed; tr6-highway-safety; bng-exemption-not-shown; householder; parties-consulted-on-2026-framework,https://planningdistilled.org/research/england/nppf-navigator/decisions/PINS-6010429.html
PINS-6010764,"Prestedge Barn, Whitefield Lane, Ashover",North East Derbyshire,East Midlands,inspector,6010764,26/00165/FL,2026-09-17,allowed,written-representations,Change of use of agricultural land to domestic garden (residential curtilage extension) for converted barn,householder; change-of-use,,open-countryside,false,n/a,,2026-08,N2,character and appearance of countryside,curtilage-extension; valued-landscape-removed; parties-consulted-on-2026-framework; pd-rights-removed; landscape-harm,https://planningdistilled.org/research/england/nppf-navigator/decisions/PINS-6010764.html
PINS-6010765,"8 High Street, Mayfield (planning - shopfront roller shutter)",Wealden,South East,inspector,6010765,WD/2025/2300/F,2026-09-17,dismissed,written-representations,Replacement shopfront with external roller shutter and shutter box on a Grade II listed building,commercial,,inside-settlement; conservation-area; listed-building-setting,false,n/a,,2026-08,HE6; S4(1),listed building; conservation area; setting,tier-2; s4-within-settlement; s4-substantially-outweighed; heritage-harm-decisive; conservation-area; shopfront; parties-consulted-on-2026-framework,https://planningdistilled.org/research/england/nppf-navigator/decisions/PINS-6010765.html
PINS-6010767,"8 High Street, Mayfield (listed building consent - shopfront roller shutter)",Wealden,South East,inspector,6010767,WD/2025/2299/LB,2026-09-17,dismissed,written-representations,Listed building consent for replacement shopfront with external roller shutter and shutter box,listed-building-consent; commercial,,inside-settlement; conservation-area; listed-building-setting,false,n/a,,2026-08,HE6,special interest of listed building,tier-2; listed-building-consent; heritage-harm-decisive; shopfront; parties-consulted-on-2026-framework,https://planningdistilled.org/research/england/nppf-navigator/decisions/PINS-6010767.html
PINS-6010905,"34 Coalport Road, Broseley",Shropshire,West Midlands,inspector,6010905,25/03794/FUL,2026-09-17,dismissed,householder,Erection of a high garden fence at the back of the pavement on a corner plot,householder,,inside-settlement,false,n/a,,2026-08,DP3; S4(2)(c),character and appearance,tier-2; s4-within-settlement; s4-substantially-outweighed; design-refusal; householder; transitional-no-consultation,https://planningdistilled.org/research/england/nppf-navigator/decisions/PINS-6010905.html
PINS-6010946,"38 Highfield Road, Nottingham",Nottingham,East Midlands,inspector,6010946,26/00156/PFUL3,2026-09-17,dismissed,written-representations,Rear extensions and change of use of dwelling (C3) to 7-bed HMO (sui generis),change-of-use; housing-minor,1,inside-settlement,false,n/a,,2026-08,S4(1); HO1,housing mix and balanced community; living conditions,s4-within-settlement; s4-substantially-outweighed; hmo; balanced-community; plan-making-policy-as-harm; parties-consulted-on-2026-framework,https://planningdistilled.org/research/england/nppf-navigator/decisions/PINS-6010946.html
PINS-6011040,"26 Stirling Avenue, Leigh-on-Sea",Southend-on-Sea,East of England,inspector,6011040,26/00052/FUL,2026-09-17,allowed,written-representations,New 3-bed chalet-bungalow dwelling in rear garden of corner plot fronting Bailey Road,housing-minor,1,inside-settlement,false,n/a,,2026-08,S4(1); HO7(1); L2(1)(d),character and appearance,s4-within-settlement; s4-approve; small-scheme; parties-consulted-on-2026-framework; l2-curtilage-substantial-weight; previous-appeal-overcome,https://planningdistilled.org/research/england/nppf-navigator/decisions/PINS-6011040.html
PINS-6011148,"Rear garden of 148 Longdon Road, Knowle",Solihull,West Midlands,inspector,6011148,PL/2026/00023/PIP,2026-09-17,allowed,written-representations,"Permission in principle for one dwelling in a rear garden, fronting Shortland Close",PIP; housing-minor,1,inside-settlement,false,n/a,,2026-08,S4(1); HO7; L2(1)(d),suitability - character and appearance,PIP; s4-within-settlement; s4-approve; garden-land; l2-1-d-substantial-weight; housing-shortfall; small-scheme; parties-consulted-on-2026-framework,https://planningdistilled.org/research/england/nppf-navigator/decisions/PINS-6011148.html
PINS-6011150,"Land off Welshpool Road, adjacent to Southerly, Chavel",Shropshire,West Midlands,inspector,6011150,25/04311/PIP,2026-09-17,dismissed,written-representations,Permission in principle for 7 to 8 dwellings,housing-minor; PIP,8,open-countryside,false,n/a,,2026-08,S5(1)(j)(i); S5(4); AnnexB:settlement; DP3(3); TR3,spatial strategy and accessibility; character and appearance,PIP; s5-1-j; s5-4-exceptional; settlement-definition; hamlet; sustainable-location-fail; dp3-3-refusal; annex-a-weight-reduction; housing-shortfall; parties-consulted-on-2026-framework; footway-quality; small-scheme; drafting-slip,https://planningdistilled.org/research/england/nppf-navigator/decisions/PINS-6011150.html
PINS-6011786,"Tylers Croft, Abbotswood Close, Guildford",Guildford,South East,inspector,6011786,25/P/01230,2026-09-17,allowed,written-representations,"Self-build detached dwelling and garage in side garden, following demolition of existing garage",housing-minor; self-build,1,inside-settlement; conservation-area,false,n/a,,2026-08,S4(1); HE6(4); HE9; N6,character and appearance including CA setting; Thames Basin Heaths SPA,s4-within-settlement; s4-approve; conservation-area; self-build; housing-shortfall; garden-land; habitats-mitigation-secured; non-determination; drafting-slip; small-scheme,https://planningdistilled.org/research/england/nppf-navigator/decisions/PINS-6011786.html
PINS-6011807,"21 Grace Hill, Folkestone (ground floor)",Folkestone and Hythe,South East,inspector,6011807,26/0398/FH/PA,2026-09-17,dismissed,written-representations,Class MA prior approval — change of use of ground-floor hair and beauty unit (Class E) to one flat in a conservation area,change-of-use; housing-minor,1,inside-settlement; conservation-area,false,n/a,,2026-08,HE6(4); HE6(1); HE4(1),impact on character or sustainability of conservation area,heritage-harm-decisive; he6-harm-ungraded; he6-public-benefits-insufficient; he6-substantial-weight; conservation-area; class-ma-prior-approval; housing-shortfall; loss-of-active-frontage,https://planningdistilled.org/research/england/nppf-navigator/decisions/PINS-6011807.html
PINS-6012043,"The Granary, Colemans Farm, Toot Hill Road, Stanford Rivers",Epping Forest,East of England,inspector,6012043,EPF/0128/26,2026-09-17,allowed,written-representations,"Erection of a three-bay cart lodge (two open parking bays, one storage bay) within the curtilage of a dwelling",householder,,green-belt; listed-building-setting; PDL; open-countryside,true,not-argued,,2026-08,GB7(1)(e); HE6,inappropriate development and openness; setting of listed building,pdl-e-limb; not-inappropriate; residential-curtilage-pdl; openness-moderate-not-substantial; heritage-setting-preserved; householder,https://planningdistilled.org/research/england/nppf-navigator/decisions/PINS-6012043.html
PINS-6012221,"10 Broomfield Ride, Oxshott (side and rear extensions)",Elmbridge,South East,inspector,6012221,2026/0334,2026-09-17,allowed,householder,"Single-storey side extension with rooms in roof and garage, first floor/roof rear extension, garage conversion and fenestration changes to a large detached house",householder,,inside-settlement,false,n/a,,2026-08,L2(1)(d); DP3(3); S4(1),character and appearance,householder; l2-effective-use; l2-1-d-curtilage; dp3-3-compliance-weight; s4-approve,https://planningdistilled.org/research/england/nppf-navigator/decisions/PINS-6012221.html
PINS-6012411,"Washdyke Farm, Long Lane, Stathern",Melton,East Midlands,inspector,6012411,25/00803/GDOCOU,2026-09-17,dismissed,written-representations,Class Q prior approval — open-sided portal-frame agricultural building to 7 dwellings,conversion; housing-minor,7,open-countryside,false,n/a,,not-cited,GPDO Sch2 Pt3 Class Q.1(j),whether permitted development,tier-2; class-q; prior-approval; no-framework-reference,https://planningdistilled.org/research/england/nppf-navigator/decisions/PINS-6012411.html
stratford-25-01765-FUL,"Land at Banbury Road (B4100), Gaydon",Stratford-on-Avon,West Midlands,lpa-delegated,,25/01765/FUL,2026-09-17,approved,delegated,"About 11 ha of B2/B8/E(g)(iii) employment units on part of the Core Strategy GLH allocation reserved for JLR expansion, with S106",employment; commercial,,open-countryside; agricultural-land-BMV,false,n/a,,2026-08,S5(1)(i); S5(1)(j); E2; E3,employment need; allocation restriction; landscape; BMV,s5-1-i-allocation; s5-1-j; e2-substantial-weight; settlement-definition-allocated-land; large-scheme; stratford-relevant,https://planningdistilled.org/research/england/nppf-navigator/decisions/stratford-25-01765-FUL.html
stratford-26-00922-FUL,"Manor Cottage, Upper Quinton",Stratford-on-Avon,West Midlands,lpa-delegated,,26/00922/FUL,2026-09-17,refused,householder,Replacement of modern timber windows with uPVC double-glazed units on a Grade II listed cottage (twin LBC 26/00924/LBC also refused),householder; listed-building-consent,,listed-building-setting; national-landscape,false,n/a,,2026-08,HE6(4),listed building; uPVC; public benefits,heritage-harm-decisive; listed-building; upvc-windows; energy-efficiency-less-harmful-alternative; nppf-only-refusal-reason; householder; stratford-relevant,https://planningdistilled.org/research/england/nppf-navigator/decisions/stratford-26-00922-FUL.html
stratford-26-01376-FUL,"30 Hadrians Walk, Alcester",Stratford-on-Avon,West Midlands,lpa-delegated,,26/01376/FUL,2026-09-17,refused,delegated,Erection of 2 dwellings in the garden of an existing house (resubmission of 25/02296/FUL),housing-minor,2,inside-settlement; flood-zone-2; flood-zone-3; TPO; valued-landscape,false,n/a,2.21,2026-08,S4(2)(c); F7; F5; F6,flood risk; sequential test; biodiversity,s4-within-settlement; s4-substantially-outweighed; s4-2-c-refusal-policy; flood-f7; flood-sequential-test; small-scheme; stratford-relevant,https://planningdistilled.org/research/england/nppf-navigator/decisions/stratford-26-01376-FUL.html
worcester-26-00541-FUL,"Thorneloe Place, Thorneloe Walk, Worcester (4 dwellings, repositioning; with 26/00542/LB)",Worcester,West Midlands,lpa-committee,,26/00541/FUL,2026-09-17,approved,committee,Variation of condition 2 of P10D0017 and L10D0007 (4 two-storey dwellings) to reposition the dwellings and keep the existing access; with listed building consent,housing-minor; listed-building-consent,4,inside-settlement; conservation-area; listed-building-setting,false,n/a,,2026-08,HE4; HE5; HE6(1); S4,setting of listed building; conservation area,heritage-no-harm; conservation-area; drafting-slip; officer-rec-followed,https://planningdistilled.org/research/england/nppf-navigator/decisions/worcester-26-00541-FUL.html
PINS-6004494,"49 Annand Road, Gilesgate, Durham",Durham,North East,inspector,6004494,DM/25/03386/FPA,2026-09-16,dismissed,written-representations,"Flexible C3/C4 (small student HMO) use under GPDO Class V, with single-storey rear extension",change-of-use,,inside-settlement,false,n/a,,2026-08,S4; DP3(2)(a); DP3(3),mixed and balanced communities; living conditions,tier-2; hmo; article-4; non-determination; dp3-refuse-trigger; s4-substantially-outweighed; concentration-policy; parties-consulted-on-2026-framework,https://planningdistilled.org/research/england/nppf-navigator/decisions/PINS-6004494.html
PINS-6004850,"119 Bradford Crescent, Gilesgate, Durham",Durham,North East,inspector,6004850,DM/25/03413/FPA,2026-09-16,dismissed,written-representations,"Flexible C3/C4 (small student HMO) use under GPDO Class V, with single-storey rear extension (letter materially identical to 6004494, same appellant and inspector)",change-of-use,,inside-settlement,false,n/a,,2026-08,S4; DP3(2)(a); DP3(3),mixed and balanced communities; living conditions,tier-2; hmo; article-4; non-determination; dp3-refuse-trigger; s4-substantially-outweighed; concentration-policy; parties-consulted-on-2026-framework,https://planningdistilled.org/research/england/nppf-navigator/decisions/PINS-6004850.html
PINS-6005088,"Leydens Farm, Lydens Lane, Hever",Sevenoaks,South East,inspector,6005088,25/02484/HOUSE,2026-09-16,dismissed,householder,"Ancillary outbuilding in residential curtilage (three offices, kitchen, WCs, waiting area), with UU to forgo an approved pool building",householder,,green-belt; national-landscape; open-countryside,true,n/a,,2026-08,GB7(1)(b); GB6(2); N4,inappropriate development; openness and purposes; National Landscape; VSC,openness-harm; vsc-not-shown; outbuilding; unilateral-undertaking-swap; national-landscape; fallback; householder,https://planningdistilled.org/research/england/nppf-navigator/decisions/PINS-6005088.html
PINS-6005903,"Land north of Bishops Lane, west of Willow Bank, Robertsbridge",Rother,South East,inspector,6005903,RR/2022/1379/P,2026-09-16,dismissed,written-representations,"41 dwellings (39% affordable) with landscaping, public open space and new access through a sunken-lane bank",housing-major,41,settlement-edge; national-landscape; rural-lane; near-station,false,n/a,3.04,2026-08,N4; N2(1); DP3(1); DP3(3); S5(1)(j); S5(2),landscape and scenic beauty of the High Weald National Landscape,national-landscape; landscape-harm; s5-1-j; s5-2-refusal-policy; dp3-refuse-trigger; housing-shortfall; hdt-below-75; affordable-led; not-well-connected-station; substantially-outweighed; overturned-officer-rec; sustainable-location-pass; parties-consulted-on-2026-framework; large-scheme,https://planningdistilled.org/research/england/nppf-navigator/decisions/PINS-6005903.html
PINS-6005969,"3 Roosevelt Road, Gilesgate, Durham",County Durham,North East,inspector,6005969,DM/25/01397/FPA,2026-09-16,dismissed,written-representations,Change of use from C3 dwellinghouse to 5-bed C4 student HMO with single-storey rear extension,change-of-use,,inside-settlement,false,n/a,,2026-08,S4; DP3(2)(a); DP3(3),mixed and balanced communities; living conditions,tier-2; hmo; student-accommodation; dp3-refuse-trigger; dp3-2-a-mixed-communities; s4-substantially-outweighed; non-determination; parties-consulted-on-2026-framework,https://planningdistilled.org/research/england/nppf-navigator/decisions/PINS-6005969.html
PINS-6006244,"159 Rush Green Road, Romford",Havering,London,inspector,6006244,P1295.25,2026-09-16,allowed,written-representations,Change of use of semi-detached house to children's home for up to two children (C2),change-of-use; specialist-housing,,inside-settlement,false,n/a,,2026-08,HO9,need/location; living conditions; parking,tier-2; childrens-home; transitional-no-consultation; need-evidence,https://planningdistilled.org/research/england/nppf-navigator/decisions/PINS-6006244.html
PINS-6006475,"Land between Copper Lodge and The Cloth Hall, Water Lane, Smarden",Ashford,South East,inspector,6006475,PA/2025/0824,2026-09-16,dismissed,hearing,35 dwellings (14 affordable) with landscaping and infrastructure,housing-major,35,settlement-edge; conservation-area; listed-building-setting; open-countryside,false,n/a,3.16,2026-08,S5(1)(j); HE4; HE6; HE9; DP3; N2,designated heritage assets; landscape character; living conditions,s5-1-j; substantially-outweighed; heritage-harm-decisive; conservation-area; grade-i-setting; landscape-harm; design-refusal; housing-shortfall; local-policy-consistency,https://planningdistilled.org/research/england/nppf-navigator/decisions/PINS-6006475.html
PINS-6007348,"Home Farm, Main Road, Bevercotes",Bassetlaw,East Midlands,inspector,6007348,25/01203/FUL,2026-09-16,dismissed,written-representations,Demolition of agricultural barns and replacement with 3 dwellings with new access,housing-minor,3,open-countryside; conservation-area; rural-lane,false,n/a,5.31,2026-08,S5(1)(e); TR3; S3,landscape character; appropriate location for housing,s5-1-e-infill; sustainable-location-fail; connectivity-tool; rural-lane-no-footway; five-year-supply-met; old-balance-wording; drafting-slip; conservation-area; small-scheme; costs-application; parties-consulted-on-2026-framework,https://planningdistilled.org/research/england/nppf-navigator/decisions/PINS-6007348.html
PINS-6007793,"Pavement outside Hillyard House, Brixton Road",Lambeth,London,inspector,6007793,25/03883/FUL,2026-09-16,dismissed,written-representations,"BT Street Hub replacing payphone kiosks, with two 75-inch digital advert screens (planning appeal A; advert appeal B 6007795)",telecoms; advertisement,,inside-settlement; conservation-area; listed-building-setting,false,n/a,,2026-08,HE6; HE9; S4(1),conservation area and listed building setting; highway and pedestrian safety,tier-2; s4-within-settlement; s4-substantially-outweighed; telecoms; bt-street-hub; conservation-area; heritage-harm-decisive; parties-consulted-on-2026-framework,https://planningdistilled.org/research/england/nppf-navigator/decisions/PINS-6007793.html
PINS-6007871,"Land adjacent to 47 Langridge Circle, Watlington",King's Lynn and West Norfolk,East of England,inspector,6007871,26/00180/O,2026-09-16,allowed,written-representations,Outline (all matters reserved) for a self-build single-storey bungalow on a narrow left-over strip in a housing estate,housing-minor; self-build,1,inside-settlement,false,n/a,,2026-08,S4; L2(1)(b); DP3,character and appearance; neighbour living conditions; habitats,s4-approve; s4-within-settlement; l2-1-b; small-scheme; self-build-unsecured; habitats-mitigation; parties-consulted-on-2026-framework,https://planningdistilled.org/research/england/nppf-navigator/decisions/PINS-6007871.html
PINS-6007932,"Former EON Energy Site, Caxton Road, Bedford",Bedford,East of England,inspector,6007932,25/02529/M73,2026-09-16,dismissed,written-representations,"s73 variation of conditions 1, 8, 12 and 13 of 25/00763/MAF (B2/B8 units) to add a new unit and enlarge another (+c.917 sqm), removing most of a TPO tree belt",employment; commercial,,inside-settlement; TPO; PDL,false,n/a,,2026-08,DP3(1); N3; S4(1),character and appearance; protected trees; landscaping,transitional-no-consultation; design-refusal; tree-loss; s4-substantially-outweighed; s73-variation; fallback-extant-permission,https://planningdistilled.org/research/england/nppf-navigator/decisions/PINS-6007932.html
PINS-6008528,"Henhurst Lodge, Beare Green",Mole Valley,South East,inspector,6008528,MO/2025/02135,2026-09-16,dismissed,written-representations,"Retention of the pre-existing dwelling following erection of the replacement dwelling permitted in 2017 (MO/2016/2052), with new driveway",housing-minor; replacement-dwelling,1,green-belt; open-countryside; rural-lane; ancient-woodland,true,accepted,,2026-08,GB6(2); GB7(1)(g)(iii); TR3; N6,inappropriate development; grey belt; sustainable location; openness; character; ancient woodland; VSC,grey-belt-accepted; sustainable-location-fail; rural-lane-no-footway; connectivity-tool; hdt-unmet-need; vsc-not-shown; openness-harm; ancient-woodland; small-scheme; s5-not-displacing-gb,https://planningdistilled.org/research/england/nppf-navigator/decisions/PINS-6008528.html
PINS-6008701,"St John Street outside No 407, Angel, Islington",Islington,London,inspector,6008701,P2025/3607/FUL,2026-09-16,allowed,written-representations,"Replacement of BT kiosk with Street Hub 3 unit (A, 6008701) and two 75-inch digital advertisement screens (B, 6008697)",telecoms; advertisement,,conservation-area; listed-building-setting; inside-settlement,false,n/a,,2026-08,HE9; TR4,conservation area and listed building setting; pedestrian safety,tier-2; street-hub; telecoms; advertisement; conservation-area; transitional-no-consultation,https://planningdistilled.org/research/england/nppf-navigator/decisions/PINS-6008701.html
PINS-6008719,"34 Banwell Road, Odd Down, Bath (C3/C4 dual use, 4-bed HMO)",Bath and North East Somerset,South West,inspector,6008719,25/04545/FUL,2026-09-16,allowed,written-representations,Change of use of 3-bed dwelling to dual C3/C4 use as a 4-bed dwelling or HMO,change-of-use,,inside-settlement,false,n/a,,2026-08,s38(6),living conditions of neighbours (noise),tier-2; hmo; plan-led; transitional-no-consultation,https://planningdistilled.org/research/england/nppf-navigator/decisions/PINS-6008719.html
PINS-6009032,"5 Kingsfold Close, Billingshurst",Horsham,South East,inspector,6009032,DC/25/2126,2026-09-16,dismissed,written-representations,"Detached single-storey granny annexe (flat roof, Passivhaus, PV) and detached workshop/gym in rear garden",householder,,inside-settlement,false,n/a,,2026-08,DP3(1); DP3(3); DP4; S4,character and appearance,tier-2; householder; annexe; design-refusal; dp3-refuse-trigger; cc2-substantial-weight; fallback; non-determination; s4-substantially-outweighed; parties-consulted-on-2026-framework,https://planningdistilled.org/research/england/nppf-navigator/decisions/PINS-6009032.html
PINS-6009618,"Land off Rectory Rise, Petrockstowe",Torridge,South West,inspector,6009618,1/0338/2025/FUL,2026-09-16,dismissed,written-representations,Three open-market dwellings,housing-minor,3,settlement-edge; open-countryside; rural-lane,false,n/a,4.61,2026-08,S5(1)(e); S5(1)(j); TR6(4); TR3; HO7,suitability of location; highway safety; housing mix,s5-1-j; s5-1-e-infill; s5-2-refusal-policy; substantially-outweighed; sustainable-location-fail; connectivity-tool; housing-shortfall; rural-lane-no-footway; small-scheme; parties-consulted-on-2026-framework,https://planningdistilled.org/research/england/nppf-navigator/decisions/PINS-6009618.html
PINS-6009632,"Land east of Hawarden, Holsworthy Beacon",Torridge,South West,inspector,6009632,1/0736/2025/FUL,2026-09-16,allowed,written-representations,Two detached market dwellings,housing-minor,2,open-countryside; rural-lane,false,n/a,,2026-08,S5(1)(e); DP3(3); TR3,spatial strategy and access to services; foul drainage,s5-1-e-infill; s4-vs-s5; sustainable-location-pass; plan-policy-inconsistent-with-framework; small-scheme; parties-consulted-on-2026-framework,https://planningdistilled.org/research/england/nppf-navigator/decisions/PINS-6009632.html
PINS-6009838,"Land on north side of Lodge Lane, Bolney",Mid Sussex,South East,inspector,6009838,DM/26/0317,2026-09-16,dismissed,written-representations,Permission in principle for a phased development of up to 9 self-build dwellings,PIP; housing-minor; self-build,9,open-countryside; rural-lane; conservation-area; listed-building-setting,false,n/a,3.38,2026-08,S5(1)(j); S5(4); HE6; TR3,suitability of location; character and appearance; heritage,PIP; s5-1-j; s5-4-exceptional; sustainable-location-fail; rural-lane-no-footway; self-build-unsecured; heritage-harm-decisive; housing-shortfall; landscape-harm; parties-consulted-on-2026-framework,https://planningdistilled.org/research/england/nppf-navigator/decisions/PINS-6009838.html
PINS-6010164,"Verge at Chelmsford Road, Great Dunmow (micro energy storage)",Uttlesford,East of England,inspector,6010164,UTT/26/0113/FUL,2026-09-16,allowed,written-representations,Micro battery energy storage installation on an overgrown roadside verge,battery-storage,,inside-settlement,false,n/a,,2026-08,DM6,protected species; noise; crime and disorder,battery-storage; renewable-energy; transitional-no-consultation; conditions-overcome-refusal; ecology-survey-condition,https://planningdistilled.org/research/england/nppf-navigator/decisions/PINS-6010164.html
PINS-6010354,"Three Acres Farm, The Common, South Creake",King's Lynn and West Norfolk,East of England,inspector,6010354,26/00461/F,2026-09-16,dismissed,written-representations,Self-build dwelling (chalet bungalow) in exchange for giving up a Class Q approval for two dwellings,housing-minor; self-build,1,open-countryside; rural-lane,false,n/a,,2026-08,S5(1)(e); S5(4); DP3(3),location; character and appearance; fallback; self-build,s5-1-e-infill; s5-4-exceptional; fallback; class-q-fallback; self-build; design-refusal; rural-lane-no-footway; 5yhls-shown; small-scheme; parties-consulted-on-2026-framework,https://planningdistilled.org/research/england/nppf-navigator/decisions/PINS-6010354.html
PINS-6010568,"7 Caledonia Road, Stanwell (6-bed HMO to 8-bed HMO)",Spelthorne,South East,inspector,6010568,26/00172/FUL,2026-09-16,dismissed,written-representations,Change of use from C4 HMO (6) to sui generis HMO (8),change-of-use,,inside-settlement,false,n/a,,2026-08,DP3,living conditions; character; parking,hmo; design-refusal; transitional-no-consultation; tier-2,https://planningdistilled.org/research/england/nppf-navigator/decisions/PINS-6010568.html
PINS-6010756,"Scrambling Field, Gaffer's Farm, Higher Halstock",Dorset,South West,inspector,6010756,P/FUL/2025/07211,2026-09-16,dismissed,written-representations,"Retrospective use of land as glamping site with adapted boat, bus, shepherd's hut and railway trucks",leisure; change-of-use,,open-countryside; national-landscape,false,n/a,,2026-08,N4,character and appearance of National Landscape,national-landscape; landscape-harm; rural-tourism; retrospective; parties-consulted-on-2026-framework; dark-skies,https://planningdistilled.org/research/england/nppf-navigator/decisions/PINS-6010756.html
PINS-6011052,"31a Roman Road, Linthorpe, Middlesbrough (flat to 5-bed HMO)",Middlesbrough,North East,inspector,6011052,26/0033/COU,2026-09-16,dismissed,written-representations,Retrospective change of use from 2-bed flat to 5-bed HMO,change-of-use,,inside-settlement; conservation-area,false,n/a,,2026-08,DP3; Middlesbrough CS DC1,living conditions; parking,hmo; dp3-social-interaction; retrospective; transitional-no-consultation; tier-2,https://planningdistilled.org/research/england/nppf-navigator/decisions/PINS-6011052.html
PINS-6011381,"238 Caulfield Road, East Ham (two children's homes)",Newham,London,inspector,6011381,26/00254/FUL,2026-09-16,allowed,written-representations,Change of use of family house to C2 children's home for 3 and conversion of garage to separate solo children's home,specialist-housing; change-of-use,,inside-settlement,false,n/a,,2026-08,HO1; Newham LP H3; Newham LP H4,family housing; specialist need; living conditions; noise; character,childrens-home; family-housing-loss; parties-consulted-on-2026-framework; tier-2,https://planningdistilled.org/research/england/nppf-navigator/decisions/PINS-6011381.html
PINS-6012017,"290 Prince Avenue, Westcliff-on-Sea",Southend-on-Sea,East of England,inspector,6012017,26/00269/FUL,2026-09-16,split,written-representations,s73 variation of convenience store opening hours (to 07.00-22.30) and retrospective external roller shutters,retail,,inside-settlement,false,n/a,,2026-08,s38(6),neighbour noise and disturbance; character and appearance,tier-2; conditions-appeal; retrospective; transitional-no-consultation; limited-nppf-engagement,https://planningdistilled.org/research/england/nppf-navigator/decisions/PINS-6012017.html
PINS-6012370,"33 Stainecross Avenue, Crosland Moor, Huddersfield",Kirklees,Yorkshire and the Humber,inspector,6012370,2026/62/90573/W,2026-09-16,allowed,written-representations,Change of use of dwelling (C3) to children's care home (C2) for one child,specialist-housing; change-of-use,,inside-settlement,false,n/a,,2026-08,S4(1); DM7; P5,suitable location - safeguarding of children,s4-within-settlement; s4-approve; childrens-home; specialist-housing; dm7-separate-regimes; consistency; parties-consulted-on-2026-framework,https://planningdistilled.org/research/england/nppf-navigator/decisions/PINS-6012370.html
PINS-6012827,"Crestway, 246 Dover House Road, Wandsworth (porch canopy)",Wandsworth,London,inspector,6012827,2025/3444,2026-09-16,dismissed,householder,Alterations to front portico (smaller replacement of an unauthorised open-sided hipped canopy),householder,,conservation-area; inside-settlement,false,n/a,,2026-08,HE6(1); HE6(3); HE6(4),character and appearance of CA,householder; conservation-area; heritage-harm-decisive; private-benefit-not-public; he6-substantial-weight,https://planningdistilled.org/research/england/nppf-navigator/decisions/PINS-6012827.html
sefton-DC-2026-00141,"Land at Kenyons Lane / Millbank Lane, Lydiate (Maghull edge)",Sefton,North West,lpa-committee,,DC/2026/00141,2026-09-16,approved,committee,"Three two-storey detached dwellings (one 3-bed, two 4-bed) with parking and gardens",housing-minor,3,green-belt; settlement-edge,true,accepted,3.34,2026-08,GB7(1)(g); TR3,grey belt; sustainable location; previous appeal dismissal,grey-belt-accepted; sustainable-location-pass; not-inappropriate; small-scheme; housing-shortfall; previous-appeal-superseded; open-market; settlement-edge,https://planningdistilled.org/research/england/nppf-navigator/decisions/sefton-DC-2026-00141.html
wychavon-W-26-00329-FUL,"Land at OS 9574 5003, Seaford, Pinvin (barn replaced by self-build dwelling)",Wychavon,West Midlands,lpa-delegated,,W/26/00329/FUL,2026-09-16,approved,delegated,Demolition of an agricultural barn with Class Q prior approval and erection of a new two-storey self-build dwelling,housing-minor; self-build; replacement-dwelling,1,open-countryside; rural-lane,false,n/a,,2026-08,S3(1); S5(1); S5(3); S5(4); AnnexB:settlement,S5 categories; settlement definition; fallback; sustainable location,fallback; class-q-fallback; self-build; small-scheme; s5-4-exceptional; sustainable-location-fail; five-year-supply-met,https://planningdistilled.org/research/england/nppf-navigator/decisions/wychavon-W-26-00329-FUL.html
elmbridge-2025-1444,"The Wilderness Sports Ground, Molesey Park Road, East Molesey (clubhouse)",Elmbridge,South East,lpa-committee,,2025/1444,2026-09-15,approved,committee,"Replacement clubhouse pavilion (c.680 sqm) for junior football club, replacing five scattered structures; bin and cycle stores",leisure,,green-belt,true,not-argued,,2026-08,GB7(1)(f)(iv); GB6(2),outdoor sport exception; openness minimised test; VSC,outdoor-recreation-facilities; openness-minimised-test; vsc-shown; community-benefit; inappropriate-development,https://planningdistilled.org/research/england/nppf-navigator/decisions/elmbridge-2025-1444.html
PINS-6006289,"Land north of Lyndale, Twitty Fee, Danbury",Chelmsford,East of England,inspector,6006289,25/01593/OUT,2026-09-15,dismissed,written-representations,"Outline (all matters reserved) - ""reinstatement of previous dwelling"" - one self-build dwelling on the site of a house largely demolished c.40 years ago after enforcement",housing-minor; self-build; replacement-dwelling,1,open-countryside; rural-lane; PDL,false,n/a,3.88,2026-08,S5(1); HE7(2); N2(1)(a); DM6,location and access to services; character and appearance; non-designated heritage asset (protected lane); BNG and self-build,sustainable-location-fail; rural-lane-no-footway; self-build-unsecured; bng-exemption-not-shown; conditions-unenforceable; pdl-blended-into-landscape; substantially-outweighed; housing-shortfall; small-scheme; parties-consulted-on-2026-framework; inspector-raised-own-ground; drafting-slip; protected-lane-ndha,https://planningdistilled.org/research/england/nppf-navigator/decisions/PINS-6006289.html
PINS-6006697,"Land adjacent to Woodstock House, Mole Street, Ockley (barn)",Mole Valley,South East,inspector,6006697,MO/2025/1071,2026-09-15,dismissed,written-representations,Retrospective permission for an agricultural storage barn built not in accordance with a Class A Part 6 prior notification,agricultural,,open-countryside; valued-landscape; listed-building-setting,false,n/a,,2026-08,S5(1)(a); HE4; HE6,character and appearance; setting of listed buildings; parking,s5-1-a; agricultural-building; agricultural-need-not-shown; retrospective; fallback-not-reliable; he6-public-benefits-insufficient; heritage-harm-decisive; landscape-harm; substantially-outweighed; parties-consulted-on-2026-framework,https://planningdistilled.org/research/england/nppf-navigator/decisions/PINS-6006697.html
PINS-6006812,"Green House, Cromer Road, Thorpe Market (B&B to large holiday let)",North Norfolk,East of England,inspector,6006812,PF/25/1471,2026-09-15,dismissed,written-representations,Change of use from bed-and-breakfast / small hotel (C1) to a single holiday let for up to 20 guests (sui generis),change-of-use; leisure,,conservation-area; listed-building-setting; inside-settlement,false,n/a,,2026-08,P3; S3; E2; E4,living conditions - noise and disturbance,living-conditions-noise; holiday-let; e2-substantial-weight; substantially-outweighed; s4-or-s5-not-decided; conditions-unenforceable,https://planningdistilled.org/research/england/nppf-navigator/decisions/PINS-6006812.html
PINS-6006893,"Land east of Bere Hill, Whitchurch",Basingstoke and Deane,South East,inspector,6006893,24/01949/FUL,2026-09-15,dismissed,inquiry,"115 dwellings (40% affordable), public house, employment units, open space, SuDS (non-determination appeal)",housing-major,115,settlement-edge; open-countryside; national-landscape; agricultural-land-BMV,false,n/a,,2026-08,S5(1)(j); S5(2); N4(4); DP3(1); DP3(2); N2(1)(a); N2(1)(d),landscape character; National Landscape setting; design quality; S5(1)(j) balance,s5-1-j; substantially-outweighed; national-landscape-setting; design-refusal; uncertain-benefits; landscape-harm; housing-shortfall; large-scheme,https://planningdistilled.org/research/england/nppf-navigator/decisions/PINS-6006893.html
PINS-6007266,"23-24 Brunswick Square, Hove",Brighton and Hove,South East,inspector,6007266,BH2025/01368,2026-09-15,dismissed,written-representations,"Retrospective LBC for replacement of historic black-and-white tiles, marble nosing and landings on the entrance steps of a Grade I Regency terrace",listed-building-consent,,inside-settlement; conservation-area; listed-building-setting,false,n/a,,2026-08,HE6(1); HE6(3); HE6(4); HE4(2),Grade I listed building; conservation area,heritage-harm-decisive; he6-public-benefits-insufficient; he6-harm-graded; parties-consulted-on-2026-framework; conservation-area; retrospective; alternatives-not-explored; grade-i; loss-of-historic-fabric,https://planningdistilled.org/research/england/nppf-navigator/decisions/PINS-6007266.html
PINS-6007334,"Hillcrest, Chalton, Luton (PIP 1-9 dwellings)",Central Bedfordshire,East of England,inspector,6007334,CB/25/03867/PIP,2026-09-15,dismissed,written-representations,Permission in principle for 1 to 9 dwellings on a bungalow plot,PIP; housing-minor,9,green-belt; PDL; settlement-edge,true,accepted,3.93,2026-08,N6(1)(a); GB7(1)(g)(i); GB7(1)(g)(ii); GB7(1)(g)(iii); AnnexB:grey-belt; S5,habitats sites; grey belt; Green Belt,grey-belt-accepted; PIP; sustainable-location-pass; habitats-mitigation; gb7-pass-still-dismissed; costs-refused; gb-study-parcel-not-determinative; housing-shortfall,https://planningdistilled.org/research/england/nppf-navigator/decisions/PINS-6007334.html
PINS-6007796,"Old Street opposite No 142, Islington (BT Street Hub)",Islington,London,inspector,6007796,P2025/3510/FUL,2026-09-15,allowed,written-representations,"Replacement of BT kiosk with Street Hub 3 unit with two 75-inch digital advert screens (Appeal B 6007794 advert consent P2025/3511/ADV, also allowed, 5 years)",telecoms; advertisement,,inside-settlement,false,n/a,,not-cited,s38(6),character and appearance; visual amenity,tier-2; telecoms; bt-street-hub; limited-nppf-engagement,https://planningdistilled.org/research/england/nppf-navigator/decisions/PINS-6007796.html
PINS-6008314,"Land off Eastbourne Road, Polegate (Aldi foodstore and care home)",Wealden,South East,inspector,6008314,WD/2025/0904/MAJ,2026-09-15,allowed,hearing,"Hybrid - full permission for Aldi foodstore (Class E(a)) with access, parking, servicing and landscaping; outline permission (access only) for a care home (C2)",retail; specialist-housing; commercial,,settlement-edge,false,n/a,,2026-08,AnnexB:settlement; S4; S3; DP3(3); HO7; E1,highway access; character and trees; protected species; BNG; drainage; S4 balance,settlement-definition; outside-development-boundary; s4-approve; foodstore; care-home; tree-loss; no-5yhls; parties-consulted-on-2026-framework,https://planningdistilled.org/research/england/nppf-navigator/decisions/PINS-6008314.html
PINS-6008465,"Land at Moorhouse Lane, Oxenhope",Bradford,Yorkshire and the Humber,inspector,6008465,25/03766/PIP,2026-09-15,dismissed,written-representations,Permission in principle for up to 9 dwellings,PIP; housing-minor,9,green-belt; settlement-edge,true,not-argued,,2026-08,N6,habitats (SPA/SAC supporting habitat); Green Belt,tier-2; PIP; habitats-regs; parties-consulted-on-2026-framework; costs-application,https://planningdistilled.org/research/england/nppf-navigator/decisions/PINS-6008465.html
PINS-6008490,"Flat 2, 349 Hackney Road, Tower Hamlets",Tower Hamlets,London,inspector,6008490,PA/25/01373,2026-09-15,dismissed,written-representations,Replacement of four timber sash windows with double-glazed timber units in first-floor flat of Grade II listed terrace (retrospective),listed-building-consent; householder,,listed-building-setting; conservation-area; inside-settlement,false,n/a,,2026-08,HE6(1); HE6(3); HE6(4); HE4(2),Grade II listed building; conservation area; public benefits,heritage-harm-decisive; he6-public-benefits-insufficient; he6-harm-graded; conservation-area; retrospective; parties-consulted-on-2026-framework; energy-efficiency-vs-heritage; windows,https://planningdistilled.org/research/england/nppf-navigator/decisions/PINS-6008490.html
PINS-6008562,"Manor Court, North Side, Steeple Aston (two-storey rear extension)",Cherwell,South East,inspector,6008562,26/00019/F,2026-09-15,dismissed,written-representations,"Two-storey rear extension replacing single-storey projection, internal refurbishment and window replacement (non-determination)",householder,,inside-settlement; conservation-area; listed-building-setting,false,n/a,,2026-08,HE9; HE6(1); HE6(4); HE4(2),conservation area; setting of listed buildings,heritage-harm-decisive; conservation-area; energy-efficiency; private-view-heritage; non-determination; transitional-no-consultation,https://planningdistilled.org/research/england/nppf-navigator/decisions/PINS-6008562.html
PINS-6008643,"19 Southbourne Grove, Southend-on-Sea",Southend-on-Sea,East of England,inspector,6008643,26/00245/FUL,2026-09-15,allowed,written-representations,Change of use of dwellinghouse to 7-bed sui generis HMO with cycle and refuse stores (part retrospective),change-of-use,,inside-settlement,false,n/a,,2026-08,S4(1); TR6(4); HO1; HO7,character; family housing; parking; access and refuse,s4-within-settlement; s4-approve; hmo; fallback; non-determination; retrospective; parties-consulted-on-2026-framework,https://planningdistilled.org/research/england/nppf-navigator/decisions/PINS-6008643.html
PINS-6008848,"Beech Grove, Brock Road, Great Eccleston (barn to live/work)",Wyre,North West,inspector,6008848,25/00762/FUL,2026-09-15,dismissed,written-representations,Conversion of agricultural building to a live/work unit,conversion; change-of-use; employment,1,open-countryside; rural-lane,false,n/a,,2026-08,TR6(4); S5(1)(c); S5(2); Transitional(2),highway safety - access visibility; suitable location,highway-safety-fail; s5-1-c-reuse; s5-2-refusal-policy; local-policy-inconsistent-very-limited-weight; live-work; sustainable-location-pass; small-scheme,https://planningdistilled.org/research/england/nppf-navigator/decisions/PINS-6008848.html
PINS-6008922,"Land adjacent to 9 Ashby Close, Grimsby",North East Lincolnshire,Yorkshire and the Humber,inspector,6008922,DM/0806/24/FUL,2026-09-15,allowed,written-representations,"Two pairs of semi-detached houses on vacant hard-surfaced former council open land, keeping a footpath link",housing-minor,4,inside-settlement,false,n/a,,2026-08,HC7,loss of public open space,tier-2; appeal-planning-officer; transitional-no-consultation; open-space; bng-small-site-exemption; small-scheme,https://planningdistilled.org/research/england/nppf-navigator/decisions/PINS-6008922.html
PINS-6009098,"White House Farm, Main Street, Ealand",North Lincolnshire,Yorkshire and the Humber,inspector,6009098,PA/2025/1145,2026-09-15,dismissed,written-representations,Permission in principle for conversion of a redundant stone storage barn to 1 dwelling,PIP; conversion; housing-minor,1,inside-settlement; flood-zone-3,false,n/a,,2026-08,F4; F7; S4,suitability of site - location; land use; amount (flood risk),PIP; flood-risk; flood-fra-missing; barn-conversion; s4-substantially-outweighed; parties-consulted-on-2026-framework; costs-application; small-scheme,https://planningdistilled.org/research/england/nppf-navigator/decisions/PINS-6009098.html
PINS-6009463,"Lowgate Farm, Lowgate, Tydd St Mary",South Holland,East Midlands,inspector,6009463,H21-1138-25,2026-09-15,dismissed,written-representations,Conversion of two brick barns to a self-build dwelling and garage,housing-minor; conversion; self-build,1,open-countryside,false,n/a,,2026-08,S5(1)(c),principle - extent of works for conversion,s5-1-c-reuse; self-build-unsecured; transitional-no-consultation; appeal-planning-officer; small-scheme; tier-2,https://planningdistilled.org/research/england/nppf-navigator/decisions/PINS-6009463.html
PINS-6009588,"Land south of 47 Necton Road (Ashbridge House), Little Dunham",Breckland,East of England,inspector,6009588,PL/2026/0265/FMIN,2026-09-15,dismissed,written-representations,One dwelling and garage on open land at the southern edge of the village,housing-minor,1,settlement-edge; open-countryside,false,n/a,2.82,2026-08,S5(1)(j); N6; DP3(3); DM6,location under local plan; character and appearance; habitats sites,s5-1-j; substantially-outweighed; s5-2-refusal-policy; settlement-status-disputed; habitats-mitigation-unsecured; landscape-harm; housing-shortfall; small-scheme; parties-consulted-on-2026-framework,https://planningdistilled.org/research/england/nppf-navigator/decisions/PINS-6009588.html
PINS-6009626,"54 Meltham Road, Huddersfield",Kirklees,Yorkshire and the Humber,inspector,6009626,2026/62/90733/W,2026-09-15,dismissed,written-representations,Subdivision of terraced house into two apartments,housing-minor; change-of-use,1,inside-settlement,false,n/a,,2026-08,S4; P3,living conditions of future occupiers,s4-within-settlement; s4-substantially-outweighed; living-conditions; transitional-no-consultation; appeal-planning-officer; small-scheme; tier-2,https://planningdistilled.org/research/england/nppf-navigator/decisions/PINS-6009626.html
PINS-6009852,"16 George's Street, Ovenden, Halifax",Calderdale,Yorkshire and the Humber,inspector,6009852,24/01271/FUL,2026-09-15,dismissed,written-representations,New-build dormer bungalow on residual land within a former care-home site,housing-minor,1,inside-settlement,false,n/a,,2026-08,S4; DP3; P3,character and appearance; neighbour living conditions,s4-within-settlement; s4-substantially-outweighed; design-refusal; living-conditions; transitional-no-consultation; appeal-planning-officer; small-scheme; tier-2,https://planningdistilled.org/research/england/nppf-navigator/decisions/PINS-6009852.html
PINS-6010024,"15 Warwick Road, Batley (home-kitchen takeaway)",Kirklees,Yorkshire and the Humber,inspector,6010024,2026/62/90709/E,2026-09-15,dismissed,written-representations,Retrospective change of use of part of a residential kitchen for small-scale home cooking for takeaway and delivery,change-of-use; commercial,,inside-settlement,false,n/a,,2026-08,HC5(1)(a); S4,location of hot food takeaway near school; living conditions,hot-food-takeaway; hc5-school-400m; s4-substantially-outweighed; home-business; retrospective; appeal-planning-officer-recommendation; no-consultation-on-2026-framework,https://planningdistilled.org/research/england/nppf-navigator/decisions/PINS-6010024.html
PINS-6010238,"225 Faversham Road, Kennington, Ashford",Ashford,South East,inspector,6010238,PA/2026/0333,2026-09-15,dismissed,written-representations,First-floor side extension to dental practice for surgery and waiting room,commercial,,inside-settlement; conservation-area,false,n/a,,2026-08,HE6(4); HE9,character and appearance; conservation area,conservation-area; heritage-harm-decisive; public-benefits-unevidenced; hc-healthcare,https://planningdistilled.org/research/england/nppf-navigator/decisions/PINS-6010238.html
PINS-6010379,"10 Goodmayes Lane, Ilford",Redbridge,London,inspector,6010379,2482/25,2026-09-15,dismissed,written-representations,"Change of use from small HMO (C4) to large HMO (sui generis, 11 persons)",change-of-use; housing-minor,,inside-settlement; near-station,false,n/a,,2026-08,S4(1); TR6(4),living conditions; parking and highway safety; location; neighbour amenity; loss of family dwelling,tier-2; s4-within-settlement; s4-substantially-outweighed; hmo; sustainable-location-pass; tr6-highway-safety; housing-shortfall; parties-consulted-on-2026-framework,https://planningdistilled.org/research/england/nppf-navigator/decisions/PINS-6010379.html
PINS-6010520,"Grove Farm (Harefield Grove), Rickmansworth Road, Harefield",Hillingdon,London,inspector,6010520,70328/APP/2023/1772,2026-09-15,dismissed,written-representations,"Retrospective change of use of former chicken sheds and fields to a dog training and daycare centre (up to 60 dogs), with car park and post-and-mesh fencing",commercial; change-of-use; conversion,,green-belt; listed-building-setting,true,not-argued,,2026-08,P3; S5(1)(b),living conditions (noise); Green Belt (raised by Inspector); S5 balance,not-inappropriate; gb7-1-f-outdoor-recreation; s5-1-b-rural-business; substantially-outweighed; noise; retrospective; inspector-raised-own-ground,https://planningdistilled.org/research/england/nppf-navigator/decisions/PINS-6010520.html
PINS-6010672,"Kensington Hall, 25-27 Kensington Street, Bradford (front retail extension)",Bradford,Yorkshire and the Humber,inspector,6010672,25/02921/FUL,2026-09-15,dismissed,written-representations,Front extension for retail use,retail,,inside-settlement,false,n/a,,not-cited,Bradford CS DS1; Bradford CS TR2,character and appearance; highway safety,design-refusal; highway-safety; retail; tier-2,https://planningdistilled.org/research/england/nppf-navigator/decisions/PINS-6010672.html
PINS-6010836,"19 St Michaels Road, Newquay",Cornwall,South West,inspector,6010836,PA25/06466,2026-09-15,dismissed,written-representations,"Demolition of commercial building and erection of mixed-use building with offices and 9 flats, parking and two accesses",housing-minor; commercial,9,inside-settlement; PDL,false,n/a,,2026-08,S4(1); S4(2)(c); DP3; L2(1)(d),character and appearance; living conditions; infrastructure contributions; S4 balance,s4-within-settlement; s4-substantially-outweighed; design-refusal; housing-shortfall; parties-consulted-on-2026-framework; small-scheme; pdl,https://planningdistilled.org/research/england/nppf-navigator/decisions/PINS-6010836.html
PINS-6010987,"Loudon Way, Repton Park, Ashford (micro energy storage)",Ashford,South East,inspector,6010987,PA/2025/2065,2026-09-15,dismissed,written-representations,Micro battery energy storage installation with acoustic fencing on a grassed landscape buffer at a road junction,battery-storage,,inside-settlement,false,n/a,,2026-08,DP3,character and appearance,battery-storage; renewable-energy; design-refusal; w3-not-applied; inconsistent-weighting,https://planningdistilled.org/research/england/nppf-navigator/decisions/PINS-6010987.html
PINS-6011231,"Gravel Farm, 250 Gravel Lane, Banks",West Lancashire,North West,inspector,6011231,2026/0042/FUL,2026-09-15,allowed,written-representations,Change of use of Barn A to a dwelling (self-build) and Barn B to an ancillary garage,housing-minor; conversion; self-build,1,green-belt; open-countryside,true,n/a,,2026-08,S5(5); HO7; L2(1); HO11; TR3,suitable location for housing,s5-5-balance; substantially-outweighed; not-inappropriate; conversion; self-build; car-dependence-moderate; isolated-home-not; l2-substantial-weight; costs-award; bng-self-build-exemption; old-framework-para-cited,https://planningdistilled.org/research/england/nppf-navigator/decisions/PINS-6011231.html
PINS-6011330,"Land and buildings south of Cowley Lane, Dronfield",North East Derbyshire,East Midlands,inspector,6011330,25/01050/OL,2026-09-15,dismissed,written-representations,"Outline (appearance, scale, layout) — demolition of equestrian buildings and replacement with one custom/self-build dwelling",housing-minor; self-build; equestrian,1,green-belt; open-countryside; PDL; valued-landscape,true,not-argued,,2026-08,GB7(1)(e); GB7(1)(f)(iii); GB6(2); AnnexB:previously-developed-land,inappropriate development; PDL extent; Green Belt purposes; landscape; VSC,pdl-e-limb; pdl-curtilage; self-build; vsc-not-shown; openness-harm; small-scheme; annex-a-inconsistent-policy; valued-landscape-removed; transitional-no-consultation,https://planningdistilled.org/research/england/nppf-navigator/decisions/PINS-6011330.html
PINS-6011691,"Church Cottage, 10 East Lane, West Horsley",Guildford,South East,inspector,6011691,26/P/00241,2026-09-15,dismissed,householder,Single-storey rear orangery (25 sqm),householder,,green-belt,true,n/a,,2026-08,GB7(1)(b); GB6(2),inappropriate development; openness; VSC,disproportionate-extension; original-building-baseline; openness-harm; vsc-not-shown; transitional-no-consultation; householder,https://planningdistilled.org/research/england/nppf-navigator/decisions/PINS-6011691.html
PINS-6011872,"Land adjacent to 16 Mill Road, Fen Drayton",South Cambridgeshire,East of England,inspector,6011872,26/01273/FUL,2026-09-15,dismissed,written-representations,Self-build bungalow on subdivided smallholding plot in the Fen Drayton Former Land Settlement Association Estate,housing-minor; self-build,1,open-countryside,false,n/a,5.5,2026-08,S5(1)(j); CC2; DP3; HO7,accessibility of services; sustainable living; character and appearance,s5-1-j; self-build; self-build-shortfall-as-need; sustainable-location-fail; 5yhls-shown; design-refusal; small-scheme; parties-consulted-on-2026-framework,https://planningdistilled.org/research/england/nppf-navigator/decisions/PINS-6011872.html
PINS-6012188,"Land to the rear of 3 Broad Lane, Downholland",West Lancashire,North West,inspector,6012188,2024/0497/FUL,2026-09-15,dismissed,written-representations,"Yoga facility with hardstanding (retrospective), wildflower meadow, pond and orchard; change of use for beekeeping and outdoor yoga and holistic therapies",leisure; change-of-use,,green-belt; open-countryside; agricultural-land-BMV,true,not-argued,,2026-08,GB6(2); GB7(1)(f)(iv); GB7(1)(g)(ii); DP3(3),inappropriate development; character and appearance; accessibility; living conditions; BMV land; VSC,openness-harm; vsc-not-shown; outdoor-recreation-facilities; openness-minimised-test; unmet-need-not-evidenced; grey-belt-assumed; decision-vs-plan-making-policies; sustainable-location-pass,https://planningdistilled.org/research/england/nppf-navigator/decisions/PINS-6012188.html
PINS-6012239,"111-117 Sunbridge Road, Bradford",Bradford,Yorkshire and the Humber,inspector,6012239,25/01696/FUL,2026-09-15,allowed,written-representations,Conversion of vacant ground-floor shop to 2 apartments with new shopfront glazing,change-of-use; housing-minor,2,inside-settlement; conservation-area; listed-building-setting,false,n/a,,2026-08,P3(2)(a),living conditions — outlook and privacy,tier-2; conservation-area; parties-consulted-on-2026-framework,https://planningdistilled.org/research/england/nppf-navigator/decisions/PINS-6012239.html
PINS-6012252,"4 Denton Road, Eastbourne (garage conversion to studio dwelling)",Eastbourne,South East,inspector,6012252,250499,2026-09-15,allowed,written-representations,Garage conversion with single-storey rear extension to form 1 studio dwelling,housing-minor; conversion,1,inside-settlement; conservation-area,false,n/a,,2026-08,DP3; HE6,conservation area character; neighbour privacy; future occupier living conditions,conservation-area; small-scheme; parties-consulted-on-2026-framework; tier-2,https://planningdistilled.org/research/england/nppf-navigator/decisions/PINS-6012252.html
warwick-W-25-1768,"Burton Green Village Hall, Red Lane, Burton Green (outdoor activity area, kiosk and pergolas)",Warwick,West Midlands,lpa-committee,,W/25/1768,2026-09-15,approved,committee,"Multi-purpose hardstanding with storage shed, kiosk (7.82 m² footprint) and pergolas under 2.5 m for outdoor activities at the village hall",leisure; other,,green-belt; washed-over-village,true,n/a,,2026-08,GB7(1)(f)(iv); HC4,Green Belt outdoor recreation facilities; community benefit; amenity,outdoor-recreation-facilities; community-facility; not-inappropriate; officer-rec-followed,https://planningdistilled.org/research/england/nppf-navigator/decisions/warwick-W-25-1768.html
malvern-M-26-01131-FUL,"Greenhill Farm, Greenhill Lane, Hallow (former business buildings to self-build dwelling)",Malvern Hills,West Midlands,lpa-delegated,,M/26/01131/FUL,2026-09-14,refused,delegated,"Demolition of existing office and storage buildings, removal of external storage and construction of one self-build dwelling",housing-minor; self-build,1,open-countryside; rural-lane; PDL,false,n/a,,2026-08,S5(1)(d); TR3(1); TR4(1)(a),PDL outside settlement; sustainable location; landscape character,pdl-outside-settlement; sustainable-location-fail; rural-lane-no-footway; self-build; small-scheme; old-wording-slip; fallback,https://planningdistilled.org/research/england/nppf-navigator/decisions/malvern-M-26-01131-FUL.html
malvern-M-26-01162-PIP,"Land at OS 8339 4949, Upton Road, Callow End (5-9 dwellings PIP)",Malvern Hills,West Midlands,lpa-delegated,,M/26/01162/PIP,2026-09-14,refused,delegated,Permission in principle for 5 to 9 dwellings on a 0.78 ha roadside field,PIP; housing-minor,9,open-countryside; settlement-edge; listed-building-setting,false,n/a,,2026-08,S5(1)(e); S5(4); AnnexB:settlement,S5 infill; settlement edge; character; spatial strategy,PIP; small-scheme; infill-rejected; s5-4-exceptional; sustainable-location-pass,https://planningdistilled.org/research/england/nppf-navigator/decisions/malvern-M-26-01162-PIP.html
PINS-6001260,"Paddock land adjoining 39a Stone Lane, Lydiard Millicent",Wiltshire,South West,inspector,6001260,PL/2024/07426,2026-09-14,allowed,written-representations,"9 dwellings with landscaping, sustainable drainage and vehicular access from Stone Lane",housing-minor,9,settlement-edge; open-countryside; rural-lane,false,n/a,2.03,2026-08,S5(1)(j); HO7; TR4,suitability of location; highway safety,s5-1-j; sustainable-location-pass; housing-shortfall; small-scheme; parties-consulted-on-2026-framework; materially-inconsistent-very-limited-weight; annex-a-weight-reduction; rural-lane-no-footway; habitats-mitigation,https://planningdistilled.org/research/england/nppf-navigator/decisions/PINS-6001260.html
PINS-6003569,"Crockmore Cottage, Fawley (200 kW ground-mounted solar)",Buckinghamshire,South East,inspector,6003569,24/07796/FUL,2026-09-14,allowed,written-representations,"Ground-mounted solar array, 200 kW (12 rows of panels) in the upper half of a small field in the grounds of a cottage, Chilterns National Landscape",renewable-solar,,national-landscape; open-countryside,false,n/a,,2026-08,W3; N4(1); S5(1)(a),landscape and visual effect on National Landscape,renewable-energy; national-landscape; landscape-harm; s38-6-material-considerations; drafting-slip,https://planningdistilled.org/research/england/nppf-navigator/decisions/PINS-6003569.html
PINS-6005067,"Dingle Bank House, 10 Dingle Bank Close, Lymm (uPVC windows condition)",Warrington,North West,inspector,6005067,2024/01202/FUL,2026-09-14,dismissed,written-representations,Appeal against condition 3 (materials as approved) to allow uPVC rather than timber windows in the locally listed Dingle Bank House,householder; other,,conservation-area,false,n/a,,2026-08,HE6(1); HE6(4); DM6,conservation area; non-designated heritage asset,tier-2; conditions-appeal; windows; conservation-area; old-wording-slip; parties-consulted-on-2026-framework,https://planningdistilled.org/research/england/nppf-navigator/decisions/PINS-6005067.html
PINS-6005809,"Land north of Spring Hill, Kingston Bagpuize with Southmoor",Vale of White Horse,South East,inspector,6005809,P24/V2357/O,2026-09-14,allowed,inquiry,"Outline for up to 249 dwellings (35% affordable), access from Spring Hill",housing-major,249,settlement-edge; open-countryside; agricultural-land-BMV,false,n/a,,2026-08,S5(1)(j); AnnexA(2); TR3(1)(a); HO7; HO8,location vs spatial strategy; housing land supply; implications of the 2026 Framework,s5-1-j; unmet-need-without-5yhls-shortfall; affordable-need; marginal-supply; housing-land-supply-dispute; annex-a-limited-weight; large-scheme; substantially-outweighed,https://planningdistilled.org/research/england/nppf-navigator/decisions/PINS-6005809.html
PINS-6006123,"Court Farm, Padbrook Lane, Elmstone",Dover,South East,inspector,6006123,25/01256,2026-09-14,dismissed,written-representations,Conversion and change of use of light industrial shed (former agricultural barn) to 3 dwellings with gardens and parking,housing-minor; conversion; change-of-use,3,open-countryside; rural-lane; PDL,false,n/a,,2026-08,HO11; S5; TR3; E2; DP3,suitable and sustainable location; loss of employment land,sustainable-location-fail; rural-lane-no-footway; isolated-home; ho11; rural-business-conversion; marketing-evidence; fallback-rejected; small-scheme; parties-consulted-on-2026-framework; drafting-slip; old-balance-wording; s5-limb-not-identified,https://planningdistilled.org/research/england/nppf-navigator/decisions/PINS-6006123.html
PINS-6006286,"Land to rear of White House Farm (5 Bescar Lane), Bescar, Scarisbrick",West Lancashire,North West,inspector,6006286,2025/0598/PIP,2026-09-14,dismissed,written-representations,Permission in principle for 4-9 dwellings on a strip of land behind roadside development,PIP; housing-minor,9,green-belt; settlement-edge; agricultural-land-BMV,true,accepted,1.86,2026-08,S5(5); F5; GB7(1)(g),flood risk; grey belt; BMV/peaty soils; S5(5) balance,PIP; grey-belt-accepted; sustainable-location-pass; flood-sequential-test; substantially-outweighed; small-scheme; housing-shortfall; s5-5-green-belt-route; costs-refused,https://planningdistilled.org/research/england/nppf-navigator/decisions/PINS-6006286.html
PINS-6006422,"North Burton Hall, Hunmanby Road, Burton Fleming",East Riding of Yorkshire,Yorkshire and the Humber,inspector,6006422,25/01754/PLF,2026-09-14,allowed,written-representations,Retrospective installation of a biomass boiler and 10 m flue in an outbuilding attached to a Grade II listed farmhouse,agricultural; other,,settlement-edge; listed-building-setting,false,n/a,,2026-08,S5(1)(a); HE6(4); CC2(2); W3(1)(a); P3; DM7(1); DM3(1)(e),living conditions - emissions; listed building setting; character and appearance,renewable-energy; heritage-harm-outweighed; retrospective; w3-substantial-weight; conditions-overcome-refusal; parties-consulted-on-2026-framework; s5-1-a; low-carbon-heating-heritage-benefit; other-regimes-dm7; resident-evidence-insufficient,https://planningdistilled.org/research/england/nppf-navigator/decisions/PINS-6006422.html
PINS-6006811,"Hall Croft House, Castleford Road, Normanton",Wakefield,Yorkshire and the Humber,inspector,6006811,25/01975/FUL,2026-09-14,allowed,written-representations,"Retrospective conversion of vacant office to beauty hub (hair, beauty, sunbeds, pilates)",change-of-use; commercial,,inside-settlement,false,n/a,,2026-08,P3(2); TR6(4),neighbour noise; highway safety,tier-2; parking-stress; parties-consulted-on-2026-framework; retrospective,https://planningdistilled.org/research/england/nppf-navigator/decisions/PINS-6006811.html
PINS-6007163,"Prince William Inn, Beacon Lane, Dalton",West Lancashire,North West,inspector,6007163,2024/0224/FUL,2026-09-14,allowed,written-representations,"Conversion of former public house to a dwelling, demolition of structures and one new detached dwelling in the former beer garden (volume re-used)",housing-minor; conversion; change-of-use,2,green-belt; open-countryside; PDL,true,not-argued,,2026-08,GB7(1)(e); HE7,inappropriate development; character and NDHA,pdl-e-limb; beer-garden-curtilage-pdl; not-inappropriate; grey-belt-not-needed; ndha-benefit; pub-conversion; volume-swap; small-scheme,https://planningdistilled.org/research/england/nppf-navigator/decisions/PINS-6007163.html
PINS-6007184,"Land south of Daws Heath Road, Thundersley",Castle Point,East of England,inspector,6007184,25/0660/OUT,2026-09-14,allowed,hearing,"Outline, up to 58 dwellings (50% affordable), access, POS, play, attenuation basins, landscaping",housing-major; affordable-led,58,green-belt; settlement-edge; ancient-woodland,true,accepted,0.91,2026-08,AnnexB:grey-belt; GB7(1)(g); GB8; S5(5); HO7; HO8,grey belt; Golden Rules; loss of riding centre grazing; heritage; landscape; habitats,grey-belt-accepted; golden-rules; sustainable-location-pass; housing-shortfall; large-scheme; not-inappropriate; s5-5-balance; contained-site; gb-review-parcel-too-coarse; hdt-below-75; affordable-50pc,https://planningdistilled.org/research/england/nppf-navigator/decisions/PINS-6007184.html
PINS-6007642,"Bland Hill Farm, Broad Dubb Road, Norwood (FUL 6007606 and LBC 6007642)",North Yorkshire,Yorkshire and the Humber,inspector,6007642,26/00048/LB,2026-09-14,dismissed,written-representations,"Detached garage, rear extensions and front porch to Grade II farmhouse (linked s78 appeal 6007606, 26/00047/FUL)",householder; listed-building-consent,,open-countryside; national-landscape; listed-building-setting,false,n/a,,2026-08,HE6; HE4; N4; S5(2),special interest of listed building; national landscape,tier-2; listed-building-consent; householder; heritage-harm-decisive; national-landscape; framework-only-decision; private-benefit-not-public; parties-consulted-on-2026-framework; linked-appeals,https://planningdistilled.org/research/england/nppf-navigator/decisions/PINS-6007642.html
PINS-6007856,"Garages rear of 13 Morven Drive, Bill Quay, Gateshead",Gateshead,North East,inspector,6007856,DC/25/01337/FUL,2026-09-14,dismissed,written-representations,Raised roof to central garage in a row of flat-roofed garages to house a motorhome (retrospective),other,,inside-settlement,false,n/a,,2026-08,S4(1); DP3(1),character and appearance; neighbour outlook,tier-2; retrospective; design-refusal; living-conditions; s4-within-settlement; s4-substantially-outweighed; upward-extension; appeal-planning-officer; transitional-no-consultation,https://planningdistilled.org/research/england/nppf-navigator/decisions/PINS-6007856.html
PINS-6008646,"52 Hugh Road, Coventry",Coventry,West Midlands,inspector,6008646,PL/2025/0001873/FUL,2026-09-14,dismissed,written-representations,Change of use of dwelling (C3) to small HMO (C4) for supported housing,change-of-use,,inside-settlement,false,n/a,,2026-08,S4(1); P3; TR6(4),balance of housing provision; parking,tier-2; s4-within-settlement; s4-substantially-outweighed; hmo; supported-housing; parties-consulted-on-2026-framework,https://planningdistilled.org/research/england/nppf-navigator/decisions/PINS-6008646.html
PINS-6008667,"18 Beech Hill, Hadley Wood, Enfield",Enfield,London,inspector,6008667,26/00547/FUL,2026-09-14,dismissed,written-representations,Demolition of a house and erection of two detached houses to the frontage plus a rear block of five flats over semi-basement parking,housing-minor; replacement-dwelling,7,inside-settlement,false,n/a,,2026-08,L2(1)(d)(iii); DP3,character and appearance; pedestrian access; waste,l2-1-d-curtilage; l2-substantial-weight-withheld; parties-consulted-on-2026-framework; neighbourhood-plan; backland; suburban-intensification,https://planningdistilled.org/research/england/nppf-navigator/decisions/PINS-6008667.html
PINS-6008803,"18 Beech Hill, Hadley Wood, Enfield",Enfield,London,inspector,6008803,26/0548/FUL,2026-09-14,dismissed,written-representations,Demolition of a large vacant house and erection of 4 detached houses with double garages on a c.0.4ha plot backing onto Green Belt golf course,housing-minor; replacement-dwelling,4,inside-settlement; settlement-edge,false,n/a,,2026-08,N2; Habitats Regs 2017 (EPS); L2(1)(d)(iii),character and appearance; pedestrian access; protected species,l2-1-d; substantial-weight-l2; garden-land; annex-a-weight-reduction; protected-species-no-survey; parties-consulted-on-2026-framework; small-scheme,https://planningdistilled.org/research/england/nppf-navigator/decisions/PINS-6008803.html
PINS-6009340,"Verge by Abingdon Road / Broadway, Didcot (micro energy storage)",South Oxfordshire,South East,inspector,6009340,P25/S1790/FUL,2026-09-14,allowed,written-representations,Micro battery energy storage installation on a highway verge beside a roundabout,battery-storage,,settlement-edge,false,n/a,,2026-08,W3(1); W3(2); DP3(3),character and appearance,renewable-energy; battery-storage; w3-substantial-weight; dp3-clear-justification; s38-6-material-considerations,https://planningdistilled.org/research/england/nppf-navigator/decisions/PINS-6009340.html
PINS-6009486,"Homestead, Liverpool Road, Tarleton",West Lancashire,North West,inspector,6009486,2026/0109/FUL,2026-09-14,allowed,written-representations,Change of use of 4-bed dwelling to a children's care home for up to 2 children (C2),change-of-use; specialist-housing,,open-countryside,false,n/a,,2026-08,S5(1)(c); S3; HO9(1); HO7,suitability of location - need; local services; community balance,s5-1-c-reuse; specialist-housing; childrens-home; plan-making-policy-not-for-decisions; substantially-outweighed; parties-consulted-on-2026-framework,https://planningdistilled.org/research/england/nppf-navigator/decisions/PINS-6009486.html
PINS-6010189,"1391-1393 London Road, Norbury (adult gaming centre)",Croydon,London,inspector,6010189,26/00641/FUL,2026-09-14,allowed,written-representations,Change of use of vacant ground-floor Class E unit (former bank) to 24-hour adult gaming centre (sui generis),change-of-use; leisure; commercial,,inside-settlement,false,n/a,,2026-08,P3,living conditions noise at night,town-centre; 24-hour-use; noise-night-time; marketing-evidence; parties-consulted-on-2026-framework; limited-nppf-engagement,https://planningdistilled.org/research/england/nppf-navigator/decisions/PINS-6010189.html
PINS-6010191,"Timberdown, adjacent 1 Jackson Road, Bromley",Bromley,London,inspector,6010191,25/03925/FPA,2026-09-14,dismissed,written-representations,Demolition of outbuildings and erection of 5 houses (semi-detached pair and terrace of 3) with parking and access,housing-minor,5,inside-settlement,false,n/a,1.93,2026-08,S4(1); P3(2)(b); DP3(2)(a),outlook and light; character and appearance; noise,s4-within-settlement; small-scheme; housing-shortfall; parties-consulted-on-2026-framework; fallback; drafting-slip; living-conditions-decisive,https://planningdistilled.org/research/england/nppf-navigator/decisions/PINS-6010191.html
PINS-6010442,"Land west of Pits Mingle Bungalow, Tregoss Moor, Roche",Cornwall,South West,inspector,6010442,PA25/07857,2026-09-14,dismissed,written-representations,Permission in principle for one self-build dwelling,PIP; housing-minor; self-build,1,open-countryside; rural-lane,false,n/a,3.9,2026-08,S5(1)(j); S5(1)(e); S5(4); TR3,suitability of location - PIP stage 1,PIP; s5-1-j; s5-1-e-infill; s5-4-exceptional; sustainable-location-fail; rural-lane-no-footway; housing-shortfall; self-build; small-scheme; parties-consulted-on-2026-framework,https://planningdistilled.org/research/england/nppf-navigator/decisions/PINS-6010442.html
PINS-6010518,"4 Offington Court, Offington, Worthing",Worthing,South East,inspector,6010518,AWDM/1475/25,2026-09-14,dismissed,householder,Single-storey rear extension with gable roof to create first-floor bedroom,householder,,inside-settlement,false,n/a,,2026-08,P3; S4(1),neighbour daylight and sunlight,tier-2; s4-within-settlement; s4-substantially-outweighed; householder; non-determination; fallback; transitional-no-consultation,https://planningdistilled.org/research/england/nppf-navigator/decisions/PINS-6010518.html
PINS-6010668,"103 Oxford Street, Soho, London (scaffold shroud advert)",Westminster,London,inspector,6010668,26/00918/ADV,2026-09-14,allowed,written-representations,Temporary 1:1 decorative scaffold shroud with 13.5 x 7.2 m inset advertisement (external lighting refused by condition),advertisement,,conservation-area; listed-building-setting; inside-settlement,false,n/a,,2026-08,DP3; HE9,visual amenity,advertisement; scaffold-shroud; conservation-area; he-policies-as-amenity; non-determination,https://planningdistilled.org/research/england/nppf-navigator/decisions/PINS-6010668.html
PINS-6010838,"Denmark Hill, outside No 124, Camberwell (BT Street Hub)",Lambeth,London,inspector,6010838,26/00295/FUL,2026-09-14,allowed,written-representations,Removal of an InLink unit and a replacement BT Street Hub 3 unit on the footway (appeal A; advertisement appeal B 6010837 for two 75-inch digital screens also allowed),telecoms; advertisement,,inside-settlement,false,n/a,,2026-08,S4; TR6; TR4,highway and pedestrian safety (A); public safety (B),street-hub; bt-street-hub; telecoms; s4-within-settlement; s4-approve; inclusive-access; parties-consulted-on-2026-framework; tier-2,https://planningdistilled.org/research/england/nppf-navigator/decisions/PINS-6010838.html
PINS-6011253,"Land adjacent 8 Bedford Road, Cople",Bedford,East of England,inspector,6011253,26/00830/PIP,2026-09-14,allowed,written-representations,Permission in principle for 1-9 self-build/custom dwellings,housing-minor; PIP; self-build,9,open-countryside; agricultural-land-BMV,false,n/a,3.35,2026-08,S5(4); HO7; DP3; N2; TR3,suitability of location; land use and amount for PIP,PIP; self-build; s5-4-exceptional; s5-1-j; housing-shortfall; small-scheme; countryside-harm-outweighed,https://planningdistilled.org/research/england/nppf-navigator/decisions/PINS-6011253.html
PINS-6011256,"Barn at Poplar Farm, Harps Hall Road, Walton Highway",King's Lynn and West Norfolk,East of England,inspector,6011256,25/01774/CU,2026-09-14,dismissed,written-representations,"Change of use of agricultural barn to repair, sale and storage of camper vans and caravans",change-of-use; commercial; conversion,,open-countryside; rural-lane,false,n/a,,2026-08,TR6; S5(1)(c); S5(2); E2,highway safety and road network suitability,highway-safety-fail; rural-business-conversion; s5-1-c-reuse; s5-2-refusal-policy; e2-substantial-weight; fallback-rejected; small-scheme,https://planningdistilled.org/research/england/nppf-navigator/decisions/PINS-6011256.html
PINS-6011314,"Hill House Farm (Hillhouse), Bosbury, Ledbury (extension and alterations, FUL and LBC)",Herefordshire,West Midlands,inspector,6011314,P253605/L,2026-09-14,dismissed,written-representations,"Internal and external alterations including single-storey west-gable extension to a Grade II c.1600 timber-framed farmhouse (linked s78 appeal 6011319, P253604/FH)",listed-building-consent; householder,,open-countryside,false,n/a,,2026-08,HE6(1); HE6(4); HE4(2); S5,special interest of listed building; public benefits; S5 balance,listed-building-consent; heritage-harm-decisive; cc2-not-engaged; s5-1-c-reuse; s5-2-refusal-policy; parties-consulted-on-2026-framework; substantially-outweighed,https://planningdistilled.org/research/england/nppf-navigator/decisions/PINS-6011314.html
PINS-6011401,"1 Rothbury, Sunderland",Sunderland,North East,inspector,6011401,25/02619/FUL,2026-09-14,dismissed,written-representations,Change of use from dwelling (C3) to children's home (C2) for up to three children,change-of-use; specialist-housing,,inside-settlement,false,n/a,,2026-08,P3(2)(b); TR4(1)(e),noise and disturbance; parking and highway safety,tier-2; childrens-home; specialist-housing; best-interests-of-children; parties-consulted-on-2026-framework,https://planningdistilled.org/research/england/nppf-navigator/decisions/PINS-6011401.html
SOS-EN020032,Morgan and Morecambe Offshore Wind Farms Transmission Assets (DCO),Fylde / South Ribble / Blackpool / Preston (Lancashire),North West,secretary-of-state,,EN020032,2026-09-14,approved,inquiry,"DCO for offshore and onshore transmission assets for two consented offshore wind farms - export cables, landfall, onshore cables, two onshore substations in the Green Belt and 400 kV connection to Penwortham",infrastructure; renewable-wind,,green-belt; open-countryside,true,not-argued,,2024-12 (transitional),NPS EN-1 5.11.37; GB6(2),Green Belt VSC; aviation safety; habitats; onshore ecology; compulsory acquisition,secretary-of-state; nsip-dco; renewable-energy; transitional; vsc-shown; green-belt-substation; examiner-overruled,https://planningdistilled.org/research/england/nppf-navigator/decisions/SOS-EN020032.html
wychavon-W-26-01828-PIP,"Cedar Wood, Seaford Lane, Naunton Beauchamp (1 self-build dwelling PIP)",Wychavon,West Midlands,lpa-delegated,,W/26/01828/PIP,2026-09-14,approved,delegated,Permission in principle for one self-build dwelling,PIP; housing-minor; self-build,1,open-countryside; rural-lane,false,n/a,,2026-08,S5(1)(e); S5(3); TR3(1)(e); DP3(3),S5(1)(e) infill; fallback; sustainable location,PIP; self-build; small-scheme; fallback; s5-1-e-infill; sustainable-location-fail; five-year-supply-met,https://planningdistilled.org/research/england/nppf-navigator/decisions/wychavon-W-26-01828-PIP.html
wychavon-W-26-01874-PIP,"Land at OS 0837 3879, Pennylands Bank, Broadway (1 dwelling PIP)",Wychavon,West Midlands,lpa-delegated,,W/26/01874/PIP,2026-09-14,refused,delegated,Permission in principle for one dwelling on an agricultural field,PIP; housing-minor,1,open-countryside; rural-lane; near-station,false,n/a,,2026-08,S3; S5(1)(e); S5(1)(h); S5(4); DP3,S5 categories; well-connected station; infill; sustainable location; landscape,PIP; small-scheme; station-route-h; s5-4-exceptional; sustainable-location-fail; rural-lane-no-footway; five-year-supply-met; infill-rejected,https://planningdistilled.org/research/england/nppf-navigator/decisions/wychavon-W-26-01874-PIP.html
bromsgrove-26-00434-FUL,"88 Houndsfield Lane, Hollywood (replacement self-build dwelling)",Bromsgrove,West Midlands,lpa-delegated,,26/00434/FUL,2026-09-11,approved,delegated,Demolition of a bungalow and erection of a part two-storey replacement self-build dwelling,replacement-dwelling; self-build; householder,1,green-belt; open-countryside,true,not-argued,,2026-08,GB7(1)(b); GB6(2),replacement building materially larger; fallback; personal circumstances,fallback; vsc-shown; personal-circumstances; self-build; replacement-dwelling; openness-harm,https://planningdistilled.org/research/england/nppf-navigator/decisions/bromsgrove-26-00434-FUL.html
PINS-6003034,"J Sainsbury, 73 High Street, Chislehurst (rooftop telecoms)",Bromley,London,inspector,6003034,25/01478/FULL1,2026-09-11,dismissed,written-representations,"Rooftop telecoms installation on a supermarket (6 antennas on tripod frames, 4 dishes, 4 cabinets); apparatus to 20.6 m AGL, 5.6 m above the roof",telecoms,,conservation-area; listed-building-setting; inside-settlement,false,n/a,,2026-08,HE6(5); HE6(6); CO1(1)(b),heritage (CA and Grade II* setting); character and appearance; alternative sites,telecoms; co1-substantial-weight; heritage-harm-decisive; substantial-harm-setting; alternative-sites,https://planningdistilled.org/research/england/nppf-navigator/decisions/PINS-6003034.html
PINS-6004929,"1-3A Doggett Road, Catford",Lewisham,London,inspector,6004929,DC/25/140280,2026-09-11,allowed,written-representations,Demolition of 13-bed HMO and erection of 4-storey building with 9 flats and a commercial unit,housing-minor,9,inside-settlement; PDL; flood-zone-3; flood-zone-2; near-station,false,n/a,,2026-08,S3; S4; HO7; L2; L3; F5; F6; DM5,character and heritage; loss of HMO; affordable housing viability; living conditions; cycle parking; neighbour privacy; flood risk,s4-approve; flood-risk; sequential-test-not-done; viability; hmo; ndha; heritage-no-harm; housing-shortfall; pdl-substantial-weight; costs-application; parties-consulted-on-2026-framework; small-scheme,https://planningdistilled.org/research/england/nppf-navigator/decisions/PINS-6004929.html
PINS-6005108,"Land west of Little Smiths Farm, Drayton",Vale of White Horse,South East,inspector,6005108,P25/V0180/O,2026-09-11,allowed,inquiry,"Outline for up to 31 dwellings (35% affordable), open space, SuDS",housing-major,31,settlement-edge; open-countryside; agricultural-land-BMV; conservation-area; listed-building-setting,false,n/a,4.9,2026-08,S5(1)(j); AnnexD; HO7; HE6(4); N2,housing land supply; location vs spatial strategy; infrastructure,s5-1-j; housing-land-supply-dispute; lapse-rate-rejected; oxford-unmet-need; marginal-shortfall; heritage-harm-outweighed; bmv; old-wording-slip,https://planningdistilled.org/research/england/nppf-navigator/decisions/PINS-6005108.html
PINS-6005877,"Land off Bolshaw Farm Lane, Heald Green",Cheshire East,North West,inspector,6005877,25/0958/PIP,2026-09-11,allowed,written-representations,Permission in principle for 1-6 dwellings,PIP; housing-minor,6,green-belt; settlement-edge,true,accepted,,2026-08,GB7(1)(g); TR3; S5(5); S3,grey belt; sustainable location; S5(5) balance,PIP; grey-belt-accepted; sustainable-location-pass; not-inappropriate; s5-5-balance; contained-site; small-scheme; housing-shortfall; local-plan-gb-policy-out-of-date; cross-boundary-site,https://planningdistilled.org/research/england/nppf-navigator/decisions/PINS-6005877.html
PINS-6006329,"Land adjacent to 340 Heathway, Dagenham",Barking and Dagenham,London,inspector,6006329,25/01514/FULL,2026-09-11,dismissed,written-representations,Part two/part single-storey side extension forming a new 1-bed attached dwelling on the Becontree Estate,housing-minor,1,inside-settlement; near-station,false,n/a,,not-cited,HE7(2); TR4(1)(c)(i),character/NDHA; parking and highway safety,tier-2; ndha; fallback; highway-safety-fail; small-scheme,https://planningdistilled.org/research/england/nppf-navigator/decisions/PINS-6006329.html
PINS-6006506,"Walden Manor, Waldens Road, Orpington (rear extension, LBC - substantial harm)",Bromley,London,inspector,6006506,24/01895/LBC,2026-09-11,dismissed,written-representations,"Listed building consent for demolition of a conservatory and bay window, a flat-roofed single-storey rear extension with lantern across most of the 17th-century rear elevation, and a basement extension",listed-building-consent; householder,,listed-building-setting,false,n/a,,2026-08,HE6(1); HE6(5),listed building,listed-building-consent; heritage-harm-decisive; substantial-harm; parties-consulted-on-2026-framework,https://planningdistilled.org/research/england/nppf-navigator/decisions/PINS-6006506.html
PINS-6007403,"Land south of Morkery Lane, Castle Bytham",South Kesteven,East Midlands,inspector,6007403,S25/1902,2026-09-11,dismissed,written-representations,"Outline, up to 3 dwellings (all matters reserved)",housing-minor,3,settlement-edge; open-countryside; conservation-area; rural-lane,false,n/a,,2026-08,S5(1)(j)(i); S5(4); HE6,character and appearance; setting of conservation area,s5-1-j; s5-4-exceptional; heritage-harm-decisive; conservation-area-setting; small-scheme; housing-shortfall; parties-consulted-on-2026-framework; costs-application; he6-harm-ungraded; settlement-edge,https://planningdistilled.org/research/england/nppf-navigator/decisions/PINS-6007403.html
PINS-6007478,"Park House, Park Road, Colton, Leeds",Leeds,Yorkshire and the Humber,inspector,6007478,25/06104/LI,2026-09-11,dismissed,written-representations,"Replacement of Yorkshire sliding sashes with double-glazed timber casements in Grade II listed house (LBC 6007478, planning 6007479)",householder; listed-building-consent,,conservation-area; listed-building-setting; inside-settlement,false,n/a,,2026-08,HE6(3); HE6(4),listed building; conservation area,heritage-harm-decisive; old-heritage-wording; energy-efficiency-benefit; alternative-scheme-not-explored; windows; listed-building,https://planningdistilled.org/research/england/nppf-navigator/decisions/PINS-6007478.html
PINS-6007479,"Park House, Park Road, Colton, Leeds (replacement windows, listed building)",Leeds,Yorkshire and the Humber,inspector,6007479,25/06103/FU,2026-09-11,dismissed,written-representations,Replacement of Yorkshire sliding sash and vertical sash windows with double-glazed timber units at a Grade II house in Colton CA (planning Appeal B; linked LBC Appeal A 6007478),householder,,conservation-area; listed-building-setting,false,n/a,,2026-08,HE6(4),listed building; conservation area,tier-2; windows; heritage-harm-decisive; old-wording-slip; energy-efficiency,https://planningdistilled.org/research/england/nppf-navigator/decisions/PINS-6007479.html
PINS-6007562,"172 Royal College Street, Camden",Camden,London,inspector,6007562,2026/0055/P,2026-09-11,allowed,written-representations,"Opening a front lightwell with external stair, railings and gate for basement access below a shop",commercial; other,,inside-settlement; conservation-area,false,n/a,,2026-08,HE4; HE6,conservation area character,tier-2; conservation-area; transitional-no-consultation; no-harm-no-balance,https://planningdistilled.org/research/england/nppf-navigator/decisions/PINS-6007562.html
PINS-6008895,"Twelve Acre Farm & Livery, Moor Drove (East), Hockwold cum Wilton",King's Lynn and West Norfolk,East of England,inspector,6008895,25/01933/F,2026-09-11,dismissed,hearing,Permanent retention of rural-worker mobile home and ancillary livery unit,equestrian; housing-minor,1,open-countryside; isolated,false,n/a,,2026-08,HO11; S5(3),essential rural worker need; existing dwellings; financial viability,rural-worker-dwelling; ho11; isolated-home; equestrian; existing-accommodation,https://planningdistilled.org/research/england/nppf-navigator/decisions/PINS-6008895.html
PINS-6009133,"1 Westwood Road, Perry Barr, Birmingham (C3 to C2 one-child home)",Birmingham,West Midlands,inspector,6009133,2025/04233/PA,2026-09-11,allowed,written-representations,Conversion of two-bed terraced house to a children's home for one child,change-of-use; specialist-housing,,inside-settlement,false,n/a,,not-cited,s38(6),living conditions; parking,tier-2; childrens-home; framework-not-cited; appeal-planning-officer,https://planningdistilled.org/research/england/nppf-navigator/decisions/PINS-6009133.html
PINS-6009469,"7 Market Street, Stourbridge",Dudley,West Midlands,inspector,6009469,P25/1190,2026-09-11,allowed,written-representations,Shopfront alterations and conversion of upper floors to 4-bed C4 HMO,change-of-use; housing-minor,1,conservation-area; listed-building-setting; inside-settlement,false,n/a,,2026-08,P5,crime and fear of crime,tier-2; appeal-planning-officer; hmo; crime-fear-of-crime; conservation-area; transitional-no-consultation,https://planningdistilled.org/research/england/nppf-navigator/decisions/PINS-6009469.html
PINS-6009541,"32 Bromley Road, Catford, Lewisham",Lewisham,London,inspector,6009541,DC/25/141224,2026-09-11,dismissed,written-representations,"Conversion of former children's nursery (E(f)) to a 9-bedroom, 16-person HMO",change-of-use; housing-minor,,inside-settlement; conservation-area,false,n/a,,2026-08,P3(2); DP3(1); DP3(3); S4(2)(c); S4,living conditions; HMO concentration,s4-within-settlement; s4-substantially-outweighed; s4-2-c-refusal-policy; living-conditions; hmo; parties-consulted-on-2026-framework,https://planningdistilled.org/research/england/nppf-navigator/decisions/PINS-6009541.html
PINS-6009558,"7 Wych Lane, Gosport",Gosport,South East,inspector,6009558,26/00067/FULL,2026-09-11,allowed,householder,Detached storage/home-office outbuilding incidental to a ground-floor flat,householder,,inside-settlement,false,n/a,,2026-08,Gosport LP LP10,incidental relationship to host dwelling,tier-2; outbuilding; parties-consulted-on-2026-framework; limited-nppf-engagement,https://planningdistilled.org/research/england/nppf-navigator/decisions/PINS-6009558.html
PINS-6009905,"271 The Drive, Cranbrook, Ilford",Redbridge,London,inspector,6009905,3511/25,2026-09-11,allowed,written-representations,Single storey rear extension and change of use of dwelling to C4 small HMO for 6 people,change-of-use; householder,,inside-settlement,false,n/a,,2026-08,HO7,family housing supply; living conditions; Epping Forest SAC,tier-2; hmo; parties-consulted-on-2026-framework; living-conditions,https://planningdistilled.org/research/england/nppf-navigator/decisions/PINS-6009905.html
PINS-6010023,"111-113 Cauldwell Hall Road, Ipswich",Ipswich,East of England,inspector,6010023,IP/26/00124/FUL,2026-09-11,dismissed,written-representations,"Change of use of first floor of a commercial building to 5 two-bed flats with retained ground-floor Class E (supermarket), no parking",housing-minor; change-of-use; conversion,5,inside-settlement; near-station,false,n/a,,2026-08,TR4; S4(1),highway and pedestrian safety; parking,s4-within-settlement; housing-shortfall; parties-consulted-on-2026-framework; parking-stress; highway-safety; car-free-unsecured; l2-effective-use; drafting-slip; small-scheme,https://planningdistilled.org/research/england/nppf-navigator/decisions/PINS-6010023.html
PINS-6010150,"Pavement outside Aldi, 76-86 High Street, Feltham",Hounslow,London,inspector,6010150,P/2026/0885,2026-09-11,allowed,written-representations,"BT Street Hub (Appeal A) and two 75-inch digital advert screens (Appeal B, ref 6010152, P/2026/0780)",telecoms; advertisement,,inside-settlement,false,n/a,,2026-08,TR4,pedestrian movement and safety; public safety (advert),tier-2; street-hub; digital-advertising; telecoms; parties-consulted-on-2026-framework; drafting-slip,https://planningdistilled.org/research/england/nppf-navigator/decisions/PINS-6010150.html
PINS-6010260,"Land east of Old Shackerley Lane, Albrighton",Shropshire,West Midlands,inspector,6010260,25/04594/PIP,2026-09-11,dismissed,written-representations,Permission in principle for 1 or 2 detached dwellings in the garden of a rural cottage (site of former cottages),PIP; housing-minor,2,green-belt; open-countryside; rural-lane,true,not-argued,3.81,2026-08,GB6(2); GB7(1)(e); AnnexB:previously-developed-land; TR3,inappropriate development; PDL; openness; suitable location; spatial strategy,PIP; pdl-e-limb; pdl-blended-into-landscape; grey-belt-not-argued; vsc-not-shown; openness-harm; small-scheme; housing-shortfall; rural-lane-no-footway; sustainable-location-fail; old-balance-wording,https://planningdistilled.org/research/england/nppf-navigator/decisions/PINS-6010260.html
PINS-6010310,"2 West Edge Cottage, West Edge, Marsh Gibbon",Buckinghamshire,South East,inspector,6010310,PL/25/5588/HB,2026-09-11,allowed,householder,"Listed building consent for glazed link between 20th-century extension and garage, new kitchen window and French doors",listed-building-consent; householder,,conservation-area; inside-settlement,false,n/a,,2026-08,HE4,special interest of listed building,tier-2; listed-building-consent; heritage-no-harm; parties-consulted-on-2026-framework; limited-nppf-engagement,https://planningdistilled.org/research/england/nppf-navigator/decisions/PINS-6010310.html
PINS-6010619,"86 Alexandra Road, Poole","Bournemouth, Christchurch and Poole",South West,inspector,6010619,P/25/03787/FUL,2026-09-11,dismissed,written-representations,Plot severance and erection of a contemporary 3-bed self-build house in rear garden backing onto Alexandra Park,housing-minor; self-build,1,inside-settlement,false,n/a,2.55,2026-08,S4(2)(a)(ii); L2(1)(d)(ii); DP3(3); HE7(2),character; non-designated heritage asset (park); living conditions; habitats mitigation,s4-within-settlement; s4-substantially-outweighed; l2-residential-curtilage; design-refusal; ndha; self-build; housing-shortfall; old-wording-slip; fallback; parties-consulted-on-2026-framework,https://planningdistilled.org/research/england/nppf-navigator/decisions/PINS-6010619.html
PINS-6010825,"Shaws Lane Top Farm, Triangle, Sowerby Bridge",Calderdale,Yorkshire and the Humber,inspector,6010825,26/00173/LBC,2026-09-11,dismissed,written-representations,Listed building consent for glazed rear porch extruding from approved rear utility extension of Grade II 17th-century farmhouse,listed-building-consent; householder,,open-countryside; listed-building-setting,false,n/a,,2026-08,HE6(4); HE6(1); HE6(3); HE4(2),special interest of listed building,heritage-harm-decisive; he6-harm-graded; he6-public-benefits-insufficient; he6-substantial-weight; private-benefit-only; parties-consulted-on-2026-framework; householder,https://planningdistilled.org/research/england/nppf-navigator/decisions/PINS-6010825.html
PINS-6010877,"27 Rose Terrace, Woodford (light industrial and storage unit)",North Northamptonshire,East Midlands,inspector,6010877,25/02122/FUL,2026-09-11,allowed,written-representations,Retrospective erection of light industrial (E(g)(iii)) and storage business unit,employment; commercial,,inside-settlement,false,n/a,,2026-08,S4; E2(1)(a); DM8,parking and highway safety; living conditions; character and appearance,e2-substantial-weight; s4-approve; retrospective; intentional-unauthorised-development; business-expansion; parties-consulted-on-2026-framework,https://planningdistilled.org/research/england/nppf-navigator/decisions/PINS-6010877.html
PINS-6010973,"Cedars Farm, Broadwas",Malvern Hills,West Midlands,inspector,6010973,M/25/00216/FUL,2026-09-11,allowed,written-representations,One detached two-storey dwelling on a paddock between two houses,housing-minor,1,settlement-edge; open-countryside,false,n/a,,2026-08,S5(1)(e); S3; TR3; HO7,suitable location; accessibility; affordable housing contribution,s5-1-e-infill; small-scheme; sustainable-location-pass; settlement-definition; five-year-supply-met; plan-conflict-overridden; previous-appeal-consistency; unilateral-undertaking; old-balance-wording; drafting-slip; limited-nppf-engagement,https://planningdistilled.org/research/england/nppf-navigator/decisions/PINS-6010973.html
PINS-6011088,"12 Sladefield Road, Ward End, Birmingham",Birmingham,West Midlands,inspector,6011088,2026/00761/PA,2026-09-11,dismissed,written-representations,Change of use of dwellinghouse (C3) to small HMO (C4) for up to 5 occupants,change-of-use,,inside-settlement,false,n/a,,2026-08,S4(1); HO7; DP3(3),loss of family housing; living conditions of occupiers; neighbour amenity,s4-within-settlement; s4-substantially-outweighed; hmo; ho7-loss-as-harm; dp3-3-plan-compliance; parties-consulted-on-2026-framework,https://planningdistilled.org/research/england/nppf-navigator/decisions/PINS-6011088.html
PINS-6011101,"Former Gas Holder Site, Cranbourne Road, Gosport (open storage)",Gosport,South East,inspector,6011101,26/00104/FULL,2026-09-11,dismissed,written-representations,"Change of use from former gas holder land (sui generis) to open storage (Class B8), speculative, no end user",change-of-use; employment,,inside-settlement; PDL,false,n/a,,2026-08,TR6; S4(2); E2(1)(a),highway safety,e2-substantial-weight; tr6-highway-safety; s4-substantially-outweighed; speculative-b8; open-storage; transport-evidence; parties-consulted-on-2026-framework,https://planningdistilled.org/research/england/nppf-navigator/decisions/PINS-6011101.html
PINS-6011106,"Fairhaven, Bellwether Lane, Outwood",Tandridge,South East,inspector,6011106,TA/2026/245,2026-09-11,dismissed,written-representations,"Pitched roof over single-storey side addition, garage conversion to home hair salon, front porch",householder; commercial,,green-belt,true,not-argued,,2026-08,GB7(1)(b); GB6(2),inappropriate development; openness; VSC balance,disproportionate-extension; openness-harm; vsc-not-shown; original-building-baseline; householder,https://planningdistilled.org/research/england/nppf-navigator/decisions/PINS-6011106.html
PINS-6011347,"1A Hawkins Lane, Burton upon Trent",East Staffordshire,West Midlands,inspector,6011347,P/2026/00097,2026-09-11,allowed,written-representations,2.4m V-mesh security fence and gates around car sales display area,commercial,,inside-settlement; listed-building-setting,false,n/a,,2026-08,DP3,character and appearance,tier-2; limited-nppf-engagement,https://planningdistilled.org/research/england/nppf-navigator/decisions/PINS-6011347.html
PINS-6011648,"13 Temperance Hill, Woolley Moor (rear first-floor extension)",North East Derbyshire,East Midlands,inspector,6011648,26/00145/FLH,2026-09-11,dismissed,householder,Rear first-floor pitched-roof extension to a semi-detached house in the countryside,householder,,open-countryside,false,n/a,,2026-08,S5(1)(c); fn25; DP3(3); S5(2),character and appearance in the countryside,householder; s5-1-c-reuse; fn25-baseline-2026; dp3-3-refusal; s5-2-refusal-policy; local-policy-inconsistent-very-limited-weight; disproportionate-extension,https://planningdistilled.org/research/england/nppf-navigator/decisions/PINS-6011648.html
PINS-6012021,"13 Howard Avenue, Bedford",Bedford,East of England,inspector,6012021,26/00578/CPNMA,2026-09-11,allowed,written-representations,Class MA prior approval — ground-floor shop (Class E) to one-bed dwelling (C3),change-of-use; housing-minor,1,inside-settlement; near-station,false,n/a,,2026-08,TR4(1)(e),transport impacts — safe site access,tier-2; prior-approval; class-ma; parties-consulted-on-2026-framework; parking,https://planningdistilled.org/research/england/nppf-navigator/decisions/PINS-6012021.html
PINS-6012591,"Lukes, Radley Green Road, Willingale",Epping Forest,East of England,inspector,6012591,EPF/0385/26,2026-09-11,dismissed,householder,"Two-storey side extension incorporating garage, and large detached garage/domestic and smallholding store",householder,,green-belt; open-countryside,true,n/a,,2026-08,GB7(1)(b); GB7(1)(e); GB6(2),inappropriate development; openness; character; VSC,disproportionate-extension; householder-gb; outbuilding-not-extension; vsc-not-shown; openness-harm,https://planningdistilled.org/research/england/nppf-navigator/decisions/PINS-6012591.html
PINS-6012763,"Fourays, Horsham Road, Capel",Mole Valley,South East,inspector,6012763,MO/2026/00653,2026-09-11,allowed,householder,Detached garage (c. 36.5 sq m) and extended driveway in the front garden,householder,,green-belt; open-countryside; PDL,true,n/a,,2026-08,GB7(1)(e),inappropriate development,householder; pdl-e-limb; residential-garden-pdl; not-inappropriate; openness-harm-not-substantial,https://planningdistilled.org/research/england/nppf-navigator/decisions/PINS-6012763.html
stratford-26-00918-PIP,"Land off Butts Lane, Tanworth-in-Arden",Stratford-on-Avon,West Midlands,lpa-committee,,26/00918/PIP,2026-09-11,approved,committee,Permission in principle for 3 to 9 open-market dwellings on a 0.47 ha paddock,PIP; housing-minor,9,green-belt; washed-over-village; settlement-edge; valued-landscape,true,accepted,2.21,2026-08,GB7(1)(g); S5(5); Transitional(2),grey belt; sustainable location; weight to development plan; landscape,PIP; grey-belt-accepted; sustainable-location-pass; not-inappropriate; s5-5-balance; housing-shortfall; washed-over-village-as-settlement; materially-inconsistent-very-limited-weight; ipps-parish-need-figure; small-scheme; stratford-relevant,https://planningdistilled.org/research/england/nppf-navigator/decisions/stratford-26-00918-PIP.html
stratford-26-01310-FUL,"Tacna, Broad Lane, Tanworth-in-Arden",Stratford-on-Avon,West Midlands,lpa-delegated,,26/01310/FUL,2026-09-11,refused,householder,Detached garage forward of the principal elevation and more than 5 m from the dwelling; conversion of existing garage,householder,,green-belt; washed-over-village; valued-landscape,true,not-argued,,2026-08,GB6(1); GB6(2); GB7(1)(b); L2(1)(d),Green Belt inappropriateness; openness; character,householder; householder-gb; openness-harm; vsc-not-shown; materially-consistent-cs10; stratford-relevant,https://planningdistilled.org/research/england/nppf-navigator/decisions/stratford-26-01310-FUL.html
APP-Y9507-W-25-3362380,"Windmill Down Farm, Church Lane, Hambledon",South Downs National Park Authority,South East,inspector,APP/Y9507/W/25/3362380,SDNP/23/04750/CND,2026-09-10,dismissed,written-representations,"s73 to raise soil-recycling throughput from 10,000 to 40,500 t/yr, relax HGV movement and size limits (up to 44 t GVW)",minerals-waste,,national-park; rural-lane; open-countryside,false,n/a,,2026-08,N4; DM6,National Park landscape character and relative tranquillity; amenity,national-park; tranquillity; s73-conditions; transitional-no-consultation; old-style-acp; minerals-waste,https://planningdistilled.org/research/england/nppf-navigator/decisions/APP-Y9507-W-25-3362380.html
dacorum-25-01880-MOA,Land East of Tring (Marshcroft) — appeal stance review,Dacorum,East of England,lpa-committee,,25/01880/MOA,2026-09-10,refused,committee,"Hybrid, up to 1,400 dwellings incl. up to 140 C2 extra care, local centre, sports/community hub, primary and secondary schools, SANG (appeal pending; inquiry from 10 Nov 2026)",housing-strategic; affordable-led; specialist-housing; self-build,1400,green-belt; settlement-edge; near-station; national-landscape; agricultural-land-BMV; listed-building-setting,true,rejected,1.18,2026-08,GB6(2); GB7(1)(h); L3(2)(c); L3(4); HC4,grey belt; station route GB7(1)(h); density L3; HC4 weight uplift; VSC; appeal stance and costs,appeal-stance-review; station-route-h; partial-site-800m; density-l3-conflict; hc4-substantial-weight; grey-belt-rejected; vsc-not-shown; housing-shortfall; golden-rules; large-scheme; costs-risk,https://planningdistilled.org/research/england/nppf-navigator/decisions/dacorum-25-01880-MOA.html
PINS-6000405,"41 Brent Park Road, Brent Cross",Barnet,London,inspector,6000405,25/1337/FUL,2026-09-10,allowed,written-representations,"Part single, part two storey rear extension and loft conversion to create 2 self-contained flats from an end-terrace house",housing-minor; conversion,2,inside-settlement,false,n/a,,not-cited,s38(6),family housing provision,tier-2; no-framework-reference; flat-conversion; plan-conflict-outweighed,https://planningdistilled.org/research/england/nppf-navigator/decisions/PINS-6000405.html
PINS-6004909,"Land at Vicarage Hill, St Day (PIP, World Heritage Site)",Cornwall,South West,inspector,6004909,PA25/07349,2026-09-10,dismissed,written-representations,Permission in principle for 1 to 2 dwellings on a former mineworker's smallholding plot,housing-minor; PIP,2,settlement-edge; PDL,false,n/a,,2026-08,HE8; HE4(2); HE6(1); HE6(4); S4(1),World Heritage Site Outstanding Universal Value; suitable location for PIP,PIP; heritage-harm-decisive; s4-substantially-outweighed; small-scheme; housing-shortfall; world-heritage-site; parties-consulted-on-2026-framework; inconsistent-weighting; settlement-definition,https://planningdistilled.org/research/england/nppf-navigator/decisions/PINS-6004909.html
PINS-6005495,"Manor House Farm, Hillfoot Lane, Kingsley (Appeal A — planning)",Cheshire West and Chester,North West,inspector,6005495,24/01335/FUL,2026-09-10,dismissed,written-representations,"Conversion of farm buildings at a Grade II* farmstead to dwellings, removal of later additions, farmhouse extension, and a new-build ""replacement"" dwelling (six dwellings in total) (non-determination)",housing-minor; conversion,6,green-belt; open-countryside; rural-lane; listed-building-setting,true,not-argued,,2026-08,GB6(2); GB7(1)(g)(iii); TR3; S5(1)(j); HE6,heritage; inappropriate development; openness; location; VSC,vsc-not-shown; openness-harm; visual-openness-only; sustainable-location-fail; rural-lane-no-footway; s5-1-j; heritage-harm-decisive; enabling-development; conversion; substantially-outweighed; non-determination; grey-belt-not-demonstrated,https://planningdistilled.org/research/england/nppf-navigator/decisions/PINS-6005495.html
PINS-6005497,"Manor House Farm, Hillfoot Lane, Kingsley (Appeal B — listed building consent)",Cheshire West and Chester,North West,inspector,6005497,24/01336/LBC,2026-09-10,dismissed,written-representations,"Listed building consent for conversion of farm buildings, removal of later additions, farmhouse extension and new-build dwelling at Grade II* Manor House Farm (non-determination)",listed-building-consent; conversion,,green-belt; listed-building-setting; open-countryside,true,n/a,,2026-08,HE6; HE5,heritage,heritage-harm-decisive; enabling-development; non-determination; joint-decision,https://planningdistilled.org/research/england/nppf-navigator/decisions/PINS-6005497.html
PINS-6005970,"Land south of Litcham Road, Mileham",Breckland,East of England,inspector,6005970,PL/2025/1130/OMIN,2026-09-10,allowed,written-representations,"Outline, all matters reserved, 6 dwellings including 2 affordable",housing-minor,6,settlement-edge; open-countryside,false,n/a,2.82,2026-08,S3; S5(1)(j)(i); HO7; TR3,spatial strategy and accessibility; character and appearance; habitats sites,s5-1-j; housing-shortfall; small-scheme; car-dependence-moderate; sustainable-location-fail; parties-consulted-on-2026-framework; habitats-mitigation; inconsistent-weighting; drafting-slip; previous-appeal-superseded,https://planningdistilled.org/research/england/nppf-navigator/decisions/PINS-6005970.html
PINS-6006059,"Three Horseshoes, Bannister Green, Felsted (replacement windows, LBC)",Uttlesford,East of England,inspector,6006059,UTT/25/3150/LB,2026-09-10,dismissed,written-representations,"Listed building consent to replace front sashes, rear casements and two front doors of a Grade II 17th-century former pub with slimline double-glazed timber units",listed-building-consent; householder,,listed-building-setting,false,n/a,,2026-08,HE6(1); HE6(4); HE4(2); CC2(2),listed building; energy efficiency,listed-building-consent; heritage-harm-decisive; energy-efficiency; evidence-gap; windows; parties-consulted-on-2026-framework,https://planningdistilled.org/research/england/nppf-navigator/decisions/PINS-6006059.html
PINS-6006352,"55 Bradford Crescent, Gilesgate, Durham",County Durham,North East,inspector,6006352,DM/26/00072/FPA,2026-09-10,allowed,written-representations,"Flexible C3/C4 (small HMO) use of an end-terrace house under an Article 4 area, with single-storey rear extension, cycle and bin storage (non-determination)",change-of-use; householder,,inside-settlement,false,n/a,,2026-08,TR6,parking and highway safety; neighbour living conditions; fire safety,tier-2; hmo; parties-consulted-on-2026-framework; tr6-highway-test; parking-stress-unevidenced; non-determination,https://planningdistilled.org/research/england/nppf-navigator/decisions/PINS-6006352.html
PINS-6007030,"Kilnash, Vicarage Lane, North Weald Bassett",Epping Forest,East of England,inspector,6007030,EPF/2501/25,2026-09-10,dismissed,written-representations,Demolition of 1960s bungalow and garage; two-storey replacement self-build dwelling,replacement-dwelling; self-build,1,green-belt; rural-lane,true,not-argued,,2026-08,GB7(1)(b); GB7(1)(e); GB6(2),replacement dwelling; fallback; openness; VSC,replacement-dwelling-materially-larger; pdl-e-limb; fallback; openness-harm; vsc-not-shown; self-build,https://planningdistilled.org/research/england/nppf-navigator/decisions/PINS-6007030.html
PINS-6007217,"Camden Road (outside No 57), Camden",Camden,London,inspector,6007217,2025/5806/P,2026-09-10,allowed,written-representations,"BT Street Hub 3 replacing InLink unit, with digital advertisement screens (advert appeal 6007216)",telecoms; advertisement,,inside-settlement; conservation-area,false,n/a,,2026-08,HE9; TR4(1)(c),character/CA; highway; crime; maintenance,tier-2; street-hub; telecoms; advertisement; parties-consulted-on-2026-framework; conservation-area,https://planningdistilled.org/research/england/nppf-navigator/decisions/PINS-6007217.html
PINS-6007360,"Footpath outside 45-46 Chalk Farm Road, Camden (BT Street Hub)",Camden,London,inspector,6007360,2025/5854/P,2026-09-10,dismissed,written-representations,"BT Street Hub replacing a telephone kiosk, with double-sided digital advertisement panels (Appeal A; linked advert Appeal B 6007364)",telecoms; advertisement,,inside-settlement; listed-building-setting,false,n/a,,2026-08,HE6(4); CO1,character and heritage; pedestrian safety; community safety,tier-2; telecoms; street-hub; heritage-harm-decisive; parties-consulted-on-2026-framework,https://planningdistilled.org/research/england/nppf-navigator/decisions/PINS-6007360.html
PINS-6007431,"Land east of Lower Clicker Close, Clicker, Menheniot",Cornwall,South West,inspector,6007431,PA25/07800,2026-09-10,dismissed,written-representations,Permission in principle for one dwelling on part of a grass field next to a hamlet,PIP; housing-minor,1,settlement-edge; open-countryside,false,n/a,3.9,2026-08,S6(1); S5(1)(j); HO7,suitable location; land use; amount,PIP; s5-1-j; neighbourhood-plan; s6-neighbourhood-plan; housing-shortfall; infill-rejected; habitats-mitigation; old-balance-wording; drafting-slip; parties-consulted-on-2026-framework; small-scheme,https://planningdistilled.org/research/england/nppf-navigator/decisions/PINS-6007431.html
PINS-6007598,"Footpath outside 9-17 Highgate Road, Camden (BT Street Hub)",Camden,London,inspector,6007598,2025/5852/P,2026-09-10,dismissed,written-representations,"BT Street Hub replacing a telephone kiosk, with double-sided digital advertisement panels (Appeal A; linked advert Appeal B 6007600)",telecoms; advertisement,,inside-settlement; listed-building-setting,false,n/a,,2026-08,HE6(4); CO1,character and heritage; pedestrian safety; community safety,tier-2; telecoms; street-hub; heritage-harm-decisive; parties-consulted-on-2026-framework,https://planningdistilled.org/research/england/nppf-navigator/decisions/PINS-6007598.html
PINS-6007678,"West Barn, Cobhay Farm, Bathealton",Somerset,South West,inspector,6007678,03/24/0003/CQ,2026-09-10,allowed,written-representations,Class Q prior approval for conversion of agricultural building to a dwelling,housing-minor; conversion; agricultural,1,open-countryside,false,n/a,,not-cited,GPDO Sch2 Pt3 para W(11),deemed prior approval,tier-2; no-framework-reference; class-q; prior-approval; deemed-approval; procedural,https://planningdistilled.org/research/england/nppf-navigator/decisions/PINS-6007678.html
PINS-6008083,"Former Newsham Park pub, 108 Boaler Street, Liverpool",Liverpool,North West,inspector,6008083,25F/0345,2026-09-10,dismissed,written-representations,Change of use of ground floor of former public house (sui generis) to convenience store (Class E),change-of-use; retail,,inside-settlement,false,n/a,,2026-08,HC6(1)(a); TC3(3),loss of community facility; sequential test,pub-loss; hc6-marketing-12-months; sequential-test; flexibility-format-scale; community-facility; no-consultation-on-2026-framework,https://planningdistilled.org/research/england/nppf-navigator/decisions/PINS-6008083.html
PINS-6008167,"Land to the rear of Dovedale, Ware",East Hertfordshire,East of England,inspector,6008167,3/25/1159/FUL,2026-09-10,dismissed,written-representations,Four houses (three already approved and largely built) - in dispute is one additional detached house on the open parking/landscape area,housing-minor,4,inside-settlement,false,n/a,3.55,2026-08,DP3(1); DP3(3); S4(2)(c),character and appearance,s4-within-settlement; s4-substantially-outweighed; design-refusal; dp3-3-refusal; housing-shortfall; small-scheme; parties-consulted-on-2026-framework,https://planningdistilled.org/research/england/nppf-navigator/decisions/PINS-6008167.html
PINS-6009042,"Barns at The Old Rectory, Bredicot",Wychavon,West Midlands,inspector,6009042,W/25/00613/FUL,2026-09-10,dismissed,written-representations,Conversion and extension of three derelict brick barns to a self-build dwelling,conversion; housing-minor; self-build,1,open-countryside; isolated; listed-building-setting,false,n/a,,2026-08,S5(1)(c); HO11(1)(c); S5(3); HE6; DP3(1),character and heritage; location; living conditions; PROW; affordable housing and self-build,s5-1-c-reuse; isolated-home; heritage-harm-decisive; listed-building-setting; 5yhls-shown; old-wording-slip; self-build; barn-conversion,https://planningdistilled.org/research/england/nppf-navigator/decisions/PINS-6009042.html
PINS-6009241,"Pavement outside Esso, East Lancashire Road, Liverpool",Liverpool,North West,inspector,6009241,25F/2902,2026-09-10,allowed,written-representations,"BT Street Hub replacing payphone (A, 6009241) and two 75-inch digital ad screens (B, 6009242)",telecoms; advertisement,,inside-settlement,false,n/a,,2026-08,TR6(4); TR4(1)(c),highway and pedestrian safety,tier-2; street-hub; telecoms; advertisement; transitional-no-consultation,https://planningdistilled.org/research/england/nppf-navigator/decisions/PINS-6009241.html
PINS-6009303,"Land adjacent to 50 Middleton Way, Fen Drayton",South Cambridgeshire,East of England,inspector,6009303,25/04091/OUT,2026-09-10,dismissed,written-representations,Outline for two self-build dwellings (access only) on a former Land Settlement Association smallholding,housing-minor; self-build,2,open-countryside; rural-lane,false,n/a,,2026-08,S5(1)(j); CC2; TR3; HO7,suitable location; accessibility of services,sustainable-location-fail; rural-lane-no-footway; self-build; self-build-unsecured; s5-1-j; 5yhls-shown; substantially-outweighed; small-scheme; parties-consulted-on-2026-framework,https://planningdistilled.org/research/england/nppf-navigator/decisions/PINS-6009303.html
PINS-6009593,"Land east of Spring Gardens, Washington",Horsham,South East,inspector,6009593,DC/26/0035,2026-09-10,allowed,written-representations,Single self-build two-storey dwelling and relocation of existing stable,housing-minor; self-build,1,open-countryside; PDL,false,n/a,,2026-08,S3; S5(1)(e); S5(1)(d); TR3; HO7,suitable location for housing; S5 categories; access to services,s5-1-e-infill; s5-1-j; self-build; small-scheme; car-dependence-moderate; substantially-outweighed; inspector-raised-own-ground; bng-self-build-exemption,https://planningdistilled.org/research/england/nppf-navigator/decisions/PINS-6009593.html
PINS-6010352,"Footpath outside 3 Millbrook Place, Camden (Mornington Crescent)",Camden,London,inspector,6010352,2026/0295/P,2026-09-10,dismissed,written-representations,BT Street Hub with double-sided illuminated advert panels (Appeal A planning; Appeal B 6010353 advert consent 2026/0442/A),telecoms; advertisement,,inside-settlement; conservation-area; listed-building-setting,false,n/a,,2026-08,HE6(4); CO1; TR4,character; appearance and heritage; highway safety; community safety,street-hub; digital-advertising; telecoms; conservation-area; heritage-harm-decisive; he6-public-benefits-insufficient; he6-harm-graded; co1-substantial-weight; parties-consulted-on-2026-framework,https://planningdistilled.org/research/england/nppf-navigator/decisions/PINS-6010352.html
PINS-6010529,"108 The Avenue, Tottenham (C4 HMO to two flats)",Haringey,London,inspector,6010529,HGY/2026/0542,2026-09-10,dismissed,written-representations,Change of use from C4 small HMO to one 1-bed and one 3-bed flat,change-of-use; housing-minor,2,inside-settlement,false,n/a,,2026-08,Haringey DPD DM16,family housing protection; refuse and cycle storage; living standards,family-housing-loss; parties-consulted-on-2026-framework; tier-2,https://planningdistilled.org/research/england/nppf-navigator/decisions/PINS-6010529.html
PINS-6010557,"15 Sextant Road (land fronting Thurncourt Road), Leicester",Leicester,East Midlands,inspector,6010557,20251368,2026-09-10,dismissed,written-representations,"One 1-bed bungalow in rear garden with landscaping, parking and fencing",housing-minor,1,inside-settlement,false,n/a,,2026-08,S4(1); L2(1)(d)(ii),living conditions of future occupiers; character and appearance,s4-within-settlement; s4-substantially-outweighed; l2-1-d-curtilage; parties-consulted-on-2026-framework; living-conditions; backland; garden-land; small-scheme; costs-application,https://planningdistilled.org/research/england/nppf-navigator/decisions/PINS-6010557.html
PINS-6010644,"Ronbar North, 2 Crowther Road, Washington",Sunderland,North East,inspector,6010644,25/02487/FUL,2026-09-10,allowed,written-representations,Change of use of B8 storage building to E(d) indoor padel courts in Key Employment Area,change-of-use; leisure,,inside-settlement,false,n/a,,2026-08,s38(6),safeguarding employment land,tier-2; employment-land-loss; marketing-period; parties-consulted-on-2026-framework; limited-nppf-engagement,https://planningdistilled.org/research/england/nppf-navigator/decisions/PINS-6010644.html
PINS-6010846,Footway outside 141 Camden High Street (BT Street Hub),Camden,London,inspector,6010846,2025/5872/P,2026-09-10,dismissed,written-representations,BT Street Hub with double-sided illuminated advertisement panels replacing kiosks (linked advert appeal 6010847),telecoms; advertisement,,inside-settlement; conservation-area,false,n/a,,2026-08,HE6(4); CO1; TR4,conservation area character; pedestrian safety; community safety,telecoms; street-hub; co1-substantial-weight; heritage-harm-decisive; parties-consulted-on-2026-framework,https://planningdistilled.org/research/england/nppf-navigator/decisions/PINS-6010846.html
PINS-6010980,"Flat B, 35 Arvon Road, Islington (rear dormer)",Islington,London,inspector,6010980,P2026/0457/FUL,2026-09-10,dismissed,written-representations,Flat-roof dormer on rear outrigger roof and enlarged rear window,householder,,inside-settlement,false,n/a,,2026-08,DP3,character and appearance,householder; design-refusal; parties-consulted-on-2026-framework; tier-2,https://planningdistilled.org/research/england/nppf-navigator/decisions/PINS-6010980.html
PINS-6011071,"2a Parkhurst Road, Islington",Islington,London,inspector,6011071,P2025/2863/FUL,2026-09-10,dismissed,written-representations,Retention of four stacked shipping containers at taxi fleet depot,commercial,,inside-settlement; conservation-area; listed-building-setting,false,n/a,,2026-08,HE6(4); HE7(2),character and appearance; conservation area; listed building setting,conservation-area; heritage-harm-decisive; retrospective; parties-consulted-on-2026-framework; harm-lower-level; ndha,https://planningdistilled.org/research/england/nppf-navigator/decisions/PINS-6011071.html
PINS-6011079,"Moonshine Meadow, Cuckfield Road, Ansty",Mid Sussex,South East,inspector,6011079,DM/25/3108,2026-09-10,dismissed,written-representations,"Five-pitch settled Gypsy site (mobile homes, utility buildings, driveway) on a paddock; resubmission after a 2025 appeal dismissal",travellers,5,open-countryside; rural-lane,false,n/a,,2026-08,S5(1)(g); S5(4); HO12; F7; F4; TR4,access to services; flood risk,travellers; traveller-supply-shortfall; s5-1-g-travellers; s5-4-exceptional; sustainable-location-fail; rural-lane-no-footway; flood-safe-access; flood-fra-missing; temporary-permission; psed; previous-appeal-followed; parties-consulted-on-2026-framework,https://planningdistilled.org/research/england/nppf-navigator/decisions/PINS-6011079.html
PINS-6011301,"Land at Doctors Hill, Bournheath",Bromsgrove,West Midlands,inspector,6011301,26/00226/PIP,2026-09-10,allowed,written-representations,Permission in principle for 3 to 5 bungalows and houses,PIP; housing-minor,5,green-belt; settlement-edge; rural-lane,true,accepted,2.24,2026-08,GB7(1)(g)(i); GB7(1)(g)(ii); GB7(1)(g)(iii); TR3; S5(1),grey belt; sustainable location; highway safety; spatial strategy,grey-belt-accepted; sustainable-location-pass; PIP; connectivity-tool; on-demand-bus; small-scheme; housing-shortfall; substantially-outweighed; costs-refused; settlement-boundary-conflict-outweighed,https://planningdistilled.org/research/england/nppf-navigator/decisions/PINS-6011301.html
PINS-6011472,"14 Clayton Road, Bradford (single-storey front extension)",Bradford,Yorkshire and the Humber,inspector,6011472,26/01002/FUL,2026-09-10,allowed,written-representations,Single-storey front extension (shopfront context),householder,,inside-settlement,false,n/a,,not-cited,Bradford CS DS1,character and appearance,householder; tier-2,https://planningdistilled.org/research/england/nppf-navigator/decisions/PINS-6011472.html
PINS-6012026,"297 Frankby Road, Frankby",Wirral,North West,inspector,6012026,APPH/26/00073,2026-09-10,dismissed,householder,Retrospective first-floor side extension above a PD ground-floor extension,householder,,green-belt; settlement-edge,true,not-argued,,2026-08,GB7(1)(b); GB6(2),disproportionate extension; openness; VSC,disproportionate-extension; vsc-not-shown; openness-harm; householder; retrospective,https://planningdistilled.org/research/england/nppf-navigator/decisions/PINS-6012026.html
PINS-6012153,"Outside 118 Mile End Road, Tower Hamlets (BT Street Hub replacing InLink)",Tower Hamlets,London,inspector,6012153,PA/26/00601,2026-09-10,allowed,written-representations,"Removal of an InLink unit and installation of a BT Street Hub 3 with two 75-inch digital screens (linked advertisement appeal 6012151, ref PA/26/00602; 10-year advert consent)",telecoms; advertisement,,inside-settlement; conservation-area; listed-building-setting,false,n/a,,2026-08,DP3; HE4; HE6,character and appearance including heritage; highway and pedestrian safety,telecoms; street-hub; heritage-no-harm; need-not-required,https://planningdistilled.org/research/england/nppf-navigator/decisions/PINS-6012153.html
PINS-6012154,"Broom Farm, Dene Road, Norton Fitzwarren",Somerset,South West,inspector,6012154,06/25/0030/CQ,2026-09-10,allowed,written-representations,Class Q prior approval — agricultural building to dwellinghouse,conversion; housing-minor,1,open-countryside,false,n/a,,not-cited,GPDO Sch2 Pt3 Class Q.1(j); GPDO Sch2 Pt3 Class Q.1(p),whether permitted development,tier-2; class-q; prior-approval; no-framework-reference,https://planningdistilled.org/research/england/nppf-navigator/decisions/PINS-6012154.html
PINS-6013310,"1 Bronington Avenue, Eastham, Wirral (first-floor side extension)",Wirral,North West,inspector,6013310,APPH/26/00185,2026-09-10,dismissed,householder,First-floor side extension (two-storey gable to boundary),householder,,inside-settlement,false,n/a,,2026-08,L2; P3; S4(1),living conditions - outlook,householder; l2-effective-use; living-conditions-outlook; s4-substantially-outweighed,https://planningdistilled.org/research/england/nppf-navigator/decisions/PINS-6013310.html
stratford-26-00617-PIP,"Land off Jago Green, Snitterfield Lane, Snitterfield",Stratford-on-Avon,West Midlands,lpa-committee,,26/00617/PIP,2026-09-10,approved,committee,Permission in principle for 1 to 5 open-market dwellings with a pedestrian and cycle link to Park Lane,PIP; housing-minor,5,green-belt; washed-over-village; settlement-edge; valued-landscape; listed-building-setting; conservation-area,true,accepted,2.21,2026-08,GB7(1)(g); S5(5); Transitional(2),grey belt; sustainable location; character and landscape; heritage setting; previous appeal,PIP; grey-belt-accepted; sustainable-location-pass; not-inappropriate; s5-5-balance; housing-shortfall; washed-over-village-as-settlement; materially-inconsistent-very-limited-weight; substantial-harm-still-approved; dp3-3-not-applied-as-refusal; previous-appeal-dismissed; small-scheme; stratford-relevant,https://planningdistilled.org/research/england/nppf-navigator/decisions/stratford-26-00617-PIP.html
stratford-26-00772-PIP,"Land South of Elm Leys, Hunt Hall Lane, Welford-on-Avon",Stratford-on-Avon,West Midlands,lpa-committee,,26/00772/PIP,2026-09-10,approved,committee,Permission in principle for 1 to 4 open-market dwellings off a private single-track lane,PIP; housing-minor,4,settlement-edge; open-countryside; rural-lane,false,n/a,2.21,2026-08,S5(1)(j); TR3(1)(a); Transitional(2),principle outside settlement; pedestrian access; landscape; highway,PIP; s5-1-j; sustainable-location-pass; rural-lane-no-footway; housing-shortfall; materially-inconsistent-very-limited-weight; small-scheme; bmv-not-addressed; stratford-relevant,https://planningdistilled.org/research/england/nppf-navigator/decisions/stratford-26-00772-PIP.html
threerivers-26-0520-FUL,"Woodcock Hill Industrial Estate, Harefield Road, Rickmansworth",Three Rivers,East of England,lpa-committee,,26/0520/FUL,2026-09-10,approved,committee,Three buildings comprising six small industrial units (B2/B8/E(g)(iii)) with parking and hardstanding,employment; commercial,,green-belt; PDL; rural-lane,true,not-argued,,2026-08,GB7(1)(e); E2; E4(2); TR6,PDL exception; openness; economic need; highway,pdl-e-limb; not-inappropriate; e2-substantial-weight; rural-business; employment; curtilage-pdl,https://planningdistilled.org/research/england/nppf-navigator/decisions/threerivers-26-0520-FUL.html
basildon-25-00575-OUT,"Magdalen Lodge, Potash Road, Billericay",Basildon,East of England,lpa-committee,,25/00575/OUT,2026-09-09,refused,committee,"Outline, up to 49 dwellings (50% affordable), new access from Potash Road",housing-major; affordable-led,49,green-belt; settlement-edge; ancient-woodland,true,rejected,2.05,2026-08,GB6(2); AnnexB:grey-belt; GB2(1)(a); GB7(1)(g)(i),grey belt purpose (a); VSC; members vs officers; emerging plan,overturned-officer-rec; grey-belt-rejected; purpose-a-strong; vsc-not-shown; golden-rules; housing-shortfall; affordable-led; report-written-under-2024; emerging-plan-omission,https://planningdistilled.org/research/england/nppf-navigator/decisions/basildon-25-00575-OUT.html
cheshireeast-26-0640-FUL,"Land adjacent to Alfred King Close, Shavington",Cheshire East,North West,lpa-committee,,26/0640/FUL,2026-09-09,approved,committee,"Demolition of storage buildings, 9 dwellings, access, parking and landscaping",housing-minor,9,open-countryside; settlement-edge,false,n/a,3.3,2026-08,S5(1)(j)(i); HO7; TR3; Transitional(2),S5(1)(j); open countryside/green gap policy conflict; sustainable location,s5-1-j; substantially-outweighed; open-countryside; housing-shortfall; small-scheme; sustainable-location-pass; connectivity-tool; local-plan-countryside-policy-departure; open-market,https://planningdistilled.org/research/england/nppf-navigator/decisions/cheshireeast-26-0640-FUL.html
cotswold-25-03800-FUL,"Bourton Industrial Park, Bourton-on-the-Water (Aldi and drive-thru)",Cotswold,South West,lpa-committee,,25/03800/FUL,2026-09-09,approved,committee,"Aldi food store, Costa drive-thru, car parking and highway works on part of an allocated employment site",retail; commercial,,inside-settlement; national-landscape,false,n/a,,2026-08,S4(2)(a)(i); N4(2); TC3; TC4; E2; E4,loss of allocated employment land; sequential test; National Landscape major development; highways,s4-within-settlement; s4-approve; national-landscape; departure; fallback; e2-substantial-weight; officer-rec-followed,https://planningdistilled.org/research/england/nppf-navigator/decisions/cotswold-25-03800-FUL.html
cotswold-26-01098-FUL,"Dial House Hotel, High Street, Bourton-on-the-Water (garden pavilion)",Cotswold,South West,lpa-committee,,26/01098/FUL,2026-09-09,approved,committee,"Single-storey pavilion restaurant in the rear garden of a Grade II listed hotel, replacing temporary structures",commercial; leisure,,inside-settlement; conservation-area; listed-building-setting; national-landscape,false,n/a,,2026-08,HE6; N4(1),setting of listed building; conservation area; noise and amenity,heritage-no-harm; conservation-area; national-landscape; officer-rec-followed; minutes-inconsistency,https://planningdistilled.org/research/england/nppf-navigator/decisions/cotswold-26-01098-FUL.html
PINS-6002006,"Uphill Farm walled garden, Yelverton",West Devon,South West,inspector,6002006,0895/25/VAR,2026-09-09,allowed,written-representations,s73 variation of noise conditions (11 and 12) on a wedding and events venue in a walled garden and barn,leisure; change-of-use,,open-countryside; national-landscape; listed-building-setting; rural-lane,false,n/a,,2026-08,P3; N4,living conditions (noise); National Landscape tranquillity; SAC,national-landscape; noise; conditions; tranquillity; parties-consulted-on-2026-framework; rural-tourism,https://planningdistilled.org/research/england/nppf-navigator/decisions/PINS-6002006.html
PINS-6003055,"Land east of Gwel An Syllan, Truthwall Lane, Truthwall (St Just)",Cornwall,South West,inspector,6003055,PA25/04202,2026-09-09,dismissed,written-representations,Permission in principle for 1-9 dwellings,PIP; housing-minor,9,settlement-edge; conservation-area; national-landscape; open-countryside,false,n/a,3.8,2026-08,HE6(4); N4(1); S5(1); S4(2)(a)(ii),suitability of location; land use and amount for PIP; rounding off; conservation area; National Landscape,PIP; s5-1-j; substantially-outweighed; heritage-harm-decisive; conservation-area; national-landscape; housing-shortfall; parties-consulted-on-2026-framework; both-s5-routes-run; s4-or-s5-not-decided,https://planningdistilled.org/research/england/nppf-navigator/decisions/PINS-6003055.html
PINS-6003718,"The New Inn, Main Road, Totton",New Forest,South East,inspector,6003718,25/10601,2026-09-09,allowed,written-representations,Conversion of public house into 3 dwellings and erection of 2 semi-detached dwellings,housing-minor; conversion; change-of-use,5,inside-settlement,false,n/a,,2026-08,HC6(1)(a); HC6(1)(c),loss of public house; habitats sites,pub-loss; hc6-alternative-provision; hc6-marketing-12-months; community-facility; parties-consulted-on-2026-framework,https://planningdistilled.org/research/england/nppf-navigator/decisions/PINS-6003718.html
PINS-6005150,"Stables opposite Manor House, Headley Common Road, Headley",Mole Valley,South East,inspector,6005150,MO/2024/1318,2026-09-09,dismissed,written-representations,Change of use and conversion of redundant stables to a one-bedroom dwelling,housing-minor; conversion,1,green-belt; open-countryside; rural-lane; valued-landscape,true,not-argued,,2026-08,GB7(1)(b); S5(5); S5(2); DP3(3); TR3,inappropriate development; suitable location; living conditions; BNG,grey-belt-not-needed; gb7-1-b-reuse; not-inappropriate; s5-5-substantially-outweighed; s5-2-refusal-policy; dp3-design-standards; nds-space-standards; sustainable-location-fail; lp-policy-inconsistent-very-limited-weight; small-scheme,https://planningdistilled.org/research/england/nppf-navigator/decisions/PINS-6005150.html
PINS-6005433,"Storage containers, The Manor House, Headley Common Road, Headley",Mole Valley,South East,inspector,6005433,MO/2025/02228,2026-09-09,dismissed,written-representations,Retention of two containers used for storage purposes,other,,green-belt; open-countryside; valued-landscape; listed-building-setting,true,accepted,,2026-08,GB7(1)(g)(ii); GB7(1)(g)(iii); GB6(2); HE6,grey belt; openness; character and AGLV; heritage setting; VSC balance,grey-belt-accepted; unmet-need-fail-non-housing; sustainable-location-fail; vsc-not-shown; openness-harm; heritage-harm-decisive; non-housing-grey-belt,https://planningdistilled.org/research/england/nppf-navigator/decisions/PINS-6005433.html
PINS-6006240,"Old Farmhouse (The Old House), Sheldon, Devon (roof solar panels, LBC)",East Devon,South West,inspector,6006240,25/2102/LBC,2026-09-09,allowed,written-representations,Listed building consent for 13 solar panels on a 1980s south-east roof slope of a Grade II 16th-century farmhouse,listed-building-consent; renewable-solar; householder,,open-countryside,false,n/a,,2026-08,HE6(4); CC2(2); HE4(2),special interest of listed building; public benefits,listed-building-consent; heritage-harm-outweighed; energy-efficiency; cc2-substantial-weight; parties-consulted-on-2026-framework; renewable-energy,https://planningdistilled.org/research/england/nppf-navigator/decisions/PINS-6006240.html
PINS-6007136,"Land adjacent to 9 Windmill Close, Ivinghoe",Buckinghamshire,South East,inspector,6007136,25/01494/APP,2026-09-09,dismissed,written-representations,One 3-bedroom detached house (non-determination appeal),housing-minor,1,inside-settlement; conservation-area; listed-building-setting,false,n/a,3.73,2026-08,S4(1); HE6(1); HE6(4),heritage setting; conservation area,heritage-harm-decisive; grade-i-setting; conservation-area; s4-within-settlement; substantially-outweighed; small-scheme; housing-shortfall; drafting-slip,https://planningdistilled.org/research/england/nppf-navigator/decisions/PINS-6007136.html
PINS-6007219,"Breckon Hill, Lowgate, Hexham (agricultural shed)",Northumberland,North East,inspector,6007219,25/03689/FUL,2026-09-09,allowed,written-representations,Retrospective agricultural storage shed next to Breckon Hill House,agricultural,,green-belt; open-countryside; listed-building-setting,true,n/a,,2026-08,GB7(1)(a),inappropriate development; open countryside; character,not-inappropriate; agricultural-building; retrospective; np-defers-to-national-gb-policy; transitional-no-consultation,https://planningdistilled.org/research/england/nppf-navigator/decisions/PINS-6007219.html
PINS-6007494,"47-65 Seven Sisters Road, London N7",Islington,London,inspector,6007494,P2025/2894/PRA,2026-09-09,dismissed,written-representations,Prior approval (GPDO Part 20 Class AB) for two-storey upward extension providing 16 flats above commercial/mixed terrace,housing-major; prior-approval,16,inside-settlement,false,n/a,,2026-08,TR4(1)(d); TR3(1)(c); L2,prior approval - transport; trade and business; neighbour light,tier-2; prior-approval; upward-extension; l2-airspace; tr6-highway-safety; parties-consulted-on-2026-framework; costs-application; amended-plans-accepted,https://planningdistilled.org/research/england/nppf-navigator/decisions/PINS-6007494.html
PINS-6007519,"Laurels, Salisbury Terrace, Mytchett",Surrey Heath,South East,inspector,6007519,26/0077,2026-09-09,dismissed,written-representations,Change of use of residential annex to children's day nursery (up to 18 children),change-of-use; commercial,,inside-settlement,false,n/a,,2024-12 (transitional),s38(6),living conditions; noise and disturbance,tier-2; living-conditions; drafting-slip; old-wording-slip; noise-beyond-decibels; old-framework-applied-silently; transitional,https://planningdistilled.org/research/england/nppf-navigator/decisions/PINS-6007519.html
PINS-6007541,"7 Vicarage Mansions, Queenstown Road, Wandsworth (mansard roof)",Wandsworth,London,inspector,6007541,2025/3183,2026-09-09,dismissed,written-representations,Removal of original roof and erection of a mansard extension to form a further level of accommodation (resulting 5-storey building) in Park Town Estate CA opposite the Grade II Church of St Philip,householder,,inside-settlement; conservation-area; listed-building-setting,false,n/a,,2026-08,Transitional(2); L2(1)(d)(i); HE6(4),conservation area; listed building setting; weight to local policy; upward extensions,heritage-harm-decisive; old-wording-slip; upward-extension,https://planningdistilled.org/research/england/nppf-navigator/decisions/PINS-6007541.html
PINS-6007705,"Forge Garage, Church Road, Churchill",West Oxfordshire,South East,inspector,6007705,25/01974/FUL,2026-09-09,allowed,written-representations,Erection of 2 dwellings following demolition of vehicle repair garage buildings,housing-minor,2,inside-settlement; conservation-area; listed-building-setting; national-landscape; PDL,false,n/a,4.38,2026-08,S4; S4(2)(a)(i); HO7,character and appearance and conservation area; heritage settings; living conditions; loss of employment site,s4-within-settlement; s4-approve; heritage-no-harm; conservation-area; ndha; national-landscape; housing-shortfall; small-scheme; material-considerations-outweigh-plan; parties-consulted-on-2026-framework; energy-efficiency-benefit,https://planningdistilled.org/research/england/nppf-navigator/decisions/PINS-6007705.html
PINS-6007715,"Pavement outside Waitrose, 21 Liverpool Road, Islington (BT Street Hub)",Islington,London,inspector,6007715,P2025/3517/FUL,2026-09-09,dismissed,written-representations,Replacement of two phone kiosks with BT Street Hub 3 with two 75-inch digital adverts (Appeal A planning; Appeal B 6007714 advert consent P2025/3518/ADV),telecoms; advertisement,,inside-settlement; conservation-area,false,n/a,,2026-08,HE4; HE6; S4,character and appearance and CA setting; pedestrian flow; advert amenity and public safety,tier-2; street-hub; telecoms; digital-advertising; co1-substantial-weight; conservation-area; he6-harm-graded; heritage-harm-decisive; s4-substantially-outweighed; transitional-no-consultation,https://planningdistilled.org/research/england/nppf-navigator/decisions/PINS-6007715.html
PINS-6007861,"Park Tavern, 56 Elder Road, West Norwood",Lambeth,London,inspector,6007861,25/03139/VOC,2026-09-09,dismissed,written-representations,s73 variation of plans condition (retrospective) for pub-to-5-flats conversion - fenestration details and taller rear extension,housing-minor; change-of-use,5,inside-settlement; conservation-area,false,n/a,,2026-08,S4(1); HE6,planning obligation; heritage,tier-2; s4-within-settlement; obligation-unsecured; conservation-area; non-designated-heritage-asset; retrospective; parties-consulted-on-2026-framework,https://planningdistilled.org/research/england/nppf-navigator/decisions/PINS-6007861.html
PINS-6007883,"217 Colney Hatch Lane, Barnet",Barnet,London,inspector,6007883,25/5055/RCU,2026-09-09,dismissed,written-representations,Retrospective change of use from 3-bed dwellinghouse (C3) to 4-person HMO (C4),change-of-use,,inside-settlement,false,n/a,,2026-08,S4(1),housing mix; highway safety and parking,tier-2; hmo; loss-of-family-housing; s4-substantially-outweighed; transitional-no-consultation; retrospective,https://planningdistilled.org/research/england/nppf-navigator/decisions/PINS-6007883.html
PINS-6008170,"Burnham Grammar School, Hogfair Lane, Burnham",Buckinghamshire,South East,inspector,6008170,PL/25/4954/FA,2026-09-09,allowed,written-representations,Appeal against condition 3 (bat and bird boxes) on permission for a freestanding canopy and hardstanding at a school,other,,inside-settlement,false,n/a,,2026-08,N2(3); N2(1)(f); DM6(1),necessity of biodiversity-enhancement condition,condition-appeal; bng-beyond-statutory; n2-3; swift-bricks; costs-application,https://planningdistilled.org/research/england/nppf-navigator/decisions/PINS-6008170.html
PINS-6008534,"356 Prescot Road, Old Swan, Liverpool (car showroom plus 9 flats)",Liverpool,North West,inspector,6008534,25F/1573,2026-09-09,dismissed,written-representations,Demolition of car showroom and erection of four-storey building with ground-floor showroom and 9 apartments,housing-minor; commercial,9,inside-settlement; PDL,false,n/a,,2026-08,S4; L2; DP3; P3,character and appearance; living conditions of neighbours,design-refusal; s4-substantially-outweighed; l2-building-upwards; small-scheme; parties-consulted-on-2026-framework,https://planningdistilled.org/research/england/nppf-navigator/decisions/PINS-6008534.html
PINS-6008639,5 Road Running Through Nuneham Courtenay,South Oxfordshire,South East,inspector,6008639,P25/S3898/LB,2026-09-09,allowed,written-representations,"Dropped kerb with grass-reinforced ribbon tracks across verge, side gravel drive, fence and gates at Grade II listed semi in planned Georgian village",listed-building-consent; householder,,listed-building-setting; conservation-area; inside-settlement,false,n/a,,2026-08,HE6; HE9,conservation area; setting of listed building,tier-2; conservation-area; heritage-no-harm; transitional-no-consultation; householder,https://planningdistilled.org/research/england/nppf-navigator/decisions/PINS-6008639.html
PINS-6008724,"K2 Bazar, 538-540 Stratford Road, Sparkhill, Birmingham",Birmingham,West Midlands,inspector,6008724,2025/06808/PA,2026-09-09,dismissed,written-representations,Front and side canopies and large single-storey rear extension to former Victorian bank in retail use (part retrospective),commercial; retail,,inside-settlement,false,n/a,,2026-08,HE7(2),character and appearance / NDHA; highway safety; living conditions,ndha-harm; heritage-harm-decisive; parties-consulted-on-2026-framework; retrospective; design-refusal; compliance-not-a-benefit,https://planningdistilled.org/research/england/nppf-navigator/decisions/PINS-6008724.html
PINS-6008738,"274/274A Chartridge Lane, Chesham (s73 variation, Plot 6 house)",Buckinghamshire,South East,inspector,6008738,PL/26/00122/VRC,2026-09-09,allowed,written-representations,s73 variation of plans condition 13 to allow a taller Plot 6 dwelling in a 6-dwelling redevelopment,housing-minor,6,inside-settlement,false,n/a,,not-cited,s38(6),living conditions of neighbours (outlook),tier-2; s73; living-conditions; framework-not-cited,https://planningdistilled.org/research/england/nppf-navigator/decisions/PINS-6008738.html
PINS-6009026,"64 Thornton Road, Bootle",Sefton,North West,inspector,6009026,DC/2025/01781,2026-09-09,dismissed,written-representations,Change of use of dwelling (C3) to children's care home (C2) for one child,specialist-housing; change-of-use,,inside-settlement,false,n/a,,2026-08,s38(6); Bootle AAP BAAP18,suitability of location for children's home; noise,tier-2; childrens-care-home; parties-consulted-on-2026-framework; limited-nppf-engagement; concentration-policy,https://planningdistilled.org/research/england/nppf-navigator/decisions/PINS-6009026.html
PINS-6009069,"257 Hagley Road, Edgbaston, Birmingham",Birmingham,West Midlands,inspector,6009069,2025/05037/PA,2026-09-09,allowed,written-representations,Modular self-service launderette pod in grounds of B&B hotel,commercial,,conservation-area; inside-settlement,false,n/a,,2026-08,P5,crime and fear of crime,tier-2; parties-consulted-on-2026-framework; drafting-slip; crime-fear-of-crime; conservation-area,https://planningdistilled.org/research/england/nppf-navigator/decisions/PINS-6009069.html
PINS-6009278,"256A North Street, Bedminster, Bristol",Bristol,South West,inspector,6009278,25/14205/F,2026-09-09,dismissed,written-representations,"Safety rail to flat roof of rear projection (part retrospective), claimed as fire-escape requirement",householder,,inside-settlement,false,n/a,,2026-08,s38(6); Bristol SADMP DM30,privacy; noise and disturbance,tier-2; living-conditions; appeal-planning-officer; transitional-no-consultation; retrospective; householder,https://planningdistilled.org/research/england/nppf-navigator/decisions/PINS-6009278.html
PINS-6009643,"110 Sundon Park Road, Luton (verge crossover and front parking)",Luton,East of England,inspector,6009643,26/00210/FUL,2026-09-09,dismissed,written-representations,Change of use of grass verge to permeable hardstanding and vehicle crossover for one off-street space,householder,,inside-settlement,false,n/a,,not-cited,s38(6),character and appearance; pedestrian safety,tier-2; householder; highway-safety; framework-not-cited,https://planningdistilled.org/research/england/nppf-navigator/decisions/PINS-6009643.html
PINS-6010036,"Emmaus School, School Lane, Staverton",Wiltshire,South West,inspector,6010036,PL/2026/00464,2026-09-09,allowed,written-representations,Retrospective 2m bow-top fence and 3m mesh security fence around school MUGA,other,,settlement-edge,false,n/a,,2026-08,HE7(2),character and appearance; NDHA,tier-2; retrospective; ndha; old-heritage-wording; heritage-harm-outweighed,https://planningdistilled.org/research/england/nppf-navigator/decisions/PINS-6010036.html
PINS-6010195,"24 Eastwood Road, South Woodford",Redbridge,London,inspector,6010195,0650/26,2026-09-09,allowed,written-representations,"Change of use from dwelling (C3) to small HMO (C4), five bedrooms",change-of-use; housing-minor,,inside-settlement,false,n/a,,2026-08,S4(1); S3,living conditions of occupiers; loss of family housing; HMO management,s4-within-settlement; s4-approve; hmo; plan-conflict-overridden; parties-consulted-on-2026-framework,https://planningdistilled.org/research/england/nppf-navigator/decisions/PINS-6010195.html
PINS-6010292,"Rose Cottage, Kentish Lane, Hatfield",Welwyn Hatfield,East of England,inspector,6010292,6/2025/2623/HOUSE,2026-09-09,dismissed,householder,Retrospective replacement of a garden outbuilding (hobby vehicle/aircraft store) with a larger steel-framed building,householder,,green-belt; rural-lane,true,n/a,,2026-08,GB7(1)(b); GB7(1)(e); GB6(2),Green Belt; character and appearance; living conditions,householder-gb; replacement-building-not-permanent; replacement-dwelling-materially-larger; pdl-e-limb; vsc-not-shown; retrospective,https://planningdistilled.org/research/england/nppf-navigator/decisions/PINS-6010292.html
PINS-6010375,"Land rear of 21-27 Brixey Road, Poole",Bournemouth Christchurch and Poole,South West,inspector,6010375,P/26/01143/CONDR,2026-09-09,dismissed,written-representations,s73 variation of approved-plans condition to raise ridge of backland bungalow (Unit 3 of 3) by 1.8m with dormers,housing-minor,3,inside-settlement,false,n/a,,2026-08,P3(2)(b),living conditions,tier-2; s73-variation; limited-nppf-engagement; habitats-mitigation,https://planningdistilled.org/research/england/nppf-navigator/decisions/PINS-6010375.html
PINS-6010391,285 High Road Leyton,Waltham Forest,London,inspector,6010391,252938,2026-09-09,dismissed,written-representations,"Single-storey side and rear extensions to ground-floor commercial unit, new shopfront",commercial,,inside-settlement; conservation-area,false,n/a,,2026-08,HE6(4); DP3(3); S4(1),character and conservation area; biodiversity,tier-2; s4-within-settlement; s4-substantially-outweighed; heritage-harm-decisive; conservation-area; design-refusal; e2-substantial-weight; parties-consulted-on-2026-framework,https://planningdistilled.org/research/england/nppf-navigator/decisions/PINS-6010391.html
PINS-6010714,"66 Belbroughton Road, Blakedown",Wyre Forest,West Midlands,inspector,6010714,26/0005/HOU,2026-09-09,dismissed,householder,"Two-storey side extension, replacement single-storey rear extensions, front garage and entrance canopy",householder,,green-belt,true,n/a,,2026-08,GB7(1)(b); GB6(2),inappropriate development; openness; living conditions; VSC,disproportionate-extension; householder-gb; fallback; vsc-not-shown; openness-harm; transitional-no-consultation,https://planningdistilled.org/research/england/nppf-navigator/decisions/PINS-6010714.html
PINS-6010783,"6 University Road, Leicester",Leicester,East Midlands,inspector,6010783,20251380,2026-09-09,dismissed,written-representations,Change of use F1 offices to E offices and rear dormer (dormer built),change-of-use; commercial,,inside-settlement; conservation-area,false,n/a,,2026-08,HE6; S4(1),character and conservation area,tier-2; s4-within-settlement; s4-substantially-outweighed; heritage-harm-decisive; conservation-area; retrospective; transitional-no-consultation,https://planningdistilled.org/research/england/nppf-navigator/decisions/PINS-6010783.html
PINS-6010929,"2 Palma Close, Dunstable",Central Bedfordshire,East of England,inspector,6010929,CB/26/00075/FULL,2026-09-09,allowed,written-representations,Change of use of 3-bed house (C3) to one-child children's care home (C2),change-of-use; specialist-housing,,inside-settlement,false,n/a,,2026-08,HO9,access to amenity space and services,tier-2; childrens-home; specialist-housing,https://planningdistilled.org/research/england/nppf-navigator/decisions/PINS-6010929.html
PINS-6011224,"The Elms, Woodperry Road, Beckley (self-build dwelling)",South Oxfordshire,South East,inspector,6011224,P26/S0547/FUL,2026-09-09,allowed,written-representations,1.5-storey 2-bed self-build detached house,housing-minor; self-build,1,inside-settlement,false,n/a,,2026-08,L2(1)(ii),neighbour outlook and light,self-build; l2-efficient-use; parties-consulted-on-2026-framework; small-scheme; tier-2,https://planningdistilled.org/research/england/nppf-navigator/decisions/PINS-6011224.html
PINS-6011458,"2B Minehead Avenue, Withington, Manchester",Manchester,North West,inspector,6011458,143665/FO/2025,2026-09-09,dismissed,written-representations,Demolition of a semi-detached pair and replacement with 7 apartments,housing-minor,7,inside-settlement,false,n/a,7.5,2026-08,S4(1); S4(2),character and appearance; neighbour noise and disturbance; outlook and light to No 2; amenity space for future occupiers,s4-within-settlement; s4-substantially-outweighed; parties-consulted-on-2026-framework; five-year-supply-met; design-refusal; living-conditions; amenity-noise; small-scheme; limited-nppf-engagement,https://planningdistilled.org/research/england/nppf-navigator/decisions/PINS-6011458.html
PINS-6011521,"Top Flat, 27 Alma Square, St John's Wood",Westminster,London,inspector,6011521,25/08827/FULL,2026-09-09,dismissed,written-representations,Mansard roof extension to top-floor flat (2-bed to 3-bed),householder,,inside-settlement; conservation-area,false,n/a,,2026-08,HE6; S4(1); L2(1)(d)(i); DP3(1),character and appearance; conservation area,s4-within-settlement; s4-substantially-outweighed; heritage-harm-decisive; conservation-area; mansard; airspace-l2; ho1-plan-making-only; parties-consulted-on-2026-framework,https://planningdistilled.org/research/england/nppf-navigator/decisions/PINS-6011521.html
PINS-6011803,"126 Toms Lane, Kings Langley",Three Rivers,East of England,inspector,6011803,25/2202/FUL,2026-09-09,dismissed,written-representations,Demolition of existing building and construction of replacement and two tandem (backland) self-build dwellings,housing-minor; self-build,2,green-belt; washed-over-village,true,not-argued,,2026-08,DP3(3); DP3(1); S5(5); S5(2),character and appearance; neighbour living conditions; future occupiers' living conditions,not-inappropriate; washed-over-village; s5-5-balance; s5-2-refusal-policy; design-refusal; backland; self-build; housing-shortfall; parties-consulted-on-2026-framework; s4-vs-s5-built-up-area,https://planningdistilled.org/research/england/nppf-navigator/decisions/PINS-6011803.html
PINS-6011886,"Land south of The Rancher, Manor Farm Lane, Tidmarsh",West Berkshire,South East,inspector,6011886,26/00191/FUL,2026-09-09,allowed,written-representations,"s73 variation of approved plans for agricultural barn — revised layout (office, welfare, kitchen), external stair, glazing",agricultural,,open-countryside; national-landscape,false,n/a,,2026-08,N4(1),agricultural need; character and appearance,tier-2; s73-variation; national-landscape; agricultural-building,https://planningdistilled.org/research/england/nppf-navigator/decisions/PINS-6011886.html
stratford-26-01588-PIP,"Land between Clunes and Sundial, Bordon Hill, Stratford-upon-Avon",Stratford-on-Avon,West Midlands,lpa-delegated,,26/01588/PIP,2026-09-09,approved,delegated,Permission in principle for 1 to 2 dwellings with associated works including a pedestrian crossing,PIP; housing-minor,2,open-countryside; valued-landscape,false,n/a,2.21,2026-08,S5(1)(j); TR3(1)(a); Transitional(2),principle outside settlement; pedestrian access; landscape sensitivity,PIP; s5-1-j; sustainable-location-pass; pip-description-as-condition; planned-improvements-weighed; housing-shortfall; landscape-harm; materially-inconsistent-very-limited-weight; small-scheme; stratford-relevant,https://planningdistilled.org/research/england/nppf-navigator/decisions/stratford-26-01588-PIP.html
APP-G2245-C-26-3377906,"Land south east of Oaklands, St Clere Hill Road, West Kingsdown",Sevenoaks,South East,inspector,APP/G2245/C/26/3377906,,2026-09-08,allowed,hearing,"Enforcement appeal (ground (a)): change of use of agricultural land to residential (one mobile home + one tourer for a Gypsy/Traveller family), hardstanding, fencing, gate, CCTV pole, cesspit — temporary 3-year personal permission granted",enforcement; travellers,1,green-belt; national-landscape; ancient-woodland; open-countryside; rural-lane,true,accepted,,2026-08,AnnexB:grey-belt; GB7(1)(g); HO12; S5(1); N4; N6,grey belt; traveller need; sustainable location; National Landscape; ancient woodland; best interests of the child; intentional unauthorised development,grey-belt-accepted; travellers; enforcement-ground-a; temporary-personal-permission; national-landscape; ancient-woodland; footnote-7-removed; traveller-supply-shortfall; sustainable-location-flex-ho12; intentional-unauthorised-development; parties-consulted-on-2026-framework,https://planningdistilled.org/research/england/nppf-navigator/decisions/APP-G2245-C-26-3377906.html
chorley-25-01052-FULMAJ,"Land off Moor Road, Croston",Chorley,North West,lpa-committee,6014396,25/01052/FULMAJ,2026-09-08,refused,committee,"58 dwellings, all affordable, with open space, play area and access from Moor Road",housing-major; affordable-led,58,green-belt; settlement-edge; near-station,true,accepted,3.4,2026-08,GB7(1)(g); TR3; S5(5),grey belt at a village edge; sustainable location; spatial strategy conflict vs NPPF,overturned-officer-rec; non-determination; grey-belt-accepted; sustainable-location-pass; village-not-large-built-up-area; affordable-led; housing-shortfall; spatial-strategy-refusal; golden-rules,https://planningdistilled.org/research/england/nppf-navigator/decisions/chorley-25-01052-FULMAJ.html
PINS-6004605,"Willow Cottage, Latchmore Bank, Little Hallingbury",Uttlesford,East of England,inspector,6004605,UTT/25/2544/HHF,2026-09-08,dismissed,householder,Replacement of modern garage with a timber-framed cart lodge in the curtilage of a Grade II listed cottage (Appeal A 6004604 planning dismissed; Appeal B 6004605 LBC UTT/25/2545/LB — consent not required),householder; listed-building-consent,,green-belt; listed-building-setting; settlement-edge,true,n/a,,2026-08,HE6(4); HE6(1); HE6(3); HE4(2),setting of listed building,heritage-harm-decisive; he6-public-benefits-insufficient; he6-harm-graded; parties-consulted-on-2026-framework; householder; setting-harm; private-benefit-discounted; lbc-not-required; absence-of-harm-not-benefit,https://planningdistilled.org/research/england/nppf-navigator/decisions/PINS-6004605.html
PINS-6005119,"Galowras Farm, St Ewe (redesigned dwelling, National Landscape)",Cornwall,South West,inspector,6005119,PA25/00620,2026-09-08,dismissed,written-representations,"Redesign (larger, contemporary) of a dwelling permitted under extant permission PA22/08946, implemented but not built",housing-minor; self-build,1,open-countryside; national-landscape; rural-lane,false,n/a,,2026-08,N4(1); S5(1)(c); S5(1)(j),suitable location under spatial strategy; character and appearance; National Landscape scenic beauty,national-landscape; design-refusal; fallback; replacement-dwelling-materially-larger; s5-1-c-reuse; s5-1-j; housing-shortfall; self-build-unsecured; small-scheme; parties-consulted-on-2026-framework; substantially-outweighed,https://planningdistilled.org/research/england/nppf-navigator/decisions/PINS-6005119.html
PINS-6005123,"Parpan, Eversley Centre, Eversley",Hart,South East,inspector,6005123,25/01827/FUL,2026-09-08,dismissed,written-representations,Replacement two-storey dwelling following demolition of bungalow and garage,replacement-dwelling,1,inside-settlement,false,n/a,,not-cited,P3,neighbour living conditions (outlook),tier-2; overbearing; framework-not-cited; costs-application,https://planningdistilled.org/research/england/nppf-navigator/decisions/PINS-6005123.html
PINS-6006054,"393 Burnley Road, Holme Chapel, Cliviger",Burnley,North West,inspector,6006054,FUL/2026/0003,2026-09-08,dismissed,written-representations,Demolition of a dog-grooming building and replacement with a detached two-storey self-build dwelling,housing-minor; self-build,1,inside-settlement; listed-building-setting,false,n/a,,2026-08,S4; HE6; HE4(2),character and appearance; setting of listed buildings,heritage-harm-decisive; s4-within-settlement; substantially-outweighed; self-build; small-scheme; appeal-planning-officer; transitional-no-consultation; great-weight-old-wording; design-refusal; drafting-slip,https://planningdistilled.org/research/england/nppf-navigator/decisions/PINS-6006054.html
PINS-6007323,"Dale Brow, 59 Macclesfield Road, Prestbury",Cheshire East,North West,inspector,6007323,24/4506/FUL,2026-09-08,dismissed,written-representations,"Replacement 'manor' style house with basement (pool, gym) and replacement triple garage with accommodation above",replacement-dwelling,1,inside-settlement,false,n/a,,2026-08,DP3; N2; S4,character and appearance; bats,tier-2; replacement-dwelling; design-refusal; protected-species-surveys-missing; s4-substantially-outweighed; parties-consulted-on-2026-framework,https://planningdistilled.org/research/england/nppf-navigator/decisions/PINS-6007323.html
PINS-6007466,"Land at Penstraze, Chacewater",Cornwall,South West,inspector,6007466,PA25/09003,2026-09-08,dismissed,written-representations,"Permission in principle for 9 dwellings (min 9, max 9)",PIP; housing-minor,9,settlement-edge; open-countryside,false,n/a,3.9,2026-08,HE6(4); HE4; S5(1)(j); HO7,suitability of location; land use and amount; World Heritage Site,PIP; world-heritage-site; heritage-harm-decisive; he6-public-benefits-insufficient; s5-1-j; housing-shortfall; annex-a-weight-reduction; old-balance-wording; old-wording-slip; parties-consulted-on-2026-framework; small-scheme; cumulative-harm,https://planningdistilled.org/research/england/nppf-navigator/decisions/PINS-6007466.html
PINS-6008160,"Land between 191 and 243 Nottingham Road, Selston",Ashfield,East Midlands,inspector,6008160,V/2025/0464,2026-09-08,dismissed,written-representations,"Outline for 42 dwellings (access, layout and scale fixed)",housing-major,42,inside-settlement,false,n/a,4.39,2026-08,S4(1); DP3(1); DP3(2); N6(1); N2; TR6(4); F7; F8; HE7(2),character and appearance; protected species and LWS; access; flood risk and SuDS; archaeology; NDHAs,s4-within-settlement; s4-substantially-outweighed; large-scheme; local-wildlife-site; design-refusal; sustainable-drainage; archaeology-dba-missing; obligation-unsecured; parties-consulted-on-2026-framework,https://planningdistilled.org/research/england/nppf-navigator/decisions/PINS-6008160.html
PINS-6008494,"28 Main Street, Lyddington (planning appeal)",Rutland,East Midlands,inspector,6008494,2025/1699/FUL,2026-09-08,allowed,written-representations,"Replacement of modern rear windows, patio doors and side door at a Grade II listed house (planning appeal A; LBC appeal B is 6008495)",householder,,inside-settlement; conservation-area; listed-building-setting,false,n/a,,2026-08,HE6,Grade II listed building; Lyddington Conservation Area,tier-2; windows; heritage-no-harm; conservation-area; transitional-no-consultation; limited-nppf-engagement,https://planningdistilled.org/research/england/nppf-navigator/decisions/PINS-6008494.html
PINS-6008495,"28 Main Street, Lyddington",Rutland,East Midlands,inspector,6008495,2025/1700/LBA,2026-09-08,allowed,written-representations,"Replacement of modern rear bedroom and kitchen windows, patio doors and side door at Grade II listed house",listed-building-consent; householder,,listed-building-setting; conservation-area; inside-settlement,false,n/a,,2026-08,HE6,Grade II listed building; Lyddington Conservation Area,tier-2; conservation-area; windows; transitional-no-consultation; heritage-no-harm,https://planningdistilled.org/research/england/nppf-navigator/decisions/PINS-6008495.html
PINS-6008579,"The Granary, Old Carlton Farm, Stockton on the Forest",York,Yorkshire and the Humber,inspector,6008579,25/02300/FUL,2026-09-08,dismissed,householder,Retrospective single-storey and first-floor side extensions to a converted agricultural building,householder,,green-belt; open-countryside,true,not-argued,,2026-08,GB6(2); GB7(1)(b); GB7(1)(e); DP3,inappropriate development; openness; character; VSC,disproportionate-extension; pdl-e-limb; extension-not-redevelopment; vsc-not-shown; openness-harm; fallback; retrospective,https://planningdistilled.org/research/england/nppf-navigator/decisions/PINS-6008579.html
PINS-6008989,"Land south west of Stonards Hill, Epping (keeping of horses)",Epping Forest,East of England,inspector,6008989,EPF/1215/25,2026-09-08,allowed,written-representations,"Change of use of c.14 ha of land to the keeping of horses (up to eight) for recreational purposes, no built development",change-of-use; equestrian,,green-belt; settlement-edge; SSSI,true,n/a,,2026-08,GB7(1)(f)(iii); N2; N6,biodiversity,outdoor-recreation-f-limb; equestrian; change-of-use; habitats-mitigation,https://planningdistilled.org/research/england/nppf-navigator/decisions/PINS-6008989.html
PINS-6009132,"2 Jesmond Avenue, Middlesbrough",Middlesbrough,North East,inspector,6009132,25/0672/COU,2026-09-08,allowed,written-representations,Change of use of detached 4-bed house (C3) to 3-child children's home (C2),change-of-use; specialist-housing,,inside-settlement,false,n/a,,2026-08,HO9(1)(b),residential character,childrens-home; ho9-applied; specialist-housing-need; fear-of-crime,https://planningdistilled.org/research/england/nppf-navigator/decisions/PINS-6009132.html
PINS-6009181,"Bracken Ley, London Lane, Houghton Conquest",Central Bedfordshire,East of England,inspector,6009181,CB/25/03478/FULL,2026-09-08,dismissed,written-representations,Redevelopment of agricultural barns for six dwellings (plus retained bungalow),housing-minor,6,open-countryside; rural-lane,false,n/a,3.93,2026-08,S5(1)(j); S5(4); HO7,character and appearance; highway safety; living conditions,s5-1-j; s5-4-exceptional; housing-shortfall; class-q-fallback; landscape-harm; sustainable-location-fail; parties-consulted-on-2026-framework,https://planningdistilled.org/research/england/nppf-navigator/decisions/PINS-6009181.html
PINS-6009197,"18 Finden Gardens, Hampsthwaite",North Yorkshire,Yorkshire and the Humber,inspector,6009197,26/00434/FUL,2026-09-08,allowed,written-representations,Two-bedroom two-storey detached self-build house in former side garden,housing-minor; self-build,1,inside-settlement,false,n/a,,2026-08,S3; S4,character and appearance; garden quality for occupiers,tier-2; s4-approve; self-build; garden-infill; housing-shortfall; previous-appeal-followed; parties-consulted-on-2026-framework; small-scheme,https://planningdistilled.org/research/england/nppf-navigator/decisions/PINS-6009197.html
PINS-6009198,"22B Ellerdale Road, Hampstead",Camden,London,inspector,6009198,2026/0326/P,2026-09-08,dismissed,householder,"Raised roof with rear dormer, first-floor front and rear extensions and replacement single-storey rear extension to a two-storey house",householder,,inside-settlement; conservation-area,false,n/a,,2026-08,HE6; HE9; L2(1)(d)(i); DP3; S4,character and appearance and conservation area,tier-2; householder; conservation-area; he6-harm-graded; heritage-harm-decisive; l2-airspace; s4-substantially-outweighed; non-determination; costs-application; parties-consulted-on-2026-framework,https://planningdistilled.org/research/england/nppf-navigator/decisions/PINS-6009198.html
PINS-6009503,"Leapman House, 59 Primrose Gardens, Belsize Park",Camden,London,inspector,6009503,2025/4625/P,2026-09-08,dismissed,written-representations,"Demolition of artist's studio and erection of part single, part two-storey self-build dwelling on a backland site",housing-minor; self-build; replacement-dwelling,1,inside-settlement; conservation-area,false,n/a,,2026-08,HE6; S4; L2(1)(d)(i); DP3(1),conservation area; character and appearance,s4-within-settlement; s4-substantially-outweighed; heritage-harm-decisive; conservation-area; self-build; backland; l2-plot-intensification; parties-consulted-on-2026-framework,https://planningdistilled.org/research/england/nppf-navigator/decisions/PINS-6009503.html
PINS-6009587,"The Meadows car park, High Street, Chelmsford (digital totem)",Chelmsford,East of England,inspector,6009587,26/00190/ADV,2026-09-08,dismissed,written-representations,Internally illuminated two-sided digital advertising totem in a car park beside High Bridge Road,advertisement,,conservation-area,false,n/a,,2026-08,HE6,visual amenity including CA setting; public safety,advertisement; amenity-only-regulations; he6-not-applied-to-adverts; conservation-area; transitional-no-consultation,https://planningdistilled.org/research/england/nppf-navigator/decisions/PINS-6009587.html
PINS-6009640,"15 Stradbroke Drive, Chigwell",Epping Forest,East of England,inspector,6009640,EPF/2554/24,2026-09-08,dismissed,written-representations,Conversion of a backland annexe into a separate dwelling,housing-minor; conversion,1,inside-settlement; TPO,false,n/a,,2026-08,S4; DP3(1); DP3(3); L2(1)(d),character of the area; living conditions,s4-within-settlement; s4-substantially-outweighed; s4-2-c-refusal-policy; l2-plot-intensification; design-refusal; drafting-slip; parties-consulted-on-2026-framework; tier-2,https://planningdistilled.org/research/england/nppf-navigator/decisions/PINS-6009640.html
PINS-6009787,"60 Second Avenue, Billericay",Basildon,East of England,inspector,6009787,25/01268/FULL,2026-09-08,dismissed,written-representations,Extension and conversion of detached double garage to a two-storey annexe,householder,,inside-settlement,false,n/a,,2026-08,S4,character and appearance,s4-within-settlement; s4-substantially-outweighed; backland; design-refusal; householder; parties-consulted-on-2026-framework; tier-2,https://planningdistilled.org/research/england/nppf-navigator/decisions/PINS-6009787.html
PINS-6009871,"77 Harvey Road, Ilford (storage to retail)",Redbridge,London,inspector,6009871,0583/26,2026-09-08,dismissed,written-representations,"Retrospective change of use from storage (Class B) to retail (Class E(a)), about 23 m2 (motorbike hire)",change-of-use; retail,,inside-settlement,false,n/a,,2026-08,TC3(1); TC3(4); S4(2),vitality of local centres; sequential test,sequential-test; town-centre-first; tc3-should-be-refused; s4-substantially-outweighed; small-scale; parties-consulted-on-2026-framework,https://planningdistilled.org/research/england/nppf-navigator/decisions/PINS-6009871.html
PINS-6010021,"Land adjacent to 10 Hurtley Street, Burnley (PIP, 6 flats)",Burnley,North West,inspector,6010021,PIP/2026/0028,2026-09-08,allowed,written-representations,"Permission in principle for one building of 6 flats (min 6, max 6) on a grassed plot at the end of a terrace",housing-minor; PIP,6,inside-settlement,false,n/a,,2026-08,development-plan-only,suitability of site for residential development; character and appearance; loss of open space,PIP; within-settlement-s4; small-scheme; limited-nppf-engagement; no-consultation-on-2026-framework; housing-supply-5yr; density-l3,https://planningdistilled.org/research/england/nppf-navigator/decisions/PINS-6010021.html
PINS-6010086,"Pilmore Farm, Old Cassop",County Durham,North East,inspector,6010086,DM/26/00471/FPA,2026-09-08,allowed,written-representations,Erection of a livestock building,agricultural,,open-countryside; conservation-area; valued-landscape,false,n/a,,2026-08,s38(6),landscape character and appearance,tier-2; agricultural-building; landscape-harm; conservation-area; transitional-no-consultation; limited-nppf-engagement,https://planningdistilled.org/research/england/nppf-navigator/decisions/PINS-6010086.html
PINS-6010228,"Land east of 52 Exeter Road, Claydon",Mid Suffolk,East of England,inspector,6010228,DC/25/05276,2026-09-08,dismissed,written-representations,Use of land to store building materials for two years (retrospective),change-of-use; commercial,,settlement-edge; open-countryside,false,n/a,,2026-08,S5(1)(b); S5(1); F4; F7; DP3; P3; N2,location; character; living conditions; flood risk; ecology,settlement-status-disputed; s5-1-b-necessity; flood-fra-missing; retrospective; parties-consulted-on-2026-framework,https://planningdistilled.org/research/england/nppf-navigator/decisions/PINS-6010228.html
PINS-6010603,"17 Lyndon Mead, Sandridge",St Albans,East of England,inspector,6010603,5/2025/2222,2026-09-08,allowed,householder,"Two-storey side extension replacing single-storey side extension, small rear infill, internal reconfiguration",householder,,green-belt; washed-over-village,true,not-argued,,2026-08,GB7(1)(b),inappropriate development; VSC,extension-not-disproportionate; local-plan-gb-policy-out-of-date; openness-implicit-in-exception,https://planningdistilled.org/research/england/nppf-navigator/decisions/PINS-6010603.html
PINS-6010708,"Workshop, 20 Bury Lane, Bramfield",East Hertfordshire,East of England,inspector,6010708,3/25/1349/FUL,2026-09-08,allowed,written-representations,Appeal against hours-of-use condition on replacement motor-repair workshop,employment,,inside-settlement,false,n/a,,not-cited,s38(6); DM6,hours-of-use condition; neighbour amenity,tier-2; conditions-appeal; no-framework-reference,https://planningdistilled.org/research/england/nppf-navigator/decisions/PINS-6010708.html
PINS-6010729,"Rosemellyn Fisheries, Roche Road, St Austell (holiday wagons and caravans)",Cornwall,South West,inspector,6010729,PA25/05532,2026-09-08,dismissed,written-representations,"Shower block, two disused railway wagons, a shepherd's hut and two caravans for holiday accommodation at a fishery (part retrospective)",leisure; change-of-use,,open-countryside; flood-zone-3; rural-lane,false,n/a,,2026-08,TR3; F7; S5(1)(b); E4,location and accessibility; flood risk safe access,sustainable-location-fail; rural-lane-no-footway; rural-tourism; flood-safe-access; retrospective; small-scheme,https://planningdistilled.org/research/england/nppf-navigator/decisions/PINS-6010729.html
PINS-6011840,"56 Woodstock Road, Worcester",Worcester,West Midlands,inspector,6011840,24/00959/FUL,2026-09-08,dismissed,written-representations,Enlargement of 6-bed HMO to 8-bed HMO with a second dropped kerb,change-of-use,,inside-settlement,false,n/a,,2026-08,S4(1); N2,street tree; highway safety,tier-2; s4-within-settlement; s4-substantially-outweighed; hmo; street-tree; drafting-slip; parties-consulted-on-2026-framework,https://planningdistilled.org/research/england/nppf-navigator/decisions/PINS-6011840.html
PINS-6012648,"The Barn, Bridle Stile Lane, Queensbury (Bradford)",Bradford,Yorkshire and the Humber,inspector,6012648,26/01097/HOU,2026-09-08,allowed,householder,"Raised decking (reduced, part-retrospective) to a converted barn dwelling",householder,,green-belt; open-countryside,true,n/a,,2026-08,DP3; GB7(1)(b),character and appearance,householder; disproportionate-extension; gb-incidental; not-inappropriate,https://planningdistilled.org/research/england/nppf-navigator/decisions/PINS-6012648.html
PINS-6014250,"3 Booth Terrace, Dean House Lane, Luddenden",Calderdale,Yorkshire and the Humber,inspector,6014250,26/00306/HSE,2026-09-08,dismissed,householder,Single-storey full-width front extension,householder,,green-belt; valued-landscape; listed-building-setting,true,n/a,,2026-08,DP3,Green Belt; character and appearance; Special Landscape Area; heritage,not-inappropriate; proportionate-extension; design-refusal; transitional-no-consultation; householder,https://planningdistilled.org/research/england/nppf-navigator/decisions/PINS-6014250.html
westnorthants-WNS-2022-0673-MAF,"Land off Beech Lane, Kislingbury (58 dwellings)",West Northamptonshire,East Midlands,lpa-committee,,WNS/2022/0673/MAF,2026-09-08,refused,committee,"58 dwellings (29 affordable, 50%) with access, parking and landscaping",housing-major; affordable-led,58,open-countryside; settlement-edge; conservation-area,false,n/a,4.3,2026-08,S5(1)(j); S5(2); HE6(4); DP3; N6(1)(a); S6,S5(1)(j) with a shortfall; countryside encroachment; conservation area setting; design; SPA; noise,s5-1-j; s5-2-refusal-policy; heritage-harm-decisive; design-refusal; housing-shortfall; large-scheme; drafting-slip; old-wording-slip; officer-rec-followed,https://planningdistilled.org/research/england/nppf-navigator/decisions/westnorthants-WNS-2022-0673-MAF.html
APP-X3025-W-25-3370422,"Berry Hill Phase 2 (Plots 9A, 9B, 10, 12A), Mansfield",Mansfield,East Midlands,inspector,APP/X3025/W/25/3370422,2025/0159/VCON,2026-09-07,allowed,written-representations,s73 variation/removal of highway conditions on reserved-matters approval for 484 dwellings (strategic urban extension SUE3),housing-major,484,settlement-edge,false,n/a,,2026-08,DM6; TR4,highway safety effect of varying conditions,tier-2; transitional-no-consultation; s73-conditions; old-style-acp; large-scheme,https://planningdistilled.org/research/england/nppf-navigator/decisions/APP-X3025-W-25-3370422.html
bromsgrove-26-00845-PIP,"Land adjacent to 22 Alcester Road, Hollywood / Wythall (up to 6 dwellings PIP)",Bromsgrove,West Midlands,lpa-delegated,,26/00845/PIP,2026-09-07,approved,delegated,Permission in principle for up to six dwellings on a 0.17 ha greenfield plot,PIP; housing-minor,6,green-belt; settlement-edge,true,accepted,,2026-08,GB7(1)(g)(i); GB7(1)(g)(ii); GB7(1)(g)(iii); GB7(1)(g)(iv); S5(1)(j),grey belt; sustainable location; PIP scope; flood risk deferral,grey-belt-accepted; not-inappropriate; housing-shortfall; sustainable-location-pass; PIP; small-scheme; drafting-slip,https://planningdistilled.org/research/england/nppf-navigator/decisions/bromsgrove-26-00845-PIP.html
PINS-6004385,"Land at Harlestone Road/York Way, Northampton",West Northamptonshire,East Midlands,inspector,6004385,2025/0057/MAO,2026-09-07,allowed,hearing,"Outline, up to 100 homes (40% affordable), access from York Way, pedestrian links/permissive paths to Harlestone Firs, visitor car park, public open space",housing-major; affordable-led,100,settlement-edge; open-countryside,false,n/a,,2026-08,S3; S5(1)(j); HO7,Green Wedge; suitable location; housing land supply; S5(1)(j); accessibility,s5-1-j; substantially-outweighed; housing-shortfall; housing-land-supply-dispute; sustainable-location-pass; large-scheme; local-plan-countryside-policy-departure; green-wedge; emerging-plan-allocation; parties-consulted-on-2026-framework; old-wording-slip,https://planningdistilled.org/research/england/nppf-navigator/decisions/PINS-6004385.html
PINS-6004673,"Dean Farm, Long Bottom Lane, Jordans",Buckinghamshire,South East,inspector,6004673,PL/25/5175/VRC,2026-09-07,dismissed,written-representations,"s73 plans variation (Appeal A) and listed building consent (Appeal B, 6004675) for refurbishment, glazed rear extension and link on Grade II farmhouse plus barn and granary conversions",householder; listed-building-consent; conversion,,green-belt; listed-building-setting; open-countryside,true,not-argued,,2026-08,HE6(1); HE6(3); HE6(4),scope of s73; listed building,heritage-harm-decisive; s73-scope; fallback; private-benefit-not-public; benefits-unsecured; parties-consulted-on-2026-framework; non-determination,https://planningdistilled.org/research/england/nppf-navigator/decisions/PINS-6004673.html
PINS-6004675,"Dean Farm, Long Bottom Lane, Jordans (listed farmhouse extensions, LBC)",Buckinghamshire,South East,inspector,6004675,PL/25/5170/HB,2026-09-07,dismissed,written-representations,"Listed building consent (Appeal B) for refurbishment and extension of a Grade II farmhouse, barn and granary, including a glazed first-floor rear corridor and a link to the cottage; linked s73 plans-variation Appeal A (6004673); both against non-determination",listed-building-consent; householder; conversion,,green-belt; listed-building-setting,true,not-argued,,2026-08,HE6(1); HE6(3); HE6(4),s73 scope; listed buildings; public benefits,listed-building-consent; heritage-harm-decisive; fallback; parties-consulted-on-2026-framework; non-determination; green-belt,https://planningdistilled.org/research/england/nppf-navigator/decisions/PINS-6004675.html
PINS-6005328,"Land opposite Rose Meadow, Carnkie, Helston",Cornwall,South West,inspector,6005328,PA25/08915,2026-09-07,allowed,written-representations,Permission in principle for 6-9 dwellings,PIP; housing-minor,9,settlement-edge; open-countryside,false,n/a,3.9,2026-08,S5(1)(j); HO7; AnnexA(2),suitability of location for housing; character and appearance,PIP; s5-1-j; housing-shortfall; sustainable-location-pass; annex-a-weight-reduction; old-wording-slip; drafting-slip; parties-consulted-on-2026-framework; small-scheme,https://planningdistilled.org/research/england/nppf-navigator/decisions/PINS-6005328.html
PINS-6005653,"Medvale House, Mote Road, Maidstone",Maidstone,South East,inspector,6005653,25/500559/FULL,2026-09-07,dismissed,written-representations,Change of use of 7-storey former office building to 87 apartments with communal areas and amenity spaces (part retrospective),housing-major; change-of-use; conversion,87,inside-settlement; PDL,false,n/a,,2026-08,S4(1); DP3; P5,living conditions - private amenity space; fire safety,s4-within-settlement; s4-substantially-outweighed; old-balance-wording; old-wording-slip; transitional-no-consultation; large-scheme; living-conditions; fire-safety; class-ma; housing-shortfall,https://planningdistilled.org/research/england/nppf-navigator/decisions/PINS-6005653.html
PINS-6005855,"10 Elsenham Street, Wandsworth (6-bed HMO to 8-bed)",Wandsworth,London,inspector,6005855,2025/2919,2026-09-07,dismissed,written-representations,Change of use to an 8-person sui generis HMO (existing lawful 6-person HMO),change-of-use; housing-minor,,inside-settlement; near-station,false,n/a,,not-cited,Wandsworth LP29,public transport accessibility; family housing; living conditions,tier-2; hmo; plan-led; fallback,https://planningdistilled.org/research/england/nppf-navigator/decisions/PINS-6005855.html
PINS-6006049,"308 Stockport Road, Hyde (7-bed HMO)",Tameside,North West,inspector,6006049,25/00913/FUL,2026-09-07,dismissed,written-representations,"Change of use of dwelling to 7-bed, 8-person sui generis HMO with rear dormer and new window",change-of-use,,inside-settlement,false,n/a,,2026-08,S4(1); DP3; P3,future occupier living conditions; neighbour noise; refuse storage; parking,tier-2; hmo; living-conditions; s4-within-settlement; s4-substantially-outweighed; parties-consulted-on-2026-framework,https://planningdistilled.org/research/england/nppf-navigator/decisions/PINS-6006049.html
PINS-6006819,"Land South of The Street, Furneux Pelham",East Hertfordshire,East of England,inspector,6006819,3/25/1108/FUL,2026-09-07,dismissed,written-representations,"Eco self-build bungalow and double garage with landscaping, new access",housing-minor; self-build,1,settlement-edge; open-countryside; conservation-area; rural-lane,false,n/a,,2026-08,S5(1)(j); DP3(3); TR6; HE6,suitable location; character and CA setting; highway safety; hedgerows; agricultural land,s5-1-j; sustainable-location-fail; rural-lane-no-footway; self-build; small-scheme; housing-shortfall; dp3-refuse-trigger; tr6-highway-safety; less-than-substantial-legacy-wording; infill-rejected; conservation-area-setting; parties-consulted-on-2026-framework; substantially-outweighed,https://planningdistilled.org/research/england/nppf-navigator/decisions/PINS-6006819.html
PINS-6007096,"Barn Hey Farm, Allithwaite (s73, up to 40 dwellings, affordable housing removed)",Westmorland and Furness,North West,inspector,6007096,2025/0643/FPA,2026-09-07,allowed,written-representations,"Section 73 variation of the plans condition on outline permission for up to 40 dwellings, used also to reconsider the affordable-housing S106",housing-major,40,,false,n/a,,2026-08,DM5; DM6,s73 scope; planning obligations,tier-2; section-73; viability; affordable-housing-removed; non-determination; costs-application; transitional-no-consultation,https://planningdistilled.org/research/england/nppf-navigator/decisions/PINS-6007096.html
PINS-6007355,"20 Kennedy Road, Kingsland, Shrewsbury",Shropshire,West Midlands,inspector,6007355,25/03653/FUL,2026-09-07,dismissed,householder,"Wide single-storey side extension with barrel-vaulted first-floor element, rear and basement extensions to Victorian semi (NDHA)",householder,,inside-settlement; conservation-area,false,n/a,,2026-08,HE6(1); HE6(3); HE6(4); DP3(5),conservation area; trees,heritage-harm-decisive; conservation-area; energy-efficiency-benefit; private-benefit-not-public; parties-consulted-on-2026-framework; innovative-design,https://planningdistilled.org/research/england/nppf-navigator/decisions/PINS-6007355.html
PINS-6007373,"Car park between Castle Mews and 7 Castle Road, North Finchley",Barnet,London,inspector,6007373,25/0632/FUL,2026-09-07,allowed,written-representations,"Redevelopment of office car park for 20 car-free dwellings with landscaping, access and cycle parking",housing-major,20,inside-settlement; PDL,false,n/a,,2026-08,S4; L2(1)(b),character and appearance; living conditions (outlook); disabled persons parking,s4-within-settlement; s4-approve; l2-substantial-weight; brownfield; parties-consulted-on-2026-framework; old-balance-wording; inconsistent-weighting; pd-rights-removed; drafting-slip,https://planningdistilled.org/research/england/nppf-navigator/decisions/PINS-6007373.html
PINS-6007474,"Plots 13 and 5, Leys Lane, Winterton",North Lincolnshire,Yorkshire and the Humber,inspector,6007474,PA/2025/1360,2026-09-07,dismissed,written-representations,"Static home, touring caravan pitch and surfacing on each of two plots for Traveller families (Plot 13, partly implemented; conjoined Appeal 6007477, Plot 5, PA/2025/1463)",travellers,2,open-countryside; isolated; rural-lane,false,n/a,,2026-08,S5(1)(g); S5(3); S5(4); HO11,spatial strategy; character and appearance; surface water flood risk; BNG; archaeology; personal needs,travellers; isolated-home; s5-4-exceptional; bng-exemption-not-shown; evidence-gap; retrospective; flood-risk; parties-consulted-on-2026-framework,https://planningdistilled.org/research/england/nppf-navigator/decisions/PINS-6007474.html
PINS-6007846,"106-110 Belgrave Road, Pimlico (courtyard condensers)",Westminster,London,inspector,6007846,25/04302/FULL,2026-09-07,allowed,written-representations,Three wall-mounted condensers with acoustic wall and one enclosed ground-level condenser in basement courtyards of a Grade II terrace,other,,conservation-area; listed-building-setting,false,n/a,,2026-08,Westminster City Plan Policy 33,noise,tier-2; noise; transitional-no-consultation,https://planningdistilled.org/research/england/nppf-navigator/decisions/PINS-6007846.html
PINS-6008038,"9 Selway House, 272 South Lambeth Road, Lambeth",Lambeth,London,inspector,6008038,25/03420/FUL,2026-09-07,dismissed,written-representations,Change of use of a ground/first-floor duplex from HMO (C4) to short-term let (C1),change-of-use,,inside-settlement,false,n/a,,2026-08,TC3,location of visitor accommodation; loss of housing; living conditions; refuse and cycle storage,tier-2; parties-consulted-on-2026-framework; old-wording-slip; short-term-let; sequential-test; living-conditions; loss-of-housing,https://planningdistilled.org/research/england/nppf-navigator/decisions/PINS-6008038.html
PINS-6008359,"9 Green Lane, Formby",Sefton,North West,inspector,6008359,DC/2025/00544,2026-09-07,dismissed,written-representations,Retrospective solid powder-coated steel doors and shopfront signage on unit in the Art Deco Embassy Building,commercial,,inside-settlement; conservation-area,false,n/a,,2026-08,HE6; HE7; DP3; S4(1),host building; conservation area,tier-2; s4-within-settlement; s4-substantially-outweighed; heritage-harm-decisive; conservation-area; non-designated-heritage-asset; retrospective; parties-consulted-on-2026-framework,https://planningdistilled.org/research/england/nppf-navigator/decisions/PINS-6008359.html
PINS-6008438,"214-216 St James's Road, Croydon",Croydon,London,inspector,6008438,25/03436/FUL,2026-09-07,dismissed,written-representations,Change of use of rear part of ground-floor Class E unit to a 1-bed flat (non-determination),change-of-use; housing-minor,1,inside-settlement,false,n/a,,2026-08,P3(2)(a); S4(1),living conditions of future occupiers; refuse; parking mitigation,tier-2; parties-consulted-on-2026-framework; non-determination; drafting-slip; old-wording-slip; small-scheme,https://planningdistilled.org/research/england/nppf-navigator/decisions/PINS-6008438.html
PINS-6008689,"Primrose Farm, Bradcutts Lane, Cookham Dean",Windsor and Maidenhead,South East,inspector,6008689,26/00116/OUT,2026-09-07,allowed,written-representations,"Appeal against personal-occupancy, cessation and restoration conditions (4-6) on outline permission for a dwelling replacing part of a landscape contractor's workshop",housing-minor; other,1,green-belt; PDL,true,n/a,,not-cited,DM6,necessity/reasonableness of occupancy; cessation and restoration conditions,tier-2; no-framework-reference; occupancy-condition; conditions-appeal; costs-application,https://planningdistilled.org/research/england/nppf-navigator/decisions/PINS-6008689.html
PINS-6008742,"Land adjacent Everglade Farm, Mount Pleasant Lane, Lymington",New Forest National Park Authority,South East,inspector,6008742,25/00974FULL,2026-09-07,dismissed,written-representations,"Two residential caravans on concrete hardstands, aggregate, sewage tank and access alterations",housing-minor,2,open-countryside; national-park; TPO; rural-lane,false,n/a,,2026-08,S5(1); S5(3); HO11; S5(2); DP3(3); N4,location; National Park landscape; protected species; highway safety,isolated-home; s5-2-refusal-policy; sustainable-location-fail; rural-lane-no-footway; national-park; dp3-2-a-connectivity; caravans; parties-consulted-on-2026-framework,https://planningdistilled.org/research/england/nppf-navigator/decisions/PINS-6008742.html
PINS-6009068,"Rose Cottage, 38 Higher Lane, Kerridge",Cheshire East,North West,inspector,6009068,26/0088/HOUS,2026-09-07,dismissed,written-representations,Part demolition of flat-roof garage and first-floor extension over the garage to form living accommodation (non-determination appeal),householder,,green-belt; conservation-area; listed-building-setting,true,not-argued,,2026-08,GB7(1)(b); GB6(2); HE6; HE4(2),inappropriate development; openness; conservation area; VSC,disproportionate-extension; householder; vsc-not-shown; openness-harm; visual-openness-only; conservation-area-harm; costs-refused; non-determination; transitional-no-consultation,https://planningdistilled.org/research/england/nppf-navigator/decisions/PINS-6009068.html
PINS-6009208,"RCCG Green Pastures, 101 Jarrom Street, Leicester",Leicester,East Midlands,inspector,6009208,20251446,2026-09-07,dismissed,written-representations,Second-floor flat-roofed extension and front balcony to church (F1),other,,inside-settlement,false,n/a,,2026-08,L2(1)(d)(i); DP3(1),character and appearance; privacy,l2-1-d; design-refusal; parties-consulted-on-2026-framework; upward-extension; psed,https://planningdistilled.org/research/england/nppf-navigator/decisions/PINS-6009208.html
PINS-6009328,"184-186 Gipsy Lane, Leicester (Class MA first-floor flat)",Leicester,East Midlands,inspector,6009328,20260349,2026-09-07,dismissed,written-representations,Class MA prior approval for change of use of a first-floor Class E unit to one 1-bed flat above commercial ground floor,change-of-use; housing-minor,1,inside-settlement,false,n/a,,2026-08,GPDO Sch2 Pt3 Class MA.2(2)(d); P3,accompanying details; commercial noise impact on occupiers,tier-2; prior-approval; class-ma; noise; missing-evidence; parties-consulted-on-2026-framework,https://planningdistilled.org/research/england/nppf-navigator/decisions/PINS-6009328.html
PINS-6009647,"23 Manchester Street, Luton (shop to takeaway)",Luton,East of England,inspector,6009647,26/00073/FUL,2026-09-07,dismissed,written-representations,"Change of use of vacant ground-floor shop (Class E) to hot food takeaway (sui generis), replacement shopfront and rear flue",change-of-use; commercial,,inside-settlement; conservation-area; listed-building-setting,false,n/a,,2026-08,HC5(1)(a); HC5(1)(b),town centre vitality and viability; health and wellbeing,hot-food-takeaway; hc5-town-centre-exception; frontage-policy; over-concentration; no-consultation-on-2026-framework,https://planningdistilled.org/research/england/nppf-navigator/decisions/PINS-6009647.html
PINS-6009942,"18 Newick Avenue, Little Aston (replacement self-build dwelling)",Lichfield,West Midlands,inspector,6009942,26/00234/FUL,2026-09-07,dismissed,written-representations,Demolition of bungalow and erection of a 4-bed self-build dwelling,replacement-dwelling; self-build,1,inside-settlement,false,n/a,,2026-08,TCPA Sch 7A (BNG),character and appearance; biodiversity net gain,bng; self-build; transitional-no-consultation; replacement-dwelling; tier-2,https://planningdistilled.org/research/england/nppf-navigator/decisions/PINS-6009942.html
PINS-6010165,"The Ferns, 6 Broc Hill Way, Brocton",Stafford,West Midlands,inspector,6010165,25/41298/FUL,2026-09-07,dismissed,written-representations,"Replacement of stables with a larger building for storing land-maintenance equipment, on an existing concrete pad, with permeable access paving",other,,green-belt; national-landscape; PDL,true,not-argued,,2026-08,GB7(1)(a); GB7(1)(b); GB7(1)(e); GB6(2),inappropriate development; openness; VSC balance,openness-harm; vsc-not-shown; pdl-e-limb; replacement-building-materially-larger; agricultural-exception-fail; transitional-no-consultation; national-landscape,https://planningdistilled.org/research/england/nppf-navigator/decisions/PINS-6010165.html
PINS-6010396,"Pavement outside 42 New Street, Huddersfield",Kirklees,Yorkshire and the Humber,inspector,6010396,2026/62/90544/W,2026-09-07,dismissed,written-representations,BT Street Hub with two 75-inch digital advert screens replacing a BT kiosk (Appeal A); advert consent Appeal B 6010399 (2026/64/90545/W),telecoms; advertisement,,inside-settlement; conservation-area; listed-building-setting,false,n/a,,2026-08,HE6(4),conservation area and listed building settings; visual amenity (advert),street-hub; digital-advertising; telecoms; conservation-area; heritage-harm-decisive; he6-public-benefits-insufficient; less-than-substantial-legacy-wording; he6-harm-graded; parties-consulted-on-2026-framework; old-wording-slip; drafting-slip,https://planningdistilled.org/research/england/nppf-navigator/decisions/PINS-6010396.html
PINS-6010460,"Footpath outside 2 Benson Street, Middlesbrough (BT Street Hub)",Middlesbrough,North East,inspector,6010460,26/0113/FUL,2026-09-07,allowed,written-representations,BT Street Hub with digital advertisement panels (Appeal A planning 6010460; Appeal B advertisement consent 6010461),telecoms; advertisement,,inside-settlement,false,n/a,,2026-08,TR4(1)(c); TR6(4),street clutter; highway and public safety,tier-2; street-hub; telecoms; advertisement,https://planningdistilled.org/research/england/nppf-navigator/decisions/PINS-6010460.html
PINS-6010682,"Land north east of 7 Redmoor Lane, Wisbech",Fenland,East of England,inspector,6010682,F/YR26/0184/F,2026-09-07,dismissed,written-representations,"Retrospective change of use of land to domestic purposes, siting of a static caravan and erection of a shed",change-of-use; housing-minor,1,open-countryside; flood-zone-3,false,n/a,,2026-08,F5; S5(2); S5(1),suitable location; character and appearance; flood risk,retrospective; caravans; sequential-test-fail; flood-risk; s5-2-refusal-policy; rural-worker-dwelling; agricultural-need-not-shown; parties-consulted-on-2026-framework; small-scheme,https://planningdistilled.org/research/england/nppf-navigator/decisions/PINS-6010682.html
PINS-6010701,"96 Church Road, Blurton, Stoke-on-Trent",Stoke-on-Trent,West Midlands,inspector,6010701,25/OUT/00727,2026-09-07,dismissed,written-representations,Outline for three dwellings in the garden of 96 Church Road (access for approval),housing-minor,3,inside-settlement; TPO,false,n/a,3.73,2026-08,S4(2)(a)(ii); L2(1)(d); S4(2)(c); DP3(3); N2(1)(f),character; protected species; highway safety,s4-within-settlement; s4-substantially-outweighed; l2-residential-curtilage; backland; design-refusal; housing-shortfall; non-determination; protected-species; parties-consulted-on-2026-framework,https://planningdistilled.org/research/england/nppf-navigator/decisions/PINS-6010701.html
PINS-6010758,"14 Blundell Drive, Birkdale (s73A boundary treatment variation)",Sefton,North West,inspector,6010758,DC/2026/00394,2026-09-07,dismissed,written-representations,s73A variation of condition 2 to retain the as-built front boundary treatment on a new corner dwelling,householder,,inside-settlement,false,n/a,,2026-08,S4; DP3,character and appearance,s4-substantially-outweighed; design-refusal; transitional-no-consultation; retrospective; tier-2,https://planningdistilled.org/research/england/nppf-navigator/decisions/PINS-6010758.html
PINS-6010763,"The Old Rectory, Mill Lane, Gratwich (agricultural building)",East Staffordshire,West Midlands,inspector,6010763,P/2024/00727,2026-09-07,dismissed,written-representations,"Agricultural building (U-shaped timber barn) for hay, haylage and machinery storage",agricultural,,open-countryside,false,n/a,,2026-08,S5(1)(a); E4; E2; DP1,countryside strategy / fitness for purpose; BNG; character and appearance,agricultural-building; fit-for-purpose; s5-1-a; transitional-no-consultation; bng-deferred-to-condition,https://planningdistilled.org/research/england/nppf-navigator/decisions/PINS-6010763.html
PINS-6010828,"18 The Dell, Kempston, Bedford",Bedford,East of England,inspector,6010828,25/02172/COU,2026-09-07,dismissed,written-representations,"Change of use of semi-detached house from C3 to C2 parents' home (up to 3 families with babies, 24-hour staff)",change-of-use; specialist-housing,,inside-settlement,false,n/a,,2026-08,HO9; P3,living conditions of future occupiers and neighbours,tier-2; specialist-housing; ho9-living-conditions,https://planningdistilled.org/research/england/nppf-navigator/decisions/PINS-6010828.html
PINS-6011039,"23A Rowms Lane, Swinton, Rotherham (B2 to beauty/services)",Rotherham,Yorkshire and the Humber,inspector,6011039,RB2025/1462,2026-09-07,dismissed,written-representations,"Change of use of building from B2 (general industrial) to Class E(c)(iii) services (hair, beauty, nails, massage, tattoo; appointment only)",change-of-use; commercial,,inside-settlement,false,n/a,,2026-08,TR6,highway safety,tr6-highway-safety; fallback-not-proven; conditions-unenforceable; no-consultation-on-2026-framework; small-business,https://planningdistilled.org/research/england/nppf-navigator/decisions/PINS-6011039.html
PINS-6011059,"41 Springfield Road, Sheffield",Sheffield,Yorkshire and the Humber,inspector,6011059,25/02046/FUL,2026-09-07,dismissed,written-representations,"Change of use of dwelling to day nursery/family centre (E(f)) for up to 55 children at a time, side extension and canopy",change-of-use,,inside-settlement,false,n/a,,2026-08,TR6(4),highway safety,tier-2; highway-safety; parking; transitional-no-consultation,https://planningdistilled.org/research/england/nppf-navigator/decisions/PINS-6011059.html
PINS-6011103,"Land between Rudyard Road and Hot Lane, Biddulph Moor",Staffordshire Moorlands,West Midlands,inspector,6011103,SMD/2025/0537,2026-09-07,allowed,written-representations,Permission in principle for up to 9 dwellings,PIP; housing-minor,9,green-belt; settlement-edge,true,accepted,,2026-08,AnnexB:grey-belt; GB2(a); GB7(1)(g)(i); GB7(1)(g)(ii); GB7(1)(g)(iii); TR3; S5; HO7,grey belt; large built-up area; sustainable location; character; spatial strategy,grey-belt-accepted; PIP; sustainable-location-pass; village-not-large-built-up-area; substantially-outweighed; housing-shortfall; committee-overturn; costs-refused; small-scheme,https://planningdistilled.org/research/england/nppf-navigator/decisions/PINS-6011103.html
PINS-6011209,"Land east of Lichfield Road, Little Haywood (dog walking field)",Stafford,West Midlands,inspector,6011209,25/41603/FUL,2026-09-07,dismissed,written-representations,Change of use to a bookable dog walking field with parking and associated works (partly retrospective),change-of-use; leisure,,open-countryside,false,n/a,,2026-08,TR6; S5(2),highway safety,highway-safety-fail; s5-2-refusal-policy; rural-diversification; old-wording-slip; transitional-no-consultation; small-scheme,https://planningdistilled.org/research/england/nppf-navigator/decisions/PINS-6011209.html
PINS-6011373,"202 Mansfield Road, Selston",Ashfield,East Midlands,inspector,6011373,V/2026/0010,2026-09-07,dismissed,written-representations,Dormer bungalow in the garden of 202 Mansfield Road (corner of Portland Road),housing-minor,1,inside-settlement,false,n/a,,2026-08,S4(1); S4(2)(c); DP3(1); DP3(3),character and appearance,s4-within-settlement; s4-substantially-outweighed; dp3-refuse-trigger; dp3-3-refusal; design-refusal; garden-land; parties-consulted-on-2026-framework; small-scheme; costs-application,https://planningdistilled.org/research/england/nppf-navigator/decisions/PINS-6011373.html
PINS-6011428,"36-40 Clayton Street, Newcastle upon Tyne (scaffold shroud advert)",Newcastle upon Tyne,North East,inspector,6011428,2024/1319/01/ADV,2026-09-07,allowed,written-representations,Temporary scaffold-mounted 1:1 montage shroud with central advertising banner on a Grade II listed terrace (retrospective),advertisement,,conservation-area; listed-building-setting; inside-settlement,false,n/a,,2026-08,HE6,amenity,advertisement; amenity-only-regulations; he6-not-applied-to-adverts; scaffold-shroud; listed-building; transitional-no-consultation; retrospective,https://planningdistilled.org/research/england/nppf-navigator/decisions/PINS-6011428.html
PINS-6011524,"The Leys, 63 Booth Rise, Northampton",West Northamptonshire,East Midlands,inspector,6011524,2025/5109/FULL,2026-09-07,dismissed,written-representations,Change of use of C2 care home to sui generis HMO for up to 32 persons,change-of-use,1,inside-settlement,false,n/a,,2026-08,P3,neighbour living conditions and character; occupier amenity,tier-2; hmo; living-conditions; substantially-outweighed; transitional-no-consultation,https://planningdistilled.org/research/england/nppf-navigator/decisions/PINS-6011524.html
PINS-6011719,"Raynards Rest, Willis Lane, Four Marks",East Hampshire,South East,inspector,6011719,EHDC-25-1438-PAQ3A,2026-09-07,dismissed,written-representations,Class Q prior approval — former agricultural workshop building to dwelling,conversion; housing-minor; agricultural,1,open-countryside,false,n/a,,2026-08,DM9,whether permitted development,tier-2; prior-approval; class-q; limited-nppf-engagement,https://planningdistilled.org/research/england/nppf-navigator/decisions/PINS-6011719.html
PINS-6012025,"43 Endcliffe Rise Road, Sheffield (side dormers)",Sheffield,Yorkshire and the Humber,inspector,6012025,26/00417/FUL,2026-09-07,dismissed,written-representations,Two side dormer windows to a terraced dwelling,householder,,inside-settlement,false,n/a,,2026-08,DP3,character and appearance,householder; design-refusal; transitional-no-consultation; tier-2,https://planningdistilled.org/research/england/nppf-navigator/decisions/PINS-6012025.html
stratford-26-01211-FUL,"Weavers Cottage, Church End, Priors Hardwick",Stratford-on-Avon,West Midlands,lpa-delegated,,26/01211/FUL,2026-09-07,approved,householder,"Change of use of agricultural land to residential and single-storey pool extension partly on that land, plus rear extension and car port",householder; change-of-use,,settlement-edge; open-countryside; conservation-area,false,n/a,,2026-08,S4(1); S5(1)(c); S3(2),settlement boundary; residential curtilage extension into countryside,s3-2-split-site; s4-within-settlement; s5-1-c-reuse; householder; settlement-status-inconsistent; stratford-relevant,https://planningdistilled.org/research/england/nppf-navigator/decisions/stratford-26-01211-FUL.html
stratford-26-01558-FUL,"Hales Farm, Fosse Way, Moreton Morrell",Stratford-on-Avon,West Midlands,lpa-delegated,,26/01558/FUL,2026-09-07,approved,delegated,Demolition of a 137 sq m dwelling and 58 sq m annexe; replacement self-build country house of 654 sq m,replacement-dwelling; self-build,1,open-countryside; isolated; valued-landscape; PDL,false,n/a,,2026-08,S5(1)(d); S5(1)(c),replacement dwelling size; PDL route; landscape,s5-1-d-pdl-route; s5-1-c-reuse; replacement-dwelling; fallback; self-build; rural-curtilage-pdl; stratford-relevant,https://planningdistilled.org/research/england/nppf-navigator/decisions/stratford-26-01558-FUL.html
APP-P0119-C-26-3378284,"Land adjacent to Orchard Farm Cottage, Pomphrey Hill, Mangotsfield",South Gloucestershire,South West,inspector,APP/P0119/C/26/3378284,,2026-09-04,allowed,hearing,"Enforcement appeal (ground (a) deemed application): change of use of land to a residential caravan site (9 static caravans + 1 touring pitch), hardcore and utility building",enforcement; housing-minor; change-of-use,9,green-belt; settlement-edge; PDL,true,accepted,3.93,2026-08,GB7(1)(g)(i); GB7(1)(g)(ii); GB7(1)(g)(iii); GB7(1)(g)(iv); AnnexB:grey-belt; S5(5),grey belt; inappropriate development; character and appearance; contamination; intentional unauthorised development,grey-belt-accepted; not-inappropriate; enforcement-ground-a; caravans; pdl-grey-belt; large-built-up-area; housing-shortfall; s5-5-balance; costs-refused; golden-rules-threshold; parties-consulted-on-2026-framework,https://planningdistilled.org/research/england/nppf-navigator/decisions/APP-P0119-C-26-3378284.html
bromsgrove-25-00751-FUL,"Flourishing Fields Farm, Stonehouse Lane, Hopwood (SEND farm school and rural worker's dwelling)",Bromsgrove,West Midlands,lpa-delegated,,25/00751/FUL,2026-09-04,approved,delegated,"Change of use from agriculture to mixed education/agriculture (SEND/AP for up to 36 pupils), temporary rural worker's dwelling, agricultural barn, three learning buildings, polytunnels, pods, containers, track and car park (part retrospective)",agricultural; other; housing-minor,1,green-belt; open-countryside; rural-lane,true,accepted,,2026-08,GB7(1)(g)(i); GB7(1)(g)(ii); GB7(1)(g)(iii); TR3,grey belt for non-housing use; evidenced need for SEND; sustainable location for rural-dependent use; rural worker dwelling,grey-belt-accepted; not-inappropriate; sustainable-location-pass; rural-worker-dwelling; education; nature-of-development-requires-rural,https://planningdistilled.org/research/england/nppf-navigator/decisions/bromsgrove-25-00751-FUL.html
PINS-6002880,"Land South East of Haven Lodge, Lower Castle Road, St Mawes",Cornwall,South West,inspector,6002880,PA24/08310,2026-09-04,dismissed,written-representations,Engineering works to sea cliff retaining structure and galvanised steel steps down to the water,other,,inside-settlement; national-landscape; conservation-area,false,n/a,,2026-08,N4; HE6; S4,national landscape; heritage coast; conservation area,tier-2; national-landscape; conservation-area; heritage-harm-decisive; private-benefit-not-public; s4-substantially-outweighed; parties-consulted-on-2026-framework,https://planningdistilled.org/research/england/nppf-navigator/decisions/PINS-6002880.html
PINS-6002960,"Pavement outside 5 The Triangle, Tilehurst, Reading (BT Street Hub)",Reading,South East,inspector,6002960,PL/25/1394,2026-09-04,dismissed,written-representations,"BT Street Hub with 2 digital 75-inch advert screens, replacing a BT kiosk (Appeal B 6002961 advert consent PL/25/1403, also dismissed)",telecoms; advertisement,,inside-settlement; listed-building-setting,false,n/a,,2026-08,CO1; DP3(1),character and appearance; listed building setting; living conditions; public safety,tier-2; telecoms; bt-street-hub; co1-substantial-weight; transitional-no-consultation; design-refusal,https://planningdistilled.org/research/england/nppf-navigator/decisions/PINS-6002960.html
PINS-6003539,"Marina Court, 34 Banks Road, Sandbanks, Poole",Bournemouth Christchurch and Poole,South West,inspector,6003539,P/25/03296/FUL,2026-09-04,allowed,written-representations,Demolition of garage to form access and erection of a detached bungalow on backland plot (non-determination),housing-minor,1,inside-settlement,false,n/a,,2026-08,F5; CC3; P3,character; living conditions; flood risk; habitats,tier-2; flood-risk; backland; non-determination; habitats-mitigation; small-scheme,https://planningdistilled.org/research/england/nppf-navigator/decisions/PINS-6003539.html
PINS-6006181,"Rose-in-the-vale, Kestle Mill, Newquay (stable to annexe)",Cornwall,South West,inspector,6006181,PA25/04038,2026-09-04,allowed,written-representations,Conversion and enlargement of a redundant stable block into a 3-bedroom annexe to the existing house,conversion; householder,,open-countryside,false,n/a,,2026-08,Cornwall LP Policy 7; DM10,location; character,tier-2; annexe; open-countryside; costs-application; parties-consulted-on-2026-framework,https://planningdistilled.org/research/england/nppf-navigator/decisions/PINS-6006181.html
PINS-6007122,"58-60 Ocean Street, Plymouth",Plymouth,South West,inspector,6007122,25/01695/FUL,2026-09-04,allowed,written-representations,"Change of use of 6-person C4 HMO to 9-person sui generis HMO, bike and bin store",change-of-use,,inside-settlement; near-station,false,n/a,,2026-08,s38(6),parking and highway safety; outdoor amenity space,tier-2; hmo; parties-consulted-on-2026-framework; parking-stress-unevidenced; plan-led,https://planningdistilled.org/research/england/nppf-navigator/decisions/PINS-6007122.html
PINS-6007161,"Land rear of 20 Crichel Road, Winton, Bournemouth","Bournemouth, Christchurch and Poole",South West,inspector,6007161,P/26/00262/FUL,2026-09-04,dismissed,written-representations,One backland bungalow with driveway and parking for three cars in the rear garden of a detached house,housing-minor,1,inside-settlement,false,n/a,2.55,2026-08,S4(1); L2(1)(d)(i); L2(1)(d)(ii); DP3(1),character; neighbour living conditions; habitats sites; BNG,s4-substantially-outweighed; s4-within-settlement; l2-1-d; housing-shortfall; small-scheme; backland; living-conditions; design-refusal; bng-exemption-not-shown,https://planningdistilled.org/research/england/nppf-navigator/decisions/PINS-6007161.html
PINS-6007202,"2 Park Farm, Park Road, Westoning",Central Bedfordshire,East of England,inspector,6007202,CB/25/03531/FULL,2026-09-04,allowed,written-representations,Hay store for equestrian use (retrospective),equestrian,,green-belt; settlement-edge,true,not-argued,,2026-08,GB7(1)(f)(iv),inappropriate development; openness; purposes,equestrian; outdoor-recreation-facilities; openness-minimised-test; retrospective; intentional-unauthorised-development,https://planningdistilled.org/research/england/nppf-navigator/decisions/PINS-6007202.html
PINS-6007220,"Mill Farmhouse, 7 Bridlington Street, Hunmanby (rear extension, planning appeal)",North Yorkshire,Yorkshire and the Humber,inspector,6007220,25/04326/FUL,2026-09-04,dismissed,written-representations,"Single-storey rear extension to a Grade II mid-late 18th-century former farmhouse in Hunmanby Conservation Area (Appeal A, s78, non-determination; linked LBC Appeal B 6007221)",householder,,inside-settlement; conservation-area,false,n/a,,2026-08,HE6(1); HE6(3); HE6(4); DP3(3); S4,special interest of listed building; conservation area; public benefits; S4 balance,tier-2; heritage-harm-decisive; he6-harm-graded; he6-public-benefits-insufficient; s4-within-settlement; s4-substantially-outweighed; dp3-refuse-trigger; design-refusal; fallback; parties-consulted-on-2026-framework; non-determination; costs-application,https://planningdistilled.org/research/england/nppf-navigator/decisions/PINS-6007220.html
PINS-6007221,"Mill Farmhouse, 7 Bridlington Street, Hunmanby (rear extension, FUL and LBC)",North Yorkshire,Yorkshire and the Humber,inspector,6007221,25/04324/LB,2026-09-04,dismissed,written-representations,"Single-storey rear extension to a Grade II mid-late 18th-century former farmhouse in Hunmanby Conservation Area (linked s78 appeal 6007220, 25/04326/FUL; both against non-determination)",listed-building-consent; householder,,inside-settlement; conservation-area,false,n/a,,2026-08,HE6(1); HE6(3); HE6(4); DP3(3); S4,special interest of listed building; conservation area; public benefits; S4 balance,listed-building-consent; heritage-harm-decisive; cc2-not-engaged; s4-substantially-outweighed; s5-2-refusal-policy; design-refusal; fallback; parties-consulted-on-2026-framework; non-determination,https://planningdistilled.org/research/england/nppf-navigator/decisions/PINS-6007221.html
PINS-6007396,"Emmanuel Ranch, Windmill Road, Towersey",South Oxfordshire,South East,inspector,6007396,P25/S3791/DIS,2026-09-04,part-allowed,written-representations,"Approval of details for conditions 6 (site development scheme), 7 (biodiversity compensation) and 8 (contamination) on an enforcement-appeal deemed permission for a mixed equestrian/caravan site (APP/Q2115/C/3346856)",travellers; other,,open-countryside,false,n/a,,not-cited,DM6,discharge of conditions,tier-2; no-framework-reference; discharge-of-conditions; split-decision; biodiversity,https://planningdistilled.org/research/england/nppf-navigator/decisions/PINS-6007396.html
PINS-6007549,"Dolphin Court, Shelley Road, Worthing",Worthing,South East,inspector,6007549,AWDM/1103/25,2026-09-04,dismissed,written-representations,Mansard-type roof extension providing 4 flats above a 1970s addition to a Victorian villa,housing-minor,4,inside-settlement,false,n/a,,2026-08,S4; L2; DP3; P3,character and appearance; living conditions,tier-2; upward-extension; mansard; l2-airspace; design-refusal; living-conditions; s4-substantially-outweighed; parties-consulted-on-2026-framework,https://planningdistilled.org/research/england/nppf-navigator/decisions/PINS-6007549.html
PINS-6008154,"Pavement outside 608 Holloway Road, Islington",Islington,London,inspector,6008154,P2025/3485/FUL,2026-09-04,dismissed,written-representations,BT Street Hub 3 replacing a phone kiosk (planning; advert consent decided separately),telecoms,,inside-settlement; conservation-area,false,n/a,,2026-08,HE6; HE4; S4(1),conservation area setting; public safety,tier-2; s4-within-settlement; s4-substantially-outweighed; telecoms; bt-street-hub; conservation-area; heritage-harm-decisive; transitional-no-consultation,https://planningdistilled.org/research/england/nppf-navigator/decisions/PINS-6008154.html
PINS-6008242,"5 Bank Chambers, Penn Hill Avenue, Poole","Bournemouth, Christchurch and Poole",South West,inspector,6008242,P/25/02136/FUL,2026-09-04,dismissed,written-representations,Retrospective kitchen extraction flue to rear of restaurant with flats above,commercial,,inside-settlement,false,n/a,,2026-08,P3,living conditions (noise; odour; outlook),tier-2; living-conditions; retrospective; transitional-no-consultation; limited-nppf-engagement; costs-application,https://planningdistilled.org/research/england/nppf-navigator/decisions/PINS-6008242.html
PINS-6008264,"Land west of The Cottage, Snakes Lane, Ugley Green",Uttlesford,East of England,inspector,6008264,UTT/25/3066/OP,2026-09-04,allowed,written-representations,Outline for up to five dwellings (extant PIP+TDC for three),housing-minor,5,open-countryside; rural-lane,false,n/a,,2026-08,S5(1)(e); HO11; TR3,suitable location for housing; character and appearance; fallback,fallback; s5-1-e-infill; sustainable-location-fail; small-scheme; new-local-plan; housing-shortfall,https://planningdistilled.org/research/england/nppf-navigator/decisions/PINS-6008264.html
PINS-6008277,"73 Henton Road, Leicester",Leicester,East Midlands,inspector,6008277,20260064,2026-09-04,dismissed,written-representations,Conversion of rear workshop to a self-contained flat with single-storey side extension,housing-minor; conversion,1,inside-settlement,false,n/a,,2026-08,L2(1)(d)(ii),living conditions of future occupiers (outlook; privacy),tier-2; living-conditions; appeal-planning-officer; transitional-no-consultation; small-scheme; l2-benefit-limited-weight,https://planningdistilled.org/research/england/nppf-navigator/decisions/PINS-6008277.html
PINS-6008436,"Pavement outside 167 Stroud Green Road, London N4 (BT Street Hub 3)",Islington,London,inspector,6008436,P2025/3559/FUL,2026-09-04,dismissed,written-representations,"Removal of telephone kiosk and installation of a BT Street Hub 3 unit with two 75-inch digital advert screens (Appeal A); linked Appeal B 6008435 advertisement consent (P2025/3560/ADV), also dismissed",telecoms; advertisement,,inside-settlement; conservation-area; listed-building-setting,false,n/a,,2026-08,HE4; HE6; HE9; S4(1),conservation area character; advertisement amenity,tier-2; telecoms; street-hub; co1-substantial-weight; heritage-harm-decisive; conservation-area; he6-public-benefits-insufficient; s4-substantially-outweighed; transitional-no-consultation; old-wording-slip,https://planningdistilled.org/research/england/nppf-navigator/decisions/PINS-6008436.html
PINS-6008569,"Land on the south side of Glenfall Way, Cheltenham",Cheltenham,South West,inspector,6008569,25/00650/OUT,2026-09-04,dismissed,written-representations,Outline for 4 self/custom-build dwellings (access only) on a field at the edge of Cheltenham in the Cotswold National Landscape,housing-minor; self-build,4,settlement-edge; national-landscape,false,n/a,2.69,2026-08,S5(1)(j)(i); N4; N2,suitability of location; character and appearance and National Landscape,s5-1-j; sustainable-location-pass; national-landscape; landscape-harm; substantially-outweighed; housing-shortfall; self-build; materially-inconsistent-very-limited-weight; drafting-slip; small-scheme; parties-consulted-on-2026-framework,https://planningdistilled.org/research/england/nppf-navigator/decisions/PINS-6008569.html
PINS-6008669,"Crown House, 1 Stafford Place, Weston-super-Mare (24 uPVC replacement windows)",North Somerset,South West,inspector,6008669,26/P/0327/FUL,2026-09-04,dismissed,written-representations,Replacement of 24 timber sash windows with uPVC double-glazed sashes on a prominent Victorian corner building,other,,inside-settlement; conservation-area; listed-building-setting,false,n/a,,2026-08,HE6(1); HE6(4); HE4(2),conservation area and setting of listed building,heritage-harm-decisive; conservation-area; energy-efficiency; upvc-windows; transitional-no-consultation,https://planningdistilled.org/research/england/nppf-navigator/decisions/PINS-6008669.html
PINS-6008736,"The Parsonage House, 90 High Street, Watchfield",Vale of White Horse,South East,inspector,6008736,P26/V0142/HH,2026-09-04,dismissed,householder,"Rear part single/part two-storey extension, glazed garden link and conversion of outbuilding (non-determination)",householder,,inside-settlement,false,n/a,,2026-08,Vale LP CP46,protected species,tier-2; protected-species; bats; badgers; non-determination; surveys-not-by-condition,https://planningdistilled.org/research/england/nppf-navigator/decisions/PINS-6008736.html
PINS-6008745,"Old Bean Cottage, Shellbank Lane, Bean",Dartford,South East,inspector,6008745,DA/26/00160/FUL,2026-09-04,dismissed,householder,Part single / part two-storey side extensions to a dwelling,householder,,green-belt; settlement-edge,true,accepted,,2026-08,GB7(1)(b); GB7(1)(g)(ii); GB6(2),inappropriate development; openness; VSC balance,householder; disproportionate-extension; grey-belt-householder-route; unmet-need-evidence-fail; vsc-not-shown; openness-harm; neutral-no-harm; no-consultation-new-framework; appeal-planning-officer,https://planningdistilled.org/research/england/nppf-navigator/decisions/PINS-6008745.html
PINS-6008813,"17 Willow Court, Pool in Wharfedale (rear dormer with solar panels)",Leeds,Yorkshire and the Humber,inspector,6008813,26/01083/FU,2026-09-04,dismissed,householder,Loft conversion with large flat-roofed rear dormer and roof-mounted solar panels,householder,,conservation-area; inside-settlement,false,n/a,,2026-08,HE6(3); HE6(4); W3,character and appearance of CA,householder; conservation-area; heritage-harm-decisive; w3-small-scale-renewables; private-benefit-not-public; transitional-no-consultation,https://planningdistilled.org/research/england/nppf-navigator/decisions/PINS-6008813.html
PINS-6008903,"5 Blandford Road South, Slough",Slough,South East,inspector,6008903,P/20265/004,2026-09-04,allowed,householder,Appeal against conditions 6 (no subdivision/HMO) and 9 (removal of Class B and E PD rights) on householder extensions permission,householder,,inside-settlement,false,n/a,,2026-08,DM6(2)(c); DM6(1),necessity of PD/HMO restriction conditions,tier-2; condition-appeal; pd-rights-removal; hmo; transitional-no-consultation; costs-application,https://planningdistilled.org/research/england/nppf-navigator/decisions/PINS-6008903.html
PINS-6009260,"2 Island Cottages, Stanwell Road, Horton",Windsor and Maidenhead,South East,inspector,6009260,25/03424/FULL,2026-09-04,dismissed,householder,"Front gable, front/side and rear/side extensions, raised ridge, six dormers with Juliet balconies to a 1960s semi-detached bungalow",householder,,green-belt; flood-zone-3,true,not-argued,,2026-08,GB7(1)(b); GB6(2); DP3; F4,inappropriate development; openness; design; flood risk; VSC,disproportionate-extension; householder; vsc-not-shown; openness-harm; flood-risk; design-refusal; transitional-no-consultation,https://planningdistilled.org/research/england/nppf-navigator/decisions/PINS-6009260.html
PINS-6009718,"Vyners Estate, Mill Lane, Tidmarsh",West Berkshire,South East,inspector,6009718,25/02270/OUT,2026-09-04,dismissed,written-representations,Outline for 3 dwellings (access only) on a commercial vehicle storage site,housing-minor,3,open-countryside; national-landscape; listed-building-setting; flood-zone-2; flood-zone-3; rural-lane,false,n/a,,2026-08,S5(3); HO11; HE6; F5; F7; F8,countryside location; accessibility; heritage setting; highway safety; flood risk; drainage; climate change; character; contamination,isolated-home; s5-3-isolated; sustainable-location-fail; rural-lane-no-footway; heritage-harm-decisive; flood-risk; national-landscape; pdl; parties-consulted-on-2026-framework; small-scheme,https://planningdistilled.org/research/england/nppf-navigator/decisions/PINS-6009718.html
PINS-6009886,"13 Harewood Road, South Croydon",Croydon,London,inspector,6009886,25/04001/FUL,2026-09-04,dismissed,written-representations,"Three-storey block of flats and two detached houses (net gain 6 dwellings), access, parking and landscaping",housing-minor,6,inside-settlement,false,n/a,,2026-08,TR6(4); S4(2)(c); S4,character and appearance; safe and inclusive layout and access; planning obligations,s4-within-settlement; s4-substantially-outweighed; s4-2-c-refusal-policy; highway-safety; inclusive-design; parties-consulted-on-2026-framework; small-scheme,https://planningdistilled.org/research/england/nppf-navigator/decisions/PINS-6009886.html
PINS-6010226,"A1 London Retail Park, Biggleswade",Central Bedfordshire,East of England,inspector,6010226,CB/26/00286/FULL,2026-09-04,allowed,written-representations,"Electrical infrastructure (chargers, cabinets, substation) for EV charging hub in retail park car park, removal of one TPO tree",infrastructure; commercial,,inside-settlement; TPO,false,n/a,,2026-08,N3; N2,character and appearance; protected trees,tier-2; ev-charging; tpo-tree-loss; transitional-no-consultation,https://planningdistilled.org/research/england/nppf-navigator/decisions/PINS-6010226.html
PINS-6010313,"Branford Wells (1-5 South View Barns), Brickhouse Lane, Newchapel",Tandridge,South East,inspector,6010313,TA/2025/1413,2026-09-04,dismissed,written-representations,Conversion of agricultural building to five dwellings with parking and landscaping,housing-minor; conversion,5,green-belt; open-countryside; rural-lane; listed-building-setting,true,accepted,1.97,2026-08,GB7(1)(g)(iii); TR3; GB6(2); HE6,grey belt; sustainable location; openness; heritage; character; living conditions; VSC balance,grey-belt-accepted; sustainable-location-fail; rural-lane-no-footway; small-scheme; vsc-not-shown; openness-harm; heritage-harm-decisive; housing-shortfall; fallback; neutral-no-harm; gb7-1-b-reuse,https://planningdistilled.org/research/england/nppf-navigator/decisions/PINS-6010313.html
PINS-6010315,"Land rear of The Green Man, Clophill (1 dwelling)",Central Bedfordshire,East of England,inspector,6010315,CB/26/00472/FULL,2026-09-04,allowed,written-representations,"Detached dwelling on the former pub car park, replacing an implemented permission for a dwelling",housing-minor,1,inside-settlement; conservation-area; listed-building-setting,false,n/a,,2026-08,HE4; HE6,heritage setting; neighbour privacy; future occupiers living conditions,fallback; conservation-area; heritage-no-harm; tier-2,https://planningdistilled.org/research/england/nppf-navigator/decisions/PINS-6010315.html
PINS-6010416,"Stonewood, Almshouse Hill, Bramham",Leeds,Yorkshire and the Humber,inspector,6010416,26/01387/FU,2026-09-04,dismissed,written-representations,"Change of use of land to garden, first-floor and single-storey side extensions, balcony, parking, gabions",householder; change-of-use,,inside-settlement; conservation-area; listed-building-setting; TPO,false,n/a,,2026-08,HE6; S4(1),heritage and character; highway safety; BNG,tier-2; s4-within-settlement; s4-substantially-outweighed; heritage-harm-decisive; conservation-area; bng-exemption-not-shown; householder; transitional-no-consultation,https://planningdistilled.org/research/england/nppf-navigator/decisions/PINS-6010416.html
PINS-6010492,"65A Brookhill Road, Barnet (first-floor rear extension)",Barnet,London,inspector,6010492,26/0793/FUL,2026-09-04,allowed,written-representations,First-floor rear extension (flat); corrected decision under s56(2) PCPA 2004 superseding one of 19 Aug 2026,householder,,inside-settlement,false,n/a,,not-cited,Barnet Local Plan CDH01,neighbour living conditions,householder; spd-flexibility; correction-notice; tier-2,https://planningdistilled.org/research/england/nppf-navigator/decisions/PINS-6010492.html
PINS-6010822,"Land adjacent to 115 Loampit Vale, Lewisham",Lewisham,London,inspector,6010822,DC/25/141630,2026-09-04,dismissed,written-representations,Four-storey infill building with 9 purpose-built student bedrooms,specialist-housing,,inside-settlement,false,n/a,,2026-08,DP3(1); DP3(2)(g); N2; S4(1),character; neighbour living conditions; PBSA policy; BNG; parking; contamination,tier-2; s4-within-settlement; s4-substantially-outweighed; design-refusal; student-accommodation; bng-exemption-not-shown; 5yhls-shown; parties-consulted-on-2026-framework,https://planningdistilled.org/research/england/nppf-navigator/decisions/PINS-6010822.html
PINS-6010844,"Footpath outside 366 Gray's Inn Road, Camden (BT Street Hub)",Camden,London,inspector,6010844,2025/5871/P,2026-09-04,dismissed,written-representations,BT Street Hub with digital advertisement panels (Appeal A 6010844 planning; Appeal B 6010845 advertisement),telecoms; advertisement,,inside-settlement; conservation-area; listed-building-setting,false,n/a,,2024-12 (transitional),HE6(4); P5,heritage and character; community safety; pedestrian safety,street-hub; telecoms; advertisement; transitional; old-heritage-wording; conservation-area; heritage-harm-decisive; public-benefits-unevidenced; crime-and-safety,https://planningdistilled.org/research/england/nppf-navigator/decisions/PINS-6010844.html
PINS-6011027,"The Rising Rest Home, Primrose Lane, Simmondley, Glossop",High Peak,East Midlands,inspector,6011027,HPK/2025/0423,2026-09-04,dismissed,written-representations,"Single storey side extension to residential care home (communal, sanitary and office space)",specialist-housing,,inside-settlement,false,n/a,,2026-08,DP3(1),character and appearance,tier-2; design-refusal; dp3-3-not-applied-as-refusal; care-home; transitional-no-consultation,https://planningdistilled.org/research/england/nppf-navigator/decisions/PINS-6011027.html
PINS-6011692,"Little Paddock, Lycrome Road, Chesham",Buckinghamshire,South East,inspector,6011692,PL/26/02342/FA,2026-09-04,dismissed,householder,Single-storey front extension (garage linked by covered canopy),householder,,green-belt,true,not-argued,,2026-08,GB7(1)(b); GB6(2),inappropriate development; openness; VSC,disproportionate-extension; householder; vsc-not-shown; openness-harm; transitional-no-consultation; absence-of-harm-neutral,https://planningdistilled.org/research/england/nppf-navigator/decisions/PINS-6011692.html
wychavon-W-26-01447-FUL,"Duffledown Farm, Wyre Piddle Bypass, Upper Moor (site manager's dwelling, retrospective)",Wychavon,West Midlands,lpa-delegated,,W/26/01447/FUL,2026-09-04,refused,delegated,"Retention and completion of a self-built manager's dwelling on a traveller site, said to replace a former straw-bale dwelling",housing-minor; replacement-dwelling; travellers,1,open-countryside,false,n/a,,2026-08,S5(1)(c); S5(1)(d); S5(1)(g); S5(4),S5(1)(c) replacement lawfulness; open countryside,s5-1-c-reuse; retrospective; small-scheme; lawfulness-evidence,https://planningdistilled.org/research/england/nppf-navigator/decisions/wychavon-W-26-01447-FUL.html
APP-T2350-C-25-3374492,"Raja Farm, Whalley Old Road, Langho",Ribble Valley,North West,inspector,APP/T2350/C/25/3374492,,2026-09-03,dismissed,written-representations,Enforcement appeal (ground (a)): timber building claimed for agriculture (poultry/tractor store) and a CCTV pole with solar panel; access barred under s174(2A),enforcement; agricultural,,green-belt; open-countryside,true,not-argued,,2026-08,GB6(2); GB7(1)(a),inappropriate development; agricultural exception; character and appearance; VSC,vsc-not-shown; enforcement-ground-a; agricultural-building-exception; transitional-no-consultation; openness-harm,https://planningdistilled.org/research/england/nppf-navigator/decisions/APP-T2350-C-25-3374492.html
northherts-25-02064-OP,"Land adjacent to 10 Hambridge Way, Pirton",North Hertfordshire,East of England,lpa-committee,,25/02064/OP,2026-09-03,approved,committee,"Outline, up to 50 dwellings (20 affordable, 40%), access only",housing-major,50,open-countryside; settlement-edge,false,n/a,2.6,2026-08,S5(1)(j)(i); S5(2); HO7; TR6,S5(1)(j); neighbourhood plan conflict; noise/agent of change,s5-1-j; substantially-outweighed; neighbourhood-plan-conflict; open-countryside; housing-shortfall; village-edge,https://planningdistilled.org/research/england/nppf-navigator/decisions/northherts-25-02064-OP.html
PINS-6003086,"Turnpike Lane near Green Lanes junction, Haringey (BT Street Hub)",Haringey,London,inspector,6003086,HGY/2025/2365,2026-09-03,dismissed,written-representations,"BT Street Hub 3 unit (about 3 m high, 1.2 m wide) with two 75-inch digital advertising screens (linked advertisement appeal 6003076, ref HGY/2025/2426)",telecoms; advertisement,,inside-settlement; near-station,false,n/a,,2026-08,DP3; S4(2)(c); S3,character and appearance / visual amenity; highway safety,telecoms; street-hub; co1-substantial-weight; dp3-refuse-trigger; s4-2-c; substantially-outweighed; design-refusal,https://planningdistilled.org/research/england/nppf-navigator/decisions/PINS-6003086.html
PINS-6004528,"Malthouse Mews, Brew House Lane, Hartley Wintney",Hart,South East,inspector,6004528,25/01106/AMCON,2026-09-03,dismissed,written-representations,s73 removal of condition requiring a private refuse collection strategy for 8 dwellings,other,8,inside-settlement,false,n/a,,not-cited,TR4(1)(d),refuse servicing,tier-2; conditions; refuse-collection; framework-not-cited,https://planningdistilled.org/research/england/nppf-navigator/decisions/PINS-6004528.html
PINS-6005649,"Mill House, Cryers Hill Road, Cryers Hill",Buckinghamshire,South East,inspector,6005649,PL/25/2357/FA,2026-09-03,allowed,written-representations,Demolition of side extension and conservatory; single-storey rear and side extensions (non-determination appeal),householder,,green-belt; national-landscape,true,n/a,,2026-08,GB7(1)(b),inappropriate development,not-inappropriate; disproportionate-extension; volume-neutral-replacement; original-building-baseline; transitional-no-consultation; householder; non-determination,https://planningdistilled.org/research/england/nppf-navigator/decisions/PINS-6005649.html
PINS-6005976,"Redlands, Main Road, Woolsington",Newcastle upon Tyne,North East,inspector,6005976,2025/1277/01/DET,2026-09-03,dismissed,written-representations,"Extensions to dwelling, three-storey ancillary annex, garage block and landscaping, with garden extended into woodland and paddock (retrospective)",householder,,green-belt; open-countryside,true,accepted,,2026-08,GB6(2); GB7(1)(g)(ii); GB7(1)(b),inappropriate development; openness; character; ecology; VSC,grey-belt-accepted; unmet-need-not-evidenced; disproportionate-extension; openness-harm; vsc-not-shown; annex; fallback; retrospective; openness-vs-character-distinct,https://planningdistilled.org/research/england/nppf-navigator/decisions/PINS-6005976.html
PINS-6006128,"Land at Former Ashfield Works, Westgate, Otley",Leeds,Yorkshire and the Humber,inspector,6006128,25/04310/FU,2026-09-03,allowed,hearing,"29 retirement apartments with communal facilities, parking and landscaping, plus a detached open-market cottage",housing-major; specialist-housing,30,inside-settlement; conservation-area; PDL,false,n/a,,2026-08,S4; HO7; HO1; L2(1)(b),future occupiers' outdoor amenity space; character and appearance; Otley Conservation Area,s4-within-settlement; specialist-housing-older; ho7-ho1-older-people; parties-consulted-on-2026-framework; town-centre; conservation-area; heritage-enhancement; amenity-conflict-outweighed; s38-6-material-considerations; drafting-slip,https://planningdistilled.org/research/england/nppf-navigator/decisions/PINS-6006128.html
PINS-6007231,"Chorley Road, Burntwood (agricultural field access)",Lichfield,West Midlands,inspector,6007231,25/01496/FUL,2026-09-03,dismissed,written-representations,Partly retrospective new vehicular access to serve an approved agricultural building,agricultural; other,,settlement-edge,false,n/a,,2026-08,Lichfield LPS Core Policy 5; Lichfield LPS ST1,highway safety; biodiversity,tier-2; highway-safety; transitional-no-consultation,https://planningdistilled.org/research/england/nppf-navigator/decisions/PINS-6007231.html
PINS-6007287,"Great Meadow Barn, Copes Farm, Great Kingshill (agricultural store)",Buckinghamshire,South East,inspector,6007287,PL/25/3313/FA,2026-09-03,dismissed,written-representations,Storage building for agricultural/land management equipment with roof-mounted solar panels,agricultural,,green-belt; national-landscape; listed-building-setting; open-countryside,true,n/a,,2026-08,GB7(1)(a); HE4; HE6; N4; N2,inappropriate development; heritage setting; National Landscape; biodiversity,agricultural-building-a-limb; heritage-harm-decisive; national-landscape; protected-species-surveys; old-wording-slip; transitional-no-consultation,https://planningdistilled.org/research/england/nppf-navigator/decisions/PINS-6007287.html
PINS-6007662,"Hazley, Holme Road, Ramsey St Mary's (barn extension workshop)",Huntingdonshire,East of England,inspector,6007662,25/01320/FUL,2026-09-03,dismissed,written-representations,Large extension to an existing barn forming a hobby workshop and storage beside a countryside dwelling,householder; other,,open-countryside,false,n/a,,2026-08,DP3,character,tier-2; design-refusal; open-countryside; transitional-no-consultation,https://planningdistilled.org/research/england/nppf-navigator/decisions/PINS-6007662.html
PINS-6007779,"31A The Avenue, Poole (replacement house with 8 flats)","Bournemouth, Christchurch and Poole",South West,inspector,6007779,P/25/01216/FUL,2026-09-03,dismissed,written-representations,Demolition of a 1990s house and erection of a 3-storey plus basement building of 8 apartments (net 7) in a verdant plot beside The Avenue Conservation Area,housing-minor; replacement-dwelling,8,inside-settlement; conservation-area; TPO,false,n/a,2.55,2026-08,S4; L2(1)(d)(i); HE6(4); N3,character and CA setting; protected trees; biodiversity; housing supply,housing-shortfall; heritage-harm-decisive; trees-tpo; evidence-gap; fallback; old-wording-slip; parties-consulted-on-2026-framework,https://planningdistilled.org/research/england/nppf-navigator/decisions/PINS-6007779.html
PINS-6007869,"Wild Flowers, Wrens Hill, Oxshott",Elmbridge,South East,inspector,6007869,2025/3383,2026-09-03,allowed,written-representations,"One detached chalet bungalow and a pair of semi-detached houses in the garden of Wild Flowers, with access and landscaping",housing-minor,3,inside-settlement; TPO,false,n/a,0.9,2026-08,L2(1)(d)(ii),living conditions of future occupiers (daylight/sunlight),tier-2; living-conditions; transitional-no-consultation; housing-shortfall; small-scheme; garden-land; costs-application,https://planningdistilled.org/research/england/nppf-navigator/decisions/PINS-6007869.html
PINS-6007907,"9 Vinery Grove, Richmond Hill, Leeds (C3 to 3-bed HMO)",Leeds,Yorkshire and the Humber,inspector,6007907,26/00140/FUL,2026-09-03,allowed,written-representations,Change of use from dwellinghouse (C3) to 3-bed HMO (C4) with new basement window,change-of-use; housing-minor,,inside-settlement,false,n/a,,2026-08,DM6,living conditions of future occupiers; cycle storage,tier-2; hmo; living-conditions; transitional-no-consultation; amended-plans-accepted,https://planningdistilled.org/research/england/nppf-navigator/decisions/PINS-6007907.html
PINS-6008022,"11 Kingswood Avenue, Hitchin",North Hertfordshire,East of England,inspector,6008022,26/00109/FP,2026-09-03,allowed,written-representations,Replacement of semi-detached house with a detached self-build house,replacement-dwelling; self-build,1,inside-settlement,false,n/a,,2026-08,S3(1)(c); DP3,character and appearance; BNG self-build exemption,tier-2; s3-1-c-accord; self-build; bng-self-build-exemption; parties-consulted-on-2026-framework,https://planningdistilled.org/research/england/nppf-navigator/decisions/PINS-6008022.html
PINS-6008062,"Land north of Helm Lane, Mill Bank, Sowerby Bridge (rural worker dwelling)",Calderdale,Yorkshire and the Humber,inspector,6008062,25/00736/FUL,2026-09-03,dismissed,written-representations,Temporary rural worker's dwelling on a smallholding,housing-minor; agricultural,1,green-belt; open-countryside; isolated; rural-lane,true,not-argued,,2026-08,GB6(1); GB6(2); HO11(1)(a); TR3,inappropriate development; openness; suitable location; rural worker need; highway safety; drainage; VSC,rural-worker-dwelling; ho11; isolated-home; openness-harm; vsc-not-shown; sustainable-location-fail,https://planningdistilled.org/research/england/nppf-navigator/decisions/PINS-6008062.html
PINS-6008234,"Landfall Annexe, Chilworth Road, Chilworth (annexe to separate dwelling)",Test Valley,South East,inspector,6008234,25/02952/FULLS,2026-09-03,dismissed,written-representations,Existing annexe to become a separate dwelling,housing-minor; conversion,1,inside-settlement,false,n/a,,2026-08,s38(6); DP3,character and appearance; parking and access,tier-2; plan-led; character-harm; parties-consulted-on-2026-framework; small-scheme,https://planningdistilled.org/research/england/nppf-navigator/decisions/PINS-6008234.html
PINS-6008739,"Orchard View, Gallows Green Road, Great Easton",Uttlesford,East of England,inspector,6008739,UTT/25/3095/FUL,2026-09-03,dismissed,written-representations,Self-build dwelling in the side curtilage of Orchard View at the end of a hamlet,housing-minor; self-build,1,open-countryside; rural-lane; listed-building-setting,false,n/a,4.77,2026-08,S5(1)(e); S5(1)(j); S5(4); DP3(3); TR3,suitable location; character and appearance,s5-1-e-infill; s5-1-j; s5-4-exceptional; sustainable-location-fail; rural-lane-no-footway; housing-shortfall; self-build-unsecured; design-refusal; small-scheme; parties-consulted-on-2026-framework,https://planningdistilled.org/research/england/nppf-navigator/decisions/PINS-6008739.html
PINS-6009149,"15 Stanfield Road, Bournemouth",Bournemouth Christchurch and Poole,South West,inspector,6009149,P/25/05300/FUL,2026-09-03,dismissed,written-representations,"Change of use from C4 HMO to 8-bed sui generis HMO with side dormers, rear roof extension and rear extension",change-of-use,,inside-settlement,false,n/a,,2026-08,Bournemouth CS41; BNG statutory condition,character and appearance; BNG; neighbour amenity,tier-2; hmo; bng-exemption-not-shown; roof-dormers; transitional-no-consultation; costs-application,https://planningdistilled.org/research/england/nppf-navigator/decisions/PINS-6009149.html
PINS-6009367,"Carlow House Barn, Woodman Lane, Cowan Bridge",Lancaster,North West,inspector,6009367,26/00093/FUL,2026-09-03,allowed,written-representations,Change of use of detached studio/office building to a dwelling,housing-minor; conversion; change-of-use,1,open-countryside; listed-building-setting,false,n/a,,2026-08,S5(1)(c); S5(1),suitability of location for housing,s5-1-c-reuse; s5-5-balance; substantially-outweighed; housing-shortfall; parties-consulted-on-2026-framework; material-considerations-outweigh-plan; small-scheme,https://planningdistilled.org/research/england/nppf-navigator/decisions/PINS-6009367.html
PINS-6009762,"Flat 4, 3 Grimston Avenue, Folkestone (uPVC replacement windows in conservation area)",Folkestone and Hythe,South East,inspector,6009762,25/1555/FH,2026-09-03,allowed,written-representations,Replacement of 9 timber windows (4 retrospective) with uPVC at second floor and attic,householder,,inside-settlement; conservation-area,false,n/a,,2026-08,HE9,conservation area,tier-2; conservation-area; upvc-windows; heritage-no-harm; appeal-planning-officer; transitional-no-consultation; drafting-slip,https://planningdistilled.org/research/england/nppf-navigator/decisions/PINS-6009762.html
PINS-6009817,"Woodside Equestrian Centre, Forest Road, Colgate (parking and storage containers)",Horsham,South East,inspector,6009817,DC/26/0206,2026-09-03,dismissed,written-representations,Retention of top-surfaced hardcore parking area and re-siting of lorry storage containers let to local trades at an equestrian centre (part retrospective),equestrian; commercial; change-of-use,,open-countryside; national-landscape; rural-lane,false,n/a,,2026-08,S5(1)(b); S5(4); E4; N4,suitable location; National Landscape,rural-business-not-necessary; national-landscape; cross-subsidy-rejected; s5-4-exceptional; retrospective; small-scheme,https://planningdistilled.org/research/england/nppf-navigator/decisions/PINS-6009817.html
PINS-6010507,"14-16 Lingwood Road, Hackney",Hackney,London,inspector,6010507,2026/0155,2026-09-03,dismissed,householder,Joint first floor rear extension to two terraced houses,householder,,inside-settlement,false,n/a,,2026-08,s38(6),character and appearance,tier-2; householder; design-refusal; appeal-planning-officer; transitional-no-consultation; limited-nppf-engagement,https://planningdistilled.org/research/england/nppf-navigator/decisions/PINS-6010507.html
PINS-6010739,"St Barnabas Church, St Barnabas Close, Hereford (church to 52-bed care home)",Herefordshire,West Midlands,inspector,6010739,251696,2026-09-03,allowed,written-representations,Demolition of redundant church and erection of 52-bed care facility on three floors with parking,specialist-housing; change-of-use,,inside-settlement; listed-building-setting,false,n/a,3.11,2026-08,HC6(1)(c); HC6(2); S4; S4(2)(a)(i); L2(1)(b); HO7; HO9(1)(a)(i),loss of community facility; living conditions,community-facility; place-of-worship; hc6-alternative-provision; s4-approve; care-home; no-5yhls; amenity-harm-outweighed; parties-consulted-on-2026-framework,https://planningdistilled.org/research/england/nppf-navigator/decisions/PINS-6010739.html
PINS-6010808,"Footpath outside 1a Colman House, High Street, Penge (BT Street Hub)",Bromley,London,inspector,6010808,26/00372/FPA,2026-09-03,allowed,written-representations,"BT Street Hub replacing phone kiosk, with two digital advertisement panels (Appeal A 6010808 planning; Appeal B 6010810 advertisement)",telecoms; advertisement,,inside-settlement,false,n/a,,2026-08,DM6,character and appearance,tier-2; street-hub; telecoms; advertisement; parties-consulted-on-2026-framework,https://planningdistilled.org/research/england/nppf-navigator/decisions/PINS-6010808.html
PINS-6010832,"124 Bexley Road, Erith (7-person HMO)",Bexley,London,inspector,6010832,26/00587/FUL,2026-09-03,dismissed,written-representations,Roof enlargement and change of use from dwelling to 7-person sui generis HMO,change-of-use,,inside-settlement,false,n/a,,not-cited,Bexley LP DP11,neighbour noise and disturbance,hmo; fallback; tier-2,https://planningdistilled.org/research/england/nppf-navigator/decisions/PINS-6010832.html
PINS-6010865,"Land in front of 25 Market Place, Cannock (BT Street Hub)",Cannock Chase,West Midlands,inspector,6010865,CH/26/070,2026-09-03,dismissed,written-representations,"Global street hub with advertisements, replacing two kiosks (linked advert appeal 6010866)",telecoms; advertisement,,inside-settlement; conservation-area,false,n/a,,2026-08,HE6(4),conservation area character; advert amenity,telecoms; street-hub; transitional-no-consultation; heritage-harm-decisive; tier-2,https://planningdistilled.org/research/england/nppf-navigator/decisions/PINS-6010865.html
PINS-6010896,"158-160 High Street, Orpington",Bromley,London,inspector,6010896,22/04951/FULL1,2026-09-03,allowed,written-representations,Retrospective first-floor rear infill extension and roof-mounted condenser units to supermarket,commercial; retail,,inside-settlement,false,n/a,,2026-08,P3(2)(b),outlook of neighbours,tier-2; retrospective; limited-nppf-engagement,https://planningdistilled.org/research/england/nppf-navigator/decisions/PINS-6010896.html
PINS-6011388,"1 Broomwood Road, Orpington",Bromley,London,inspector,6011388,25/03584/FPA,2026-09-03,allowed,written-representations,"Change of use to 8-bedroom HMO (sui generis) from existing 6-person shared house, hardstanding, cycle and refuse storage",change-of-use,,inside-settlement,false,n/a,,not-cited,s38(6),character of area; neighbour noise and disturbance,tier-2; hmo; living-conditions; no-framework-reference,https://planningdistilled.org/research/england/nppf-navigator/decisions/PINS-6011388.html
PINS-6011471,"3 High Street, South Norwood, Croydon",Croydon,London,inspector,6011471,25/02346/FUL,2026-09-03,dismissed,written-representations,"First and second floor rear extension with rear dormer to create 2 one-bed flats, plus detached pharmacy storage outbuilding",housing-minor,2,inside-settlement; conservation-area,false,n/a,,2026-08,HE6(4); P3(2)(b); TR6(4),conservation area; living conditions; parking and highway safety,conservation-area; old-heritage-wording; old-wording-slip; transitional-no-consultation; small-scheme; heritage-harm-decisive,https://planningdistilled.org/research/england/nppf-navigator/decisions/PINS-6011471.html
PINS-6012775,"Flat 3, 49 Madeira Park, Royal Tunbridge Wells (uPVC replacement windows)",Tunbridge Wells,South East,inspector,6012775,26/00832/FULL,2026-09-03,split,written-representations,Retrospective replacement of two first-floor timber windows with uPVC double glazing in a flat in a conservation area,householder,,inside-settlement; conservation-area,false,n/a,,2026-08,HE6; CC2(2),conservation area character,split-decision; energy-efficiency; cc2-substantial-weight; heritage-harm-decisive; conservation-area; retrospective; substantially-outweighed,https://planningdistilled.org/research/england/nppf-navigator/decisions/PINS-6012775.html
stratford-26-01458-FUL,"The Barn, Tithe Barn Lane, Earlswood (Hockley Heath)",Stratford-on-Avon,West Midlands,lpa-delegated,,26/01458/FUL,2026-09-03,approved,delegated,Demolition of an agricultural barn and erection of one self-build dwelling with detached garage (following PIP 25/02256/PIP),housing-minor; self-build,1,green-belt; washed-over-village; settlement-edge; valued-landscape,true,accepted,2.21,2026-08,GB7(1)(g); S5(5),grey belt; sustainable location; landscape; self-build,grey-belt-accepted; sustainable-location-pass; not-inappropriate; s5-5-balance; self-build; buab-equals-sustainable; substantial-harm-still-approved; materially-inconsistent-very-limited-weight; small-scheme; stratford-relevant,https://planningdistilled.org/research/england/nppf-navigator/decisions/stratford-26-01458-FUL.html
APP-B1550-C-25-3372995,"Limehouse Nursery, The Drive, Rayleigh",Rochford,East of England,inspector,APP/B1550/C/25/3372995,,2026-09-02,dismissed,inquiry,Enforcement appeals (A: ground (a) deemed application; B linked APP/B1550/C/25/3375598): 47 shipping containers for private rented self-storage on former caravan-storage land,enforcement; commercial,,green-belt; PDL; settlement-edge,true,accepted,,2026-08,GB7(1)(e); GB7(1)(g)(ii); DP3; P3; S5(5),whether containers are buildings; inappropriate development; character and appearance; living conditions,not-inappropriate; pdl-e-limb; grey-belt-accepted; unmet-need-type-specific; enforcement-ground-a; design-refusal; s5-5-balance; substantially-outweighed; costs-refused; parties-consulted-on-2026-framework,https://planningdistilled.org/research/england/nppf-navigator/decisions/APP-B1550-C-25-3372995.html
bathnes-25-03592-FUL,"Former Bath Press premises (western end), Lower Bristol Road, Bath",Bath and North East Somerset,South West,lpa-committee,,25/03592/FUL,2026-09-02,approved,committee,Residential-led redevelopment with flexible Class E floorspace (replacing 2016 permission for 103 homes),housing-major,,inside-settlement; PDL; near-station; flood-zone-3,false,n/a,2.5,2026-08,S4; HO7; L2; L3(2)(c); L3(3),density; connectivity; affordable viability; employment loss,connectivity-tool; within-settlement-s4; density-l3; well-connected-station; brownfield; housing-shortfall,https://planningdistilled.org/research/england/nppf-navigator/decisions/bathnes-25-03592-FUL.html
bathnes-25-04952-EOUT,"Parcel 0014, Charlton Road, Keynsham",Bath and North East Somerset,South West,lpa-committee,,25/04952/EOUT,2026-09-02,approved,committee,"Outline (EIA), up to 200 dwellings, Class E unit, open space, landscaping; access from Charlton Road",housing-major; affordable-led,200,green-belt; settlement-edge; conservation-area,true,accepted,2.5,2026-08,GB7(1)(g); GB8; S5(5); TR3; DM4,grey belt; sustainable location; Golden Rules; S5(5) balance; prematurity,grey-belt-accepted; sustainable-location-pass; golden-rules; not-inappropriate; s5-5-balance; housing-shortfall; affordable-led; large-scheme; connectivity-tool; prematurity-rejected; consultation-direction-2026; split-vote,https://planningdistilled.org/research/england/nppf-navigator/decisions/bathnes-25-04952-EOUT.html
bathnes-25-04961-FUL,"Site of Old Gas Works, Upper Bristol Road, Lower Weston, Bath (co-living)",Bath and North East Somerset,South West,lpa-committee,,25/04961/FUL,2026-09-02,refused,committee,"Up to 272 co-living studios (sui generis) with communal facilities, after demolition of commercial buildings",housing-major; specialist-housing,151,inside-settlement; PDL; conservation-area; flood-zone-2,false,n/a,2.5,2026-08,S4; DP3; HO9; L2,design/height; co-living HO9; S4 balance; member overturn,overturned-officer-rec; co-living; within-settlement-s4; design-refusal; consultation-direction-2026; brownfield; housing-shortfall; split-vote,https://planningdistilled.org/research/england/nppf-navigator/decisions/bathnes-25-04961-FUL.html
bathnes-26-00259-FUL,"Land next to Bathampton Junction, Station Road, Bathampton (padel centre)",Bath and North East Somerset,South West,lpa-committee,,26/00259/FUL,2026-09-02,approved,committee,"Change of use of redundant commercial (former railway) site to sports facility; 5 padel courts with canopies, pavilion, 25 parking spaces",leisure; change-of-use,,green-belt; national-landscape; PDL; settlement-edge,true,accepted,,2026-08,GB7(1)(g); TR3; N4,grey belt for non-housing use; unmet need evidence; sustainable location; amenity/noise,grey-belt-accepted; not-inappropriate; non-housing-grey-belt; unmet-need-from-representations; sustainable-location-pass; outdoor-recreation-facilities; split-vote,https://planningdistilled.org/research/england/nppf-navigator/decisions/bathnes-26-00259-FUL.html
maldon-26-00018-FULM,"Land west of Edmond Street, Newman Drive and Benson Close, Burnham-on-Crouch",Maldon,East of England,lpa-committee,,26/00018/FULM,2026-09-02,approved,committee,"Hybrid — full permission for 170 dwellings, outline for up to 190 dwellings (40% affordable), retention of employment land, open space, bridleway",housing-major,360,open-countryside; settlement-edge,false,n/a,4.1,2026-08,S5(1)(j)(i); S3; TR3; HO7,S5(1)(j); landscape; highways phasing,s5-1-j; substantially-outweighed; open-countryside; housing-shortfall; large-scheme; allocation-extension,https://planningdistilled.org/research/england/nppf-navigator/decisions/maldon-26-00018-FULM.html
maldon-26-00066-OUTM,"Land rear of 6-108 Mell Road, Tollesbury",Maldon,East of England,lpa-committee,,26/00066/OUTM,2026-09-02,approved,committee,"Outline, up to 149 dwellings (40% affordable), 5.19 ha open space incl. 3 ha SANG, access from Mell Road",housing-major,149,open-countryside; settlement-edge; listed-building-setting,false,n/a,4.1,2026-08,S3(2); S4; S5(1)(j)(i); TR3; HE6,S5(1)(j); part-inside/part-outside settlement S3(2); sustainable location of larger village; cumulative impact,s5-1-j; substantially-outweighed; open-countryside; housing-shortfall; large-scheme; non-determination; connectivity-tool; split-vote; s3-2-split-site; village-bus-no-evenings,https://planningdistilled.org/research/england/nppf-navigator/decisions/maldon-26-00066-OUTM.html
malvern-M-26-00885-FUL,"Land at OS 7833 5108, Leigh Sinton (community centre and pitches)",Malvern Hills,West Midlands,lpa-committee,,M/26/00885/FUL,2026-09-02,approved,committee,"Community centre, 65-space car park, three grass football pitches, MUGA, outdoor gym and attenuation pond on 5.5 ha",leisure; other,,open-countryside; settlement-edge,false,n/a,,2026-08,S5(1)(a),principle outside development boundary; recreation need; highways,community-facility; outdoor-recreation-facilities; old-wording-slip; council-own-application; officer-rec-followed,https://planningdistilled.org/research/england/nppf-navigator/decisions/malvern-M-26-00885-FUL.html
PINS-6005963,"Land adjacent to 82 Smithy Lane, Aughton",West Lancashire,North West,inspector,6005963,2025/0608/PNC,2026-09-02,allowed,written-representations,"Class Q prior approval, conversion of agricultural buildings to 5 dwellings",conversion; housing-minor; agricultural,5,open-countryside; green-belt,true,n/a,,2026-08,P3,Class Q siting; design,tier-2; class-q; prior-approval; garden-size,https://planningdistilled.org/research/england/nppf-navigator/decisions/PINS-6005963.html
PINS-6005980,"6 Bacon's Lane, Highgate (garden studio at Grade II Manasseh house)",Camden,London,inspector,6005980,2025/4935/P,2026-09-02,dismissed,written-representations,"Demolition of two garden sheds and erection of a pyramid-roofed garden studio incorporating a historic boundary wall, at a Grade II listed 1950s New Brutalist house (Appeal A; linked LBC Appeal B 6005981)",householder; listed-building-consent,,inside-settlement; conservation-area; listed-building-setting,false,n/a,,2026-08,HE4(2); HE6(1); HE6(3); HE6(4),listed building and setting; conservation area; public benefits,listed-building; heritage-harm-decisive; parties-consulted-on-2026-framework; he6-harm-graded; he6-public-benefits-insufficient; alternatives-not-explored,https://planningdistilled.org/research/england/nppf-navigator/decisions/PINS-6005980.html
PINS-6005981,"6 Bacon's Lane, Highgate (listed building consent, garden studio)",Camden,London,inspector,6005981,2025/5133/L,2026-09-02,dismissed,written-representations,"Listed building consent for demolition of sheds and a pyramid-roofed garden studio incorporating a historic boundary wall, at a Grade II listed 1950s house (Appeal B; planning Appeal A is PINS-6005980)",listed-building-consent; householder,,inside-settlement; conservation-area; listed-building-setting,false,n/a,,2026-08,HE4(2); HE6(3); HE6(4),special interest of the listed building; conservation area,tier-2; listed-building-consent; heritage-harm-decisive; he6-harm-graded; he6-public-benefits-insufficient; parties-consulted-on-2026-framework; linked-appeals,https://planningdistilled.org/research/england/nppf-navigator/decisions/PINS-6005981.html
PINS-6007526,"Mulberry Interiors, 8 Church Hill, Loughton",Epping Forest,East of England,inspector,6007526,EPF/2305/25,2026-09-02,dismissed,written-representations,"Detached dwelling in rear garden behind shop and flat, with shopfront alterations and merger of two commercial units",housing-minor,1,inside-settlement; conservation-area; listed-building-setting; garden-land,false,n/a,,2026-08,S4; L2(1)(d)(ii); DP3,character and appearance; future occupier living conditions,l2-1-d; l2-plot-intensification; backland; garden-infill; living-conditions; s4-substantially-outweighed; housing-shortfall; small-scheme; transitional-no-consultation,https://planningdistilled.org/research/england/nppf-navigator/decisions/PINS-6007526.html
PINS-6007651,"Land south of Harbury Lane and east of Vickers Way, Heathcote, Warwick",Warwick,West Midlands,inspector,6007651,W24/1099,2026-09-02,allowed,inquiry,"Retirement living apartments (McCarthy and Stone) with access, parking, landscaping and ancillary facilities, with no affordable housing or infrastructure contributions on viability grounds",specialist-housing; housing-major,,inside-settlement; settlement-edge,false,n/a,,2026-08,s38(6); DM5,viability and infrastructure contributions; noise for future occupiers,viability; specialist-housing; older-persons-housing; council-withdrew-objection; living-conditions; transitional-no-consultation; limited-nppf-engagement,https://planningdistilled.org/research/england/nppf-navigator/decisions/PINS-6007651.html
PINS-6008014,"Land north of Longwood Road, Kenley, Croydon (forestry private way, Part 6 Class E)",Croydon,London,inspector,6008014,25/02896/GPDO,2026-09-02,dismissed,hearing,Prior approval for formation of a private way for forestry use (GPDO Sch 2 Part 6 Class E),other,,TPO,false,n/a,,not-cited,GPDO Sch2 Pt2 Class B (Article 4); TCPA s336(1),scope of permitted development; means of access,tier-2; prior-approval; article-4; framework-not-cited,https://planningdistilled.org/research/england/nppf-navigator/decisions/PINS-6008014.html
PINS-6009103,"Long Barn, 46 Market Square, Witney",West Oxfordshire,South East,inspector,6009103,25/01990/LBC,2026-09-02,dismissed,written-representations,Change of use of listed curtilage outbuilding (three commercial units) to one dwelling with two-storey side extension in service yard,housing-minor; conversion; change-of-use; listed-building-consent,1,listed-building-setting; conservation-area; inside-settlement,false,n/a,4.3,2026-08,HE6(1); HE6(3); HE6(4); E1,listed buildings and conservation area; living conditions of future occupiers; protected species; town centre vitality,heritage-harm-decisive; he6-public-benefits-insufficient; he6-harm-ungraded; old-wording-slip; conservation-area; living-conditions; housing-shortfall; employment-loss-marketing; parties-consulted-on-2026-framework; annex-a-weight-reduction,https://planningdistilled.org/research/england/nppf-navigator/decisions/PINS-6009103.html
PINS-6009448,"Compounds A, A1 and A4, Youngs Industrial Estate, Aldermaston",West Berkshire,South East,inspector,6009448,26/00212/FUL,2026-09-02,allowed,written-representations,"s73 to remove SuDS, external lighting and landscaping conditions on retrospective B8 storage permission",employment,,open-countryside; listed-building-setting,false,n/a,,2026-08,DM6(1); West Berkshire LPR SP6,flood risk and water quality; character; neighbour amenity,tier-2; condition-appeal; s73; costs-application; transitional-no-consultation,https://planningdistilled.org/research/england/nppf-navigator/decisions/PINS-6009448.html
PINS-6009818,"Land at Mill Road, Whitfield",West Northamptonshire,East Midlands,inspector,6009818,2026/0210/FULL,2026-09-02,dismissed,written-representations,Retrospective agricultural timber store,agricultural,,open-countryside,false,n/a,,2026-08,S5(1)(a); DP3,whether required for agriculture,s5-1-a; agricultural-building; retrospective; drafting-slip; transitional-no-consultation; tier-2,https://planningdistilled.org/research/england/nppf-navigator/decisions/PINS-6009818.html
PINS-6009933,"219 Fullingdale Road, Northampton",West Northamptonshire,East Midlands,inspector,6009933,2025/4860/FUL,2026-09-02,dismissed,written-representations,"Increase of 8-occupant HMO to 10 occupants, including loft conversion and full-width flat-roof rear dormer",change-of-use; householder,,inside-settlement,false,n/a,,2026-08,DP3,character and amenity; dormer design; overlooking,tier-2; hmo; transitional-no-consultation; fallback,https://planningdistilled.org/research/england/nppf-navigator/decisions/PINS-6009933.html
PINS-6009970,"1 & 1A Lytton Avenue, Enfield",Enfield,London,inspector,6009970,26/00380/FUL,2026-09-02,dismissed,written-representations,"Change of use of two dwellinghouses to one 4-bed and one 5-bed HMO (sui generis), fenestration changes (part retrospective)",change-of-use,,inside-settlement,false,n/a,,2026-08,P3(2)(a),living conditions of occupiers,tier-2; hmo; living-conditions; retrospective; transitional-no-consultation,https://planningdistilled.org/research/england/nppf-navigator/decisions/PINS-6009970.html
PINS-6009972,"1 & 1A Lytton Avenue, Enfield",Enfield,London,inspector,6009972,25/03478/FUL,2026-09-02,dismissed,written-representations,Change of use of two dwellinghouses to two 5-bedroom HMOs with fenestration changes (part retrospective),change-of-use,,inside-settlement,false,n/a,,2026-08,P3(2)(a),living conditions of occupiers,tier-2; hmo; retrospective,https://planningdistilled.org/research/england/nppf-navigator/decisions/PINS-6009972.html
PINS-6010457,"Footpath outside Aldi, 106A Newport Road, Middlesbrough",Middlesbrough,North East,inspector,6010457,26/0109/FUL,2026-09-02,dismissed,written-representations,BT Street Hub with advert panels (Appeal A); advert consent Appeal B 6010458 (26/0108/ADV),telecoms; advertisement,,inside-settlement,false,n/a,,2026-08,TR4,highway safety; safe places,tier-2; street-hub; digital-advertising; telecoms; transitional-no-consultation,https://planningdistilled.org/research/england/nppf-navigator/decisions/PINS-6010457.html
PINS-6010861,"59 Luncies Road, Basildon",Basildon,East of England,inspector,6010861,26/00230/FULL,2026-09-02,allowed,written-representations,Change of use of mid-terrace house (C3) to children's home (C2) for up to two children aged 10-17,change-of-use; specialist-housing,,inside-settlement,false,n/a,,2026-08,HO7(1); HO9(1),need for specialist accommodation vs loss of family housing,childrens-home; specialist-housing; parties-consulted-on-2026-framework; ho7-substantial-weight; old-para-no-replacement,https://planningdistilled.org/research/england/nppf-navigator/decisions/PINS-6010861.html
PINS-6011137,"Seventh-day Adventist Church, 17 Jersey Gardens, Wickford",Basildon,East of England,inspector,6011137,26/00207/FULL,2026-09-02,dismissed,written-representations,5.5m x 4m cabin behind a church for classroom and children/youth recreation,other,,inside-settlement,false,n/a,,2026-08,S4(1); S4(2)(c); DP3(3); L2(1)(b),character and appearance; living conditions,s4-within-settlement; s4-substantially-outweighed; framework-only-decision; community-facility; design-refusal; parties-consulted-on-2026-framework,https://planningdistilled.org/research/england/nppf-navigator/decisions/PINS-6011137.html
wychavon-W-26-01322-OUT,"Land at OS 9294 4914, Stonebow Road, Drakes Broughton (50 dwellings)",Wychavon,West Midlands,lpa-delegated,,W/26/01322/OUT,2026-09-02,refused,delegated,"Outline, access only, for 50 dwellings including 20 affordable",housing-major,50,open-countryside; settlement-edge,false,n/a,,2026-08,S3(1)(a); S5(1)(j); S5(4); DP3(3); TR3; TR6(4); N2,principle outside settlement; S5 with a five-year supply; character; access; BNG,s5-4-exceptional; s5-1-j; five-year-supply-met; sustainable-location-pass; design-refusal; large-scheme; open-market,https://planningdistilled.org/research/england/nppf-navigator/decisions/wychavon-W-26-01322-OUT.html
eastdevon-26-0534-MOUT,"Land south of London Road, Rockbeare (Cranbrook edge)",East Devon,South West,lpa-committee,,26/0534/MOUT,2026-09-01,approved,committee,"Outline, up to 105 dwellings (35% on-site + 15% off-site affordable), open space, allotments, SANGS",housing-major,105,open-countryside; settlement-edge; agricultural-land-BMV,false,n/a,3.5,2026-08,S5(1)(j)(i); S3; S6,S5(1)(j); neighbourhood plan conflict; green wedge; BMV,s5-1-j; substantially-outweighed; neighbourhood-plan-conflict; s6-not-engaged; green-wedge; open-countryside; housing-shortfall; large-scheme,https://planningdistilled.org/research/england/nppf-navigator/decisions/eastdevon-26-0534-MOUT.html
nuneaton-041303,"Site 64c001, Golf Drive, Nuneaton (junction trigger variation)",Nuneaton and Bedworth,West Midlands,lpa-committee,,041303,2026-09-01,refused,committee,Variation of condition 33 of a 621-dwelling permission to move the junction signalisation trigger from the 150th to the 225th occupation,housing-major; other,621,settlement-edge,false,n/a,,2026-08,TR6(4),highway capacity before mitigation; condition trigger,overturned-officer-rec; highways-severe; condition-variation; member-refusal; large-scheme; old-wording-slip,https://planningdistilled.org/research/england/nppf-navigator/decisions/nuneaton-041303.html
PINS-6005603,"7 Hornfield Cottages, David Street, Meopham",Gravesham,South East,inspector,6005603,20250952,2026-09-01,dismissed,householder,"Partly retrospective first-floor side and ground-floor rear extensions, loft conversion, porch, parking",householder,,green-belt,true,not-argued,,2026-08,GB7(1)(b); GB6(2); DP3(1),disproportionate extension; openness; character and appearance; fallback; VSC,disproportionate-extension; fallback; vsc-not-shown; design-refusal; householder; retrospective; drafting-slip; appeal-planning-officer; transitional-no-consultation,https://planningdistilled.org/research/england/nppf-navigator/decisions/PINS-6005603.html
PINS-6006824,"New House Lane, Winmarleigh (agricultural barn and polytunnel, Part 6)",Wyre,North West,inspector,6006824,25/00882/AGR,2026-09-01,dismissed,written-representations,Part 6 Class A prior approval for a hay and machinery barn and a 7 m x 15 m polytunnel on a 5.2 ha holding,agricultural,,open-countryside,false,n/a,,not-cited,GPDO Sch2 Pt6 Class A A.2,commencement; agricultural need,tier-2; prior-approval; agricultural-building; costs-application,https://planningdistilled.org/research/england/nppf-navigator/decisions/PINS-6006824.html
PINS-6006832,"Land at Marazanvose, St Allen (holiday lodges)",Cornwall,South West,inspector,6006832,PA25/02427,2026-09-01,dismissed,written-representations,Change of use of former A30 roadworks temporary caravan compound to a site for up to 50 holiday lodges,leisure; change-of-use,,open-countryside; rural-lane; settlement-edge,false,n/a,,2026-08,S5(1)(b); S5(4); S5(2); DP3; E4; TR3,suitable location for tourism accommodation; accessibility; character and appearance,rural-tourism; s5-1-b-necessity; pdl; sustainable-location-fail; rural-lane-no-footway; dp3-refuse-trigger; s5-2-refusal-policy; e2-substantial-weight; landscape-harm; hamlet; parties-consulted-on-2026-framework; drafting-slip,https://planningdistilled.org/research/england/nppf-navigator/decisions/PINS-6006832.html
PINS-6006985,"39 Chalkwell Esplanade, Westcliff-on-Sea",Southend-on-Sea,East of England,inspector,6006985,25/00621/FUL,2026-09-01,dismissed,written-representations,Three-storey flat-roofed building of 3 flats with rear parking on vacant seafront plot (extant permission for 2 flats in a hipped-roof building),housing-minor,3,inside-settlement; PDL,false,n/a,2.9,2026-08,DP3(3); S4(2),character and appearance,design-refusal; dp3-refuse-trigger; s4-2-c-refusal-policy; s4-substantially-outweighed; housing-shortfall; small-scheme; fallback; parties-consulted-on-2026-framework,https://planningdistilled.org/research/england/nppf-navigator/decisions/PINS-6006985.html
PINS-6007391,"3 and 5 Montpellier Street, Harrogate",North Yorkshire,Yorkshire and the Humber,inspector,6007391,25/01921/FUL,2026-09-01,dismissed,written-representations,"Rebuilding of long-demolished cottages to form 1 retail unit and 1 two-bed apartment, with balcony, external access and gates",housing-minor; retail,1,inside-settlement; conservation-area; PDL,false,n/a,,2026-08,HE4; HE6; HE7; HE9; S4(1),conservation area and NDHA setting; neighbour living conditions,heritage-harm-decisive; conservation-area; ndha-harm; he6-public-benefits-insufficient; s4-within-settlement; s4-substantially-outweighed; living-conditions; transitional-no-consultation; drafting-slip; old-wording-slip; small-scheme,https://planningdistilled.org/research/england/nppf-navigator/decisions/PINS-6007391.html
PINS-6007837,"Land south of Caves Lane, Walkeringham",Bassetlaw,East Midlands,inspector,6007837,24/01297/COU,2026-09-01,allowed,hearing,"Change of use to one-family Gypsy/Traveller site (two caravans, dayroom, improved access)",travellers; change-of-use,,open-countryside; rural-lane,false,n/a,,2024-12 (transitional),TR6(4),highway safety,tier-2; travellers; transitional; rural-lane-no-footway,https://planningdistilled.org/research/england/nppf-navigator/decisions/PINS-6007837.html
PINS-6008439,"274 Portobello Road (ground floor), London W10",Kensington and Chelsea,London,inspector,6008439,PP/25/03918,2026-09-01,dismissed,written-representations,Retrospective-in-part single-storey steel and glazed side extension enclosing restaurant seating on Acklam Road,commercial,,inside-settlement; conservation-area,false,n/a,,2026-08,HE6; DP3,character and appearance; conservation area setting; public access; fire safety,tier-2; conservation-area-setting; heritage-harm-decisive; e2-substantial-weight; design-refusal; retrospective; parties-consulted-on-2026-framework; no-s4-s5-analysis,https://planningdistilled.org/research/england/nppf-navigator/decisions/PINS-6008439.html
PINS-6008441,"44A Sauncey Avenue, Harpenden (replacement dwelling)",St Albans,East of England,inspector,6008441,5/2025/1696,2026-09-01,allowed,written-representations,Demolition of 3-bed house and construction of 4-bed replacement dwelling with garden outbuilding (non-determination),replacement-dwelling; self-build,1,inside-settlement; conservation-area,false,n/a,,2026-08,P3; DM6,living conditions of neighbours,tier-2; living-conditions; non-determination; self-build; bng-exemption; transitional-no-consultation,https://planningdistilled.org/research/england/nppf-navigator/decisions/PINS-6008441.html
PINS-6008924,"5A Water Street, Dursley",Stroud,South West,inspector,6008924,S.26/0346/P3E,2026-09-01,allowed,written-representations,Class MA prior approval — vacant office storage building to 2 flats,change-of-use; housing-minor,2,conservation-area; inside-settlement,false,n/a,,not-cited,GPDO Sch2 Pt3 Class MA.2(2)(f),Class MA natural light,tier-2; prior-approval; class-ma; no-framework-cited; costs-application,https://planningdistilled.org/research/england/nppf-navigator/decisions/PINS-6008924.html
PINS-6009062,"Woodcote House Farm, Dodford, Bromsgrove (Class Q, 2 dwellings)",Bromsgrove,West Midlands,inspector,6009062,26/00107/CUPRIO,2026-09-01,allowed,written-representations,Class Q prior approval for change of use of an agricultural building to 2 dwellings,housing-minor; conversion,2,open-countryside,false,n/a,,2026-08,"TR6; GPDO Sch2 Pt3 Class Q.2(1)(a),(f)",highways; design and external appearance,tier-2; prior-approval; class-q; transitional-no-consultation,https://planningdistilled.org/research/england/nppf-navigator/decisions/PINS-6009062.html
PINS-6009118,"253 Ongar Road, Brentwood",Brentwood,East of England,inspector,6009118,25/00814/FUL,2026-09-01,dismissed,written-representations,Retrospective two-storey rear extension to commercial/flat building (variation on 2023 permission),householder,,inside-settlement,false,n/a,,2026-08,Brentwood LP BE14; P3(2)(b),neighbour outlook and daylight,tier-2; retrospective; fallback; neighbour-amenity; transitional-no-consultation,https://planningdistilled.org/research/england/nppf-navigator/decisions/PINS-6009118.html
PINS-6009605,"17 Bournewood Road, Orpington",Bromley,London,inspector,6009605,26/00185/FPA,2026-09-01,dismissed,written-representations,Change of use of semi-detached house to 8-person sui generis HMO,change-of-use,,inside-settlement,false,n/a,,2026-08,P3(2)(a),living standards of HMO occupiers; neighbours' living conditions,tier-2; hmo; living-conditions; parties-consulted-on-2026-framework; old-wording-slip; s4-substantially-outweighed,https://planningdistilled.org/research/england/nppf-navigator/decisions/PINS-6009605.html
PINS-6010078,"Windmill Court Country House, Keighley Road, Illingworth",Calderdale,Yorkshire and the Humber,inspector,6010078,25/01274/FUL,2026-09-01,allowed,written-representations,Single-storey extension to catering kitchen of hotel / holiday-let premises (former pub),commercial; leisure,,green-belt; valued-landscape,true,not-argued,,2026-08,GB7(1)(b); GB6(2),inappropriate development; openness; VSC balance,disproportionate-extension; burden-of-proof-original-building; vsc-shown; business-need; openness-harm-very-limited; no-consultation-new-framework; appeal-planning-officer,https://planningdistilled.org/research/england/nppf-navigator/decisions/PINS-6010078.html
PINS-6010166,"Nectar Haze, Bounds Cross, Pyworthy",Torridge,South West,inspector,6010166,1/0003/2026/FUL,2026-09-01,dismissed,written-representations,Demolish stables and erect a new dwelling in lieu of an approved stable conversion (1/0368/2025/FUL),housing-minor; replacement-dwelling,1,open-countryside,false,n/a,4.61,2026-08,S5(1)(j); S5(4); S3,location of housing; drainage; fallback,s5-1-j; s5-4-exceptional; housing-shortfall; fallback; small-scheme; parties-consulted-on-2026-framework,https://planningdistilled.org/research/england/nppf-navigator/decisions/PINS-6010166.html
PINS-6010397,"41a Liverpool Road, Birkdale, Southport",Sefton,North West,inspector,6010397,DC/2025/01256,2026-09-01,allowed,written-representations,First-floor extension to form a two-bed flat above a hairdresser's,housing-minor,1,inside-settlement; conservation-area; near-station,false,n/a,,2026-08,S4(1); L2; CC2(2); TC2,effect on neighbouring solar panels,s4-within-settlement; s4-approve; l2-airspace; plan-conflict-overridden; solar-shading; conservation-area; parties-consulted-on-2026-framework,https://planningdistilled.org/research/england/nppf-navigator/decisions/PINS-6010397.html
PINS-6010787,"16-20 Banksfield Avenue, Yeadon (garden extension across PROW)",Leeds,Yorkshire and the Humber,inspector,6010787,25/06990/FU,2026-09-01,allowed,written-representations,Change of use of land to domestic garden and rear fencing alongside a public right of way,householder; change-of-use,,inside-settlement,false,n/a,,2026-08,TR8,public right of way,prow; transitional-no-consultation; tier-2,https://planningdistilled.org/research/england/nppf-navigator/decisions/PINS-6010787.html
PINS-6011045,"Beech Dene, Kelsick, Abbeytown",Cumberland,North West,inspector,6011045,FUL/2025/0152,2026-09-01,dismissed,written-representations,"Two-storey replacement dwelling sited in adjoining paddock, new access, garden extension, solar panels on storage barn",replacement-dwelling; housing-minor,1,open-countryside,false,n/a,,2026-08,S5(1)(c); S5(4),character and appearance; protected species; suitable location in countryside,s5-1-c-reuse; s5-1-c-replacement; s5-4-exceptional; replacement-dwelling; fallback-rejected; bat-surveys; parties-consulted-on-2026-framework,https://planningdistilled.org/research/england/nppf-navigator/decisions/PINS-6011045.html
PINS-6011645,"Land north-west of Sackville Cottage, High Street, Riseley (static caravan)",Bedford,East of England,inspector,6011645,26/00199/S73A,2026-09-01,dismissed,written-representations,Retrospective temporary (18-month) siting of a static caravan for non-residential purposes in a field,other,,open-countryside,false,n/a,,2026-08,DP3,character and appearance,retrospective; transitional-no-consultation; countryside-character; tier-2,https://planningdistilled.org/research/england/nppf-navigator/decisions/PINS-6011645.html
stratford-26-00898-FUL,"Hollow Meadow, Lower End, Priors Hardwick",Stratford-on-Avon,West Midlands,lpa-delegated,,26/00898/FUL,2026-09-01,approved,delegated,Subdivision of a Grade II listed dwelling into two dwellings with minor external alterations,housing-minor; conversion,1,open-countryside; listed-building-setting,false,n/a,2.21,2026-08,S5(1)(c); S5(1)(j); Transitional(2),principle outside settlement; reuse of building,s5-1-c-reuse; s5-1-j; materially-inconsistent-very-limited-weight; housing-shortfall; listed-building; small-scheme; stratford-relevant,https://planningdistilled.org/research/england/nppf-navigator/decisions/stratford-26-00898-FUL.html
PINS-6002628,"72 Prebend Street, Islington (Class MA prior approval)",Islington,London,inspector,6002628,P2025/2589/PRA,2026-08-28,dismissed,written-representations,Class MA prior approval: conversion of ground and first floors of a former public house building to 4 self-contained flats,change-of-use; housing-minor,4,inside-settlement; conservation-area,false,n/a,,not-cited,GPDO Sch2 Pt3 Class MA,scope of Class MA,tier-2; prior-approval; class-ma; transitional-no-consultation,https://planningdistilled.org/research/england/nppf-navigator/decisions/PINS-6002628.html
PINS-6003507,"Land opposite 17 Harper Royd Lane, Sowerby Bridge (stable block)",Calderdale,Yorkshire and the Humber,inspector,6003507,25/01008/FUL,2026-08-28,dismissed,written-representations,"Private stable block with fodder store and tack room, hardstanding and engineering works",equestrian,,green-belt; open-countryside; valued-landscape,true,not-argued,,2026-08,GB7(1)(f)(iv); GB2(c); GB6(2),inappropriate development; openness; Green Belt purposes; landscape character; VSC,outdoor-recreation-f-limb; equestrian; encroachment-purpose-c; openness-harm; vsc-not-shown; landscape-harm; old-wording-slip,https://planningdistilled.org/research/england/nppf-navigator/decisions/PINS-6003507.html
PINS-6004449,"Pavement outside 33 Havelock Road, Hastings (BT Street Hub)",Hastings,South East,inspector,6004449,HS/FA/25/00624,2026-08-28,dismissed,written-representations,"BT Street Hub and removal of associated payphones (Appeal A, planning); linked Appeal B 6004450 advertisement consent (HS/AA/25/00625), also dismissed",telecoms; advertisement,,inside-settlement; conservation-area; listed-building-setting,false,n/a,,2026-08,TC2; S4(1),town centre vitality and amenity,tier-2; telecoms; street-hub; co1-substantial-weight; transitional-no-consultation; s4-substantially-outweighed,https://planningdistilled.org/research/england/nppf-navigator/decisions/PINS-6004449.html
PINS-6006162,"26 Groveway, Stockwell",Lambeth,London,inspector,6006162,25/02449/LB,2026-08-28,dismissed,written-representations,"Listed building consent for five-storey front extension to post-war semi, ""reinstating"" the lost Victorian half of a pair with Grade II listed No 24",householder; listed-building-consent,,inside-settlement; conservation-area; listed-building-setting,false,n/a,,2026-08,HE4(2); HE6(1); HE6(3); HE6(4),listed building setting; conservation area,heritage-harm-decisive; conservation-area; pastiche; energy-efficiency-benefit; parties-consulted-on-2026-framework; clear-and-convincing,https://planningdistilled.org/research/england/nppf-navigator/decisions/PINS-6006162.html
PINS-6006259,"2 Ashfield Cottages, Hawkhurst (oak-framed garden room, listed building)",Tunbridge Wells,South East,inspector,6006259,26/00015/FULL,2026-08-28,dismissed,written-representations,Oak-framed single-storey side garden room to one of a Grade II listed pair of cottages (Appeal A; linked LBC Appeal B 6006260),householder,,listed-building-setting; national-landscape,false,n/a,,2026-08,HE6(1); HE4(2); HE6(4),listed building,tier-2; listed-building; heritage-harm-decisive; parties-consulted-on-2026-framework; national-landscape,https://planningdistilled.org/research/england/nppf-navigator/decisions/PINS-6006259.html
PINS-6006260,"2 Ashfield Cottages, Hawkhurst (oak-framed garden room, listed building consent)",Tunbridge Wells,South East,inspector,6006260,26/00016/LBC,2026-08-28,dismissed,written-representations,Listed building consent for an oak-framed single-storey side garden room to one of a Grade II listed pair of cottages (Appeal B; linked planning Appeal A 6006259),listed-building-consent; householder,,listed-building-setting; national-landscape,false,n/a,,2026-08,HE6(1); HE4(2); HE6(4),special interest of listed building,tier-2; listed-building-consent; listed-building; heritage-harm-decisive; he6-public-benefits-insufficient; parties-consulted-on-2026-framework; national-landscape,https://planningdistilled.org/research/england/nppf-navigator/decisions/PINS-6006260.html
PINS-6007094,"38, 40 and 42 Prebend Street, Islington",Islington,London,inspector,6007094,P2025/2929/FUL,2026-08-28,allowed,written-representations,Loft conversions with shallow pitched front roofs and rear mansards on three locally listed terraced houses,householder,,inside-settlement; conservation-area,false,n/a,,2026-08,HE9; HE7,character and conservation area,tier-2; conservation-area; roof-extension; ndha; simultaneous-development-condition; upward-extension,https://planningdistilled.org/research/england/nppf-navigator/decisions/PINS-6007094.html
PINS-6007314,"Kingston Barn, Kingston Russell (farmstead conversion, 7 dwellings, Dorset NL)",Dorset,South West,inspector,6007314,P/FUL/2022/03559,2026-08-28,dismissed,written-representations,"Removal of modern farm buildings; conversion of historic barns to 5 dwellings and erection of 2 dwellings, with landscaping and parking",housing-minor; conversion,7,national-landscape; open-countryside; TPO; listed-building-setting,false,n/a,2.53,2026-08,N4(1); N3; Transitional(2),National Landscape and protected trees; heritage setting; habitat sites; housing supply,national-landscape; trees-tpo; housing-shortfall; conversion; parties-consulted-on-2026-framework; heritage-harm-outweighed,https://planningdistilled.org/research/england/nppf-navigator/decisions/PINS-6007314.html
PINS-6007521,"Jamia Syeda Fatima Al-Zahra, Bank Lane, Blackburn",Blackburn with Darwen,North West,inspector,6007521,10/24/0884,2026-08-28,allowed,written-representations,Appeal against condition requiring zebra crossing as part of replacement mosque permission,other,,inside-settlement,false,n/a,,2026-08,DM6; TR6(4); TR4(1)(c),necessity of highway condition,tier-2; conditions; fallback; parties-consulted-on-2026-framework; community-facility,https://planningdistilled.org/research/england/nppf-navigator/decisions/PINS-6007521.html
PINS-6007535,"Land at Whitings Lane, Burn (timber storage shed)",North Yorkshire,Yorkshire and the Humber,inspector,6007535,ZG2025/0803/FUL,2026-08-28,dismissed,written-representations,Demolition of a single-storey warehouse and erection of a 32 m x 10 m steel portal-frame timber storage building (B8) for a business based elsewhere,employment; commercial,,open-countryside; PDL; flood-zone-2; flood-zone-3,false,n/a,,2026-08,F5; S5(1)(d); DP3,character and appearance; flood risk; location of employment development,flood-risk; flood-sequential-test; s5-1-d-pdl; s5-substantially-outweighed; rural-business; design-refusal; transitional-no-consultation; drafting-slip; old-wording-slip,https://planningdistilled.org/research/england/nppf-navigator/decisions/PINS-6007535.html
PINS-6008065,"50 Arthur Road, Islington",Islington,London,inspector,6008065,P2025/2793/FUL,2026-08-28,dismissed,written-representations,"First-floor rear and mansard extensions and change of use from small HMO (C4) to large HMO (sui generis), 3 extra rooms",change-of-use; householder,,inside-settlement,false,n/a,,2026-08,s38(6); Islington DMP H2,supply of family housing,tier-2; transitional-no-consultation; loss-of-housing; hmo; limited-nppf-engagement,https://planningdistilled.org/research/england/nppf-navigator/decisions/PINS-6008065.html
PINS-6008197,"Barn at Low Farm, Post Office Lane, Norley",Cheshire West and Chester,North West,inspector,6008197,24/03166/S73,2026-08-28,allowed,written-representations,Appeal against condition 4 (blanket removal of PD rights) on s73 permission for barn conversion to two dwellings,conversion; housing-minor,2,open-countryside,false,n/a,,2026-08,DM6(2)(c); DM6(1)(c),PD-rights condition,tier-2; condition-appeal; pd-rights-removal,https://planningdistilled.org/research/england/nppf-navigator/decisions/PINS-6008197.html
PINS-6008361,"9 The Spinney, Enfield N21",Enfield,London,inspector,6008361,25/02531/FUL,2026-08-28,allowed,written-representations,Enlargement of existing 5-person HMO to 7-person sui generis HMO including a letting room with kitchenette,change-of-use,,inside-settlement,false,n/a,,2026-08,Enfield DMD5,character and residential amenity; occupier living conditions,tier-2; hmo; plan-led; limited-nppf-engagement,https://planningdistilled.org/research/england/nppf-navigator/decisions/PINS-6008361.html
PINS-6008878,"9 Lyndhurst Road, Corringham (outbuilding as habitable space)",Thurrock,East of England,inspector,6008878,25/00922/FUL,2026-08-28,allowed,written-representations,"Retrospective use of a rear-garden outbuilding as habitable space (lounge, utility, bedroom with en-suite)",householder,,inside-settlement,false,n/a,,2026-08,s38(6); DM10,whether a separate dwelling,tier-2; retrospective; outbuilding; pd-rights-condition-refused; transitional-no-consultation,https://planningdistilled.org/research/england/nppf-navigator/decisions/PINS-6008878.html
PINS-6009185,"Childwall Golf Club maintenance yard, Netherley",Liverpool,North West,inspector,6009185,26PT/0473,2026-08-28,allowed,written-representations,"Prior approval (GPDO Sch 2 Pt 16 Class A) for 30 m lattice telecoms tower with antennas, dishes, cabinets and fenced compound",telecoms,,green-belt; PDL,true,n/a,,2026-08,CO1; HE7,siting and appearance,telecoms-prior-approval; gb-policy-not-applied; costs-refused,https://planningdistilled.org/research/england/nppf-navigator/decisions/PINS-6009185.html
PINS-6009193,"44 South Street, Romford",Havering,London,inspector,6009193,J0004.26,2026-08-28,dismissed,written-representations,Class MA prior approval — upper-floor retail storage to 2 x 1-bed flats,change-of-use; housing-minor,2,inside-settlement,false,n/a,,2026-08,GPDO Class MA.2(2)(d); P4,Class MA noise from commercial premises,tier-2; prior-approval; class-ma; noise; agent-of-change,https://planningdistilled.org/research/england/nppf-navigator/decisions/PINS-6009193.html
PINS-6009279,"Windsor, 22 Kirk Road, Walpole St Andrew",King's Lynn and West Norfolk,East of England,inspector,6009279,25/01494/F,2026-08-28,allowed,written-representations,Self-build detached dwelling in side garden of existing house,housing-minor; self-build,1,inside-settlement; flood-zone-3,false,n/a,,2026-08,KLWN LP LP21; KLWN LP LP18,neighbour privacy; character and appearance,tier-2; self-build; garden-infill; appeal-planning-officer; bng-small-site-exemption-0-2ha; transitional-no-consultation,https://planningdistilled.org/research/england/nppf-navigator/decisions/PINS-6009279.html
PINS-6009412,"5 Chatterton Road, Bromley (Class MA - storage extension into existing flat)",Bromley,London,inspector,6009412,26/01029/NOT,2026-08-28,dismissed,written-representations,Class MA prior approval to change a commercial storage extension into additional rooms for the adjoining flat,change-of-use,,inside-settlement,false,n/a,,not-cited,GPDO Sch2 Pt3 Class MA,scope of Class MA,tier-2; prior-approval; class-ma; framework-not-cited,https://planningdistilled.org/research/england/nppf-navigator/decisions/PINS-6009412.html
PINS-6009569,"School House Barn, Circular Road, Seaview, Isle of Wight (pedestrian gateway)",Isle of Wight,South East,inspector,6009569,25/01462/FUL,2026-08-28,allowed,written-representations,"Pedestrian gateway in a historic stone wall onto Circular Road and external alterations to the west elevation, closing a substandard door onto High Street (Appeal A; linked s73 Appeal B 6009573)",other,,inside-settlement; conservation-area; listed-building-setting,false,n/a,,2026-08,TR6,highway safety,tier-2; highway-safety; manual-for-streets; conservation-area; ndha; transitional-no-consultation,https://planningdistilled.org/research/england/nppf-navigator/decisions/PINS-6009569.html
PINS-6009573,"School House Barn, Circular Road, Seaview, Isle of Wight",Isle of Wight,South East,inspector,6009573,25/01463/RVC,2026-08-28,allowed,written-representations,"New pedestrian gateway in historic stone wall onto Circular Road, replacing substandard High Street door, and s73 removal/variation of access conditions 4 and 6 on 2004 barn-conversion permission",housing-minor; conversion; other,2,conservation-area; listed-building-setting; inside-settlement,false,n/a,,2026-08,TR6,highway safety,highway-safety; dmrb-cd143-not-applicable; manual-for-streets; s73-variation; conservation-area; transitional-no-consultation; ndha,https://planningdistilled.org/research/england/nppf-navigator/decisions/PINS-6009573.html
PINS-6009681,"Land adjoining Pioneer Point, 3-5 Winston Way, Ilford",Redbridge,London,inspector,6009681,0287/26,2026-08-28,allowed,written-representations,BT Street Hub with illuminated advertisement panels on footway (planning + advertisement consent),telecoms; advertisement,,inside-settlement,false,n/a,,not-cited,s38(6); Redbridge LP LP26; Redbridge LP LP28,character/visual amenity; highway/public safety,tier-2; telecoms; street-hub; advertisement; no-framework-reference,https://planningdistilled.org/research/england/nppf-navigator/decisions/PINS-6009681.html
PINS-6009688,"306 Ballards Lane, Finchley",Barnet,London,inspector,6009688,26/0505/FUL,2026-08-28,dismissed,written-representations,Full-width sliding shopfront and new vehicular access across footway to a tyre garage,commercial,,inside-settlement,false,n/a,,2026-08,TR4(1)(a); TR4(1)(c)(i); Barnet LP CDH01,character and appearance; highway and pedestrian safety,tr4-pedestrian-priority; highway-safety-fail; town-centre,https://planningdistilled.org/research/england/nppf-navigator/decisions/PINS-6009688.html
PINS-6009938,"Bulls Head Public House, 96 Cambridge Street, St Neots",Huntingdonshire,East of England,inspector,6009938,25/01539/FUL,2026-08-28,allowed,written-representations,"Change of use of former public house to convenience store (Class E) with ancillary first-floor accommodation, demolition of single-storey structure, access and parking",change-of-use; retail,,inside-settlement; conservation-area,false,n/a,,2026-08,HC6(1)(a),loss of public house,pub-loss; hc6-marketing-12-months; community-facility; viability-evidence; parties-consulted-on-2026-framework,https://planningdistilled.org/research/england/nppf-navigator/decisions/PINS-6009938.html
PINS-6009978,"31A Kent Road, Chiswick",Ealing,London,inspector,6009978,PP-14216223,2026-08-28,allowed,written-representations,"s73A variation of plans condition for rear roof extension with roof terrace — lower (1.45m) terrace screen/planter, altered doors",householder,,inside-settlement,false,n/a,,2026-08,s38(6),privacy of neighbouring occupiers,tier-2; living-conditions; retrospective; s73-variation; transitional-no-consultation; limited-nppf-engagement,https://planningdistilled.org/research/england/nppf-navigator/decisions/PINS-6009978.html
PINS-6010180,"Pavement outside 19-23 Market Street, Huddersfield",Kirklees,Yorkshire and the Humber,inspector,6010180,2026/62/90569/W,2026-08-28,dismissed,written-representations,BT Street Hub incorporating two 75-inch digital advert screens and removal of two BT kiosks,telecoms; advertisement,,inside-settlement; conservation-area; listed-building-setting,false,n/a,,not-cited,HE6(4); HE4(2); TR4,conservation area and listed building setting; highway safety,street-hub; digital-advertising; telecoms; conservation-area; heritage-harm-decisive; he6-public-benefits-insufficient; less-than-substantial-legacy-wording; he6-harm-ungraded; no-framework-reference; generic-benefits,https://planningdistilled.org/research/england/nppf-navigator/decisions/PINS-6010180.html
PINS-6010273,"118A Hempstead Road, Kings Langley",Dacorum,East of England,inspector,6010273,26/00671/RET,2026-08-28,dismissed,householder,"Retrospective raised rear patio with balustrade, fencing, steps and under-patio storage",householder,,green-belt; settlement-edge,true,not-argued,,2026-08,GB6(2); GB7(1)(b),inappropriate development; openness; character; privacy; VSC,disproportionate-extension; openness-harm; vsc-not-shown; retrospective; psed-disability,https://planningdistilled.org/research/england/nppf-navigator/decisions/PINS-6010273.html
PINS-6010433,"Footway outside 8 Matmer House, Hull Road, York (BT Street Hub)",York,Yorkshire and the Humber,inspector,6010433,26/00439/FUL,2026-08-28,dismissed,written-representations,BT Street Hub with digital advert panels on a shared footway near a cycle route (linked advert appeal 6010434),telecoms; advertisement,,inside-settlement,false,n/a,,2026-08,P5; TR6,highway and public safety,telecoms; street-hub; transitional-no-consultation; highway-safety; tier-2,https://planningdistilled.org/research/england/nppf-navigator/decisions/PINS-6010433.html
PINS-6010807,"Field at Score Ray Lane, Whixley",North Yorkshire,Yorkshire and the Humber,inspector,6010807,26/01027/FUL,2026-08-28,dismissed,written-representations,"Barn including stables, hardstanding and landscaping in open field",equestrian,,open-countryside,false,n/a,,2026-08,DP3(1),character and appearance,tier-2; equestrian; landscape-harm; design-refusal; transitional-no-consultation,https://planningdistilled.org/research/england/nppf-navigator/decisions/PINS-6010807.html
PINS-6011520,"Greensleeves, School Lane, Bricket Wood",St Albans,East of England,inspector,6011520,5/2026/0202,2026-08-28,dismissed,householder,"Full-width single-storey rear extension, garage conversion, front extensions, Dutch gables and rear dormers to a bungalow",householder,,green-belt; conservation-area,true,n/a,,2026-08,N2; GB7(1)(b); HE9,protected species; inappropriate development; conservation area,householder-gb; gb7-pass-still-dismissed; protected-species-surveys; detached-garage-counts-as-extension,https://planningdistilled.org/research/england/nppf-navigator/decisions/PINS-6011520.html
stratford-26-01399-PIP,"Church View, Back Street, Ilmington",Stratford-on-Avon,West Midlands,lpa-delegated,,26/01399/PIP,2026-08-28,refused,delegated,"Permission in principle for one dwelling in the rear garden of a non-designated heritage asset, with access through a demolished garage",PIP; housing-minor,1,inside-settlement; conservation-area; listed-building-setting; national-landscape,false,n/a,2.21,2026-08,S4(1); HE6(4); HE7,heritage; conservation area; backland development,PIP; s4-within-settlement; s4-substantially-outweighed; heritage-harm-decisive; conservation-area; materially-inconsistent-but-relied-on; old-wording-slip; national-landscape; small-scheme; stratford-relevant,https://planningdistilled.org/research/england/nppf-navigator/decisions/stratford-26-01399-PIP.html
warwick-W-26-0134,"Forge Farm, Nunhold Road, Shrewley (permanent rural worker's dwelling, outline)",Warwick,West Midlands,lpa-delegated,,W/26/0134,2026-08-28,approved,delegated,Outline (access only) for a single-storey self-build essential rural worker's dwelling replacing a temporary caravan at an equine rehabilitation and farriery business,housing-minor; self-build; equestrian,1,green-belt; open-countryside; isolated,true,not-argued,,2026-08,HO11(1)(a); GB6(2); GB7,rural worker essential need; financial test; Green Belt very special circumstances,rural-worker-dwelling; vsc-shown; self-build; equestrian; small-scheme,https://planningdistilled.org/research/england/nppf-navigator/decisions/warwick-W-26-0134.html
PINS-6002971,"Prow Park Business Village, Treloggan Industrial Estate, Newquay",Cornwall,South West,inspector,6002971,PA25/08160,2026-08-27,dismissed,written-representations,"Refusal to discharge conditions 3 (landscaping), 4 (biodiversity management plan) and 5 (drainage) on a parking and container storage use",commercial; other,,settlement-edge,false,n/a,,2026-08,DM6,discharge of conditions,tier-2; discharge-of-conditions; bng-unsecured; costs-refused,https://planningdistilled.org/research/england/nppf-navigator/decisions/PINS-6002971.html
PINS-6004344,"Norbryght, Tilburstow Hill Road, South Godstone",Tandridge,South East,inspector,6004344,2025/837,2026-08-27,dismissed,written-representations,Demolition of a storage barn and erection of a dwelling with parking and garden (non-determination appeal),housing-minor,1,green-belt; PDL; rural-lane; open-countryside; valued-landscape,true,not-argued,,2026-08,S5(5); DP3; TR3; F8,Green Belt; character and appearance; living conditions; highway safety; sustainable location; flood risk,pdl-e-limb; not-inappropriate; s5-5-balance; sustainable-location-fail; design-refusal; old-wording-slip; transitional-no-consultation; small-scheme; non-determination,https://planningdistilled.org/research/england/nppf-navigator/decisions/PINS-6004344.html
PINS-6005325,"61 Brackley Square, Woodford Green",Redbridge,London,inspector,6005325,3187/25,2026-08-27,dismissed,written-representations,Outline (access only) for garden subdivision and a two-storey detached 3-bed house to the rear,housing-minor,1,inside-settlement; TPO,false,n/a,,2026-08,S4(2)(c); DP3(3); TR4,safe and inclusive access; character and appearance / tree loss,s4-within-settlement; s4-2-c-refusal-policy; s4-substantially-outweighed; dp3-3-refusal; dp3-refuse-trigger; backland; garden-infill; tpo-tree-loss; small-scheme; no-consultation-on-2026-framework; costs-application; inclusive-access,https://planningdistilled.org/research/england/nppf-navigator/decisions/PINS-6005325.html
PINS-6005528,"Former Gardens to Knells House, The Knells, Carlisle",Cumberland,North West,inspector,6005528,24/0230,2026-08-27,dismissed,written-representations,6 detached dwellings around a courtyard in the overgrown former gardens of a country house (now care home),housing-minor,6,settlement-edge; open-countryside; PDL,false,n/a,,2026-08,s38(6); TR3,suitable location for housing,sustainable-location-fail; small-scheme; transitional-no-consultation; rural-lane-no-footway; no-s4-s5-analysis; housing-benefit-moderate; pdl-garden-land; plan-led,https://planningdistilled.org/research/england/nppf-navigator/decisions/PINS-6005528.html
PINS-6005999,"Flat 45, Rozel House, 42 Birnbeck Road, Weston-super-Mare",North Somerset,South West,inspector,6005999,25/P/1464/FUL,2026-08-27,dismissed,householder,Retrospective pergola/gazebo and decking on 7th-floor roof terrace,householder,,inside-settlement; conservation-area,false,n/a,,2026-08,HE6(1); HE6(4),conservation area; host building,tier-2; conservation-area; retrospective; heritage-harm-decisive; parties-consulted-on-2026-framework; harm-ungraded,https://planningdistilled.org/research/england/nppf-navigator/decisions/PINS-6005999.html
PINS-6007566,"20 The Glebe, Watford",Watford,East of England,inspector,6007566,26/00001/FUL,2026-08-27,allowed,written-representations,Vehicle access and hardstanding on corner plot within 10 m of a cul-de-sac junction,householder,,inside-settlement,false,n/a,,2026-08,TR4(1)(c)(i),highway safety,tier-2; transitional-no-consultation; dropped-kerb,https://planningdistilled.org/research/england/nppf-navigator/decisions/PINS-6007566.html
PINS-6008362,"16 Dalton Avenue, Moss Side, Manchester (C3 to C4 HMO)",Manchester,North West,inspector,6008362,145209/FO/2026,2026-08-27,dismissed,written-representations,Change of use from dwellinghouse (C3) to 4-person HMO (C4),change-of-use,,inside-settlement,false,n/a,,2026-08,s38(6),housing mix and family housing; character and living conditions,tier-2; hmo; plan-led; transitional-no-consultation,https://planningdistilled.org/research/england/nppf-navigator/decisions/PINS-6008362.html
PINS-6008563,"529 Roman Road, Tower Hamlets",Tower Hamlets,London,inspector,6008563,PA/25/01901,2026-08-27,dismissed,written-representations,Rear balcony to second-floor flat,householder,,conservation-area; inside-settlement,false,n/a,,not-cited,s38(6); Tower Hamlets LP D.DH8,living conditions of flat below,tier-2; living-conditions; no-framework-reference; householder; conservation-area,https://planningdistilled.org/research/england/nppf-navigator/decisions/PINS-6008563.html
PINS-6009237,"Oakland Stud (formerly Tanglewood), Forest Grange, Horsham",Horsham,South East,inspector,6009237,DC/25/1428,2026-08-27,dismissed,written-representations,Two-pitch settled Gypsy accommodation site and retention of cess pit on a sand school,travellers,2,open-countryside; national-landscape,false,n/a,,2026-08,N4; S5(1)(g); HO12,High Weald National Landscape; traveller pitch need; personal circumstances; temporary permission,national-landscape; substantially-outweighed; s5-1-g-travellers; travellers-unmet-need; landscape-harm; parties-consulted-on-2026-framework; small-scheme,https://planningdistilled.org/research/england/nppf-navigator/decisions/PINS-6009237.html
PINS-6009442,"36 St Kildas Road, Harrow",Harrow,London,inspector,6009442,PL/0548/26,2026-08-27,allowed,written-representations,Change of use from 6-bed HMO (C4) to 7-bed HMO (sui generis),change-of-use; housing-minor,,inside-settlement,false,n/a,,2026-08,Harrow LP HO10,HMO location; neighbour living conditions; occupier living conditions,hmo; transitional-no-consultation; limited-nppf-engagement; tier-2,https://planningdistilled.org/research/england/nppf-navigator/decisions/PINS-6009442.html
PINS-6009680,"The Bradford Golf Club, Hawksworth Lane, Guiseley",Leeds,Yorkshire and the Humber,inspector,6009680,25/05530/FU,2026-08-27,dismissed,written-representations,Sports netting system on 15 m steel lattice towers along golf club boundary,leisure,,green-belt; settlement-edge; conservation-area; TPO,true,n/a,,2026-08,HE6; DP3; P3; N2,character and appearance incl. conservation area and trees; living conditions; ecology,not-inappropriate; gb7-1-f-outdoor-recreation; heritage-harm-decisive; conservation-area; transitional-no-consultation; gb-incidental,https://planningdistilled.org/research/england/nppf-navigator/decisions/PINS-6009680.html
PINS-6009850,"Barn at land off Bakers Lane, Holt, Dorset",Dorset,South West,inspector,6009850,P/PAAC/2025/06052,2026-08-27,dismissed,written-representations,Class Q prior approval — barn to dwelling with extension (2024 GPDO amendments),conversion; housing-minor,1,open-countryside; rural-lane,false,n/a,,not-cited,GPDO Class Q.1(i)(ii); GPDO Class Q.1(i)(vi),Class Q extension limitations,tier-2; prior-approval; class-q; principal-elevation; framework-not-applicable,https://planningdistilled.org/research/england/nppf-navigator/decisions/PINS-6009850.html
PINS-6010362,"Rear of 291 Whippendell Road, Watford",Watford,East of England,inspector,6010362,25/00827/FUL,2026-08-27,dismissed,written-representations,Change of use of rear of ground-floor commercial unit to a studio flat,change-of-use; housing-minor,1,inside-settlement,false,n/a,,2026-08,S4(1); DP3; L2(1)(d)(ii),living conditions; refuse and cycle storage; highway safety; local centre vitality,tier-2; s4-within-settlement; s4-substantially-outweighed; l2-substantial-weight; living-conditions-future-occupiers; parties-consulted-on-2026-framework,https://planningdistilled.org/research/england/nppf-navigator/decisions/PINS-6010362.html
PINS-6010382,"Kings Way verge, Burgess Hill (17.5 m monopole, prior approval)",Mid Sussex,South East,inspector,6010382,DM/26/0328,2026-08-27,allowed,written-representations,"GPDO Part 16 Class A prior approval for a 17.5 m monopole with 6 antennas, 2 dishes, 3 cabinets and ancillary works on a suburban grass verge",telecoms,,inside-settlement,false,n/a,,2026-08,CO1(1); CO1(1)(a); CO2(1)(b),siting and appearance; alternative sites,telecoms; prior-approval; co1-substantial-weight; alternative-sites; harm-outweighed,https://planningdistilled.org/research/england/nppf-navigator/decisions/PINS-6010382.html
PINS-6010617,"Pavement outside 10 Bargate Street, Southampton",Southampton,South East,inspector,6010617,26/00357/FUL,2026-08-27,dismissed,written-representations,Multifunctional communication hub with defibrillator and digital advertisement (Appeal A 6010617 planning; Appeal B 6010618 advertisement),telecoms; advertisement,,inside-settlement; listed-building-setting; conservation-area,false,n/a,,2026-08,DP3; TR4(1)(c)(iii),character and appearance; heritage; advertisement amenity,street-hub; telecoms; advertisement; transitional-no-consultation; old-heritage-wording; previous-appeal-followed,https://planningdistilled.org/research/england/nppf-navigator/decisions/PINS-6010617.html
PINS-6010912,"979 Tyburn Road, Birmingham",Birmingham,West Midlands,inspector,6010912,2025/06515/PA,2026-08-27,allowed,written-representations,Retrospective glazed veranda to front of corner commercial building,commercial,,inside-settlement,false,n/a,,2026-08,DP3(1); TR6,character and appearance; highway safety,tier-2; retrospective; design-innovation; transitional-no-consultation,https://planningdistilled.org/research/england/nppf-navigator/decisions/PINS-6010912.html
PINS-6010993,"9 Birkin Avenue, Ruddington",Rushcliffe,East Midlands,inspector,6010993,26/00224/FUL,2026-08-27,dismissed,written-representations,Detached garage and garden room (non-determination; partly built),householder,,inside-settlement,false,n/a,,2026-08,P3,outlook of neighbours; character,tier-2; householder; non-determination; transitional-no-consultation,https://planningdistilled.org/research/england/nppf-navigator/decisions/PINS-6010993.html
stratford-24-03145-FUL,"Petrol Filling Station, 95 High Street, Bidford-on-Avon",Stratford-on-Avon,West Midlands,lpa-committee,,24/03145/FUL,2026-08-27,approved,committee,"Replacement petrol station sales building with food-to-go and ATM, EV charging hub, two jet-wash bays, parking",commercial; retail,,inside-settlement,false,n/a,,2026-08,S4(1),commercial redevelopment; amenity; highways,limited-nppf-engagement; report-reanchored-by-update-sheet; commercial; s4-within-settlement; stratford-relevant,https://planningdistilled.org/research/england/nppf-navigator/decisions/stratford-24-03145-FUL.html
stratford-26-01387-LBC,"Trinity College, Church Street, Stratford-upon-Avon",Stratford-on-Avon,West Midlands,lpa-delegated,,26/01387/LBC,2026-08-27,refused,delegated,Listed building consent to replace single-glazed sashes and casements with slimline double-glazed units and replace nine sash box frames (Grade II),listed-building-consent,,listed-building-setting; conservation-area; inside-settlement,false,n/a,,2026-08,HE6(4),listed building; windows; energy efficiency as public benefit,heritage-harm-decisive; listed-building; energy-efficiency-benefit-discounted; stratford-relevant,https://planningdistilled.org/research/england/nppf-navigator/decisions/stratford-26-01387-LBC.html
lichfield-26-00849-FUL,"Derry Farm Stables, Footherley Road, Shenstone (permanent rural worker's dwelling)",Lichfield,West Midlands,lpa-delegated,,26/00849/FUL,2026-08-26,approved,delegated,Self-build permanent rural worker's dwelling replacing a temporary mobile home at an equestrian enterprise,housing-minor; self-build; equestrian,1,green-belt; open-countryside; isolated,true,not-argued,,2026-08,GB6(2); HO11(1)(a),rural worker need; Green Belt very special circumstances,rural-worker-dwelling; vsc-shown; self-build; old-wording-slip; ai-disclosure,https://planningdistilled.org/research/england/nppf-navigator/decisions/lichfield-26-00849-FUL.html
malvern-M-25-01044-FUL,"Grove Farm, Pendock (solar microgrid)",Malvern Hills,West Midlands,lpa-committee,,M/25/01044/FUL,2026-08-26,approved,committee,Change of use of 3.7 ha of agricultural land to a solar microgrid array with battery storage,renewable-solar; battery-storage,,open-countryside; listed-building-setting,false,n/a,,2026-08,CC2(2); N4; HE4(3); HE6(4),setting of the National Landscape; landscape character; setting of a listed building; renewable energy benefit,renewable-energy; national-landscape; heritage-less-than-substantial; split-vote; update-sheet-code-mapping; officer-rec-followed,https://planningdistilled.org/research/england/nppf-navigator/decisions/malvern-M-25-01044-FUL.html
malvern-M-25-01235-RM,"Cales Farm, Broadlands Drive, Malvern (200 dwellings, reserved matters)",Malvern Hills,West Midlands,lpa-committee,,M/25/01235/RM,2026-08-26,approved,committee,"Reserved matters (access, appearance, landscaping, layout, scale) for up to 200 dwellings under outline M/23/01777/OUT",housing-major,200,settlement-edge,false,n/a,,2026-08,N4(4); DP3; TR6(4),National Landscape setting; layout and landscape mitigation,national-landscape; reserved-matters; update-sheet-code-mapping; drafting-slip; split-vote; officer-rec-followed,https://planningdistilled.org/research/england/nppf-navigator/decisions/malvern-M-25-01235-RM.html
PINS-6002168,"Mytax Farm, Bourbles Lane, Preesall (sand and gravel quarry)",Lancashire County Council,North West,inspector,6002168,LCC/2023/0030,2026-08-26,dismissed,inquiry,"Extraction and processing of c.500,000 t of sand and gravel over about 5 years (about 100,000 tpa) on 20.7 ha, with washing plant, new access road and restoration using c.220,000 m3 imported inert fill (EIA development)",minerals-waste,,open-countryside; rural-lane,false,n/a,,2026-08,TR6(4); M3(1),need / landbank; highway safety; noise; dust and air quality,minerals; highway-safety-decisive; tr6-refuse; visibility-splay; third-party-land; grampian-no-prospect; transitional-no-consultation; old-wording-slip; landbank-shortfall,https://planningdistilled.org/research/england/nppf-navigator/decisions/PINS-6002168.html
PINS-6003738,"19 Millway, Mill Hill (conversion to 2 flats)",Barnet,London,inspector,6003738,25/4039/FUL,2026-08-26,allowed,written-representations,"Conversion of a semi-detached house to 2 self-contained flats, with retention of a replacement porch and first-floor extension",conversion; housing-minor,2,inside-settlement,false,n/a,,not-cited,London Plan D6,living conditions of future occupiers,tier-2; no-framework-cited; living-conditions; conversion; small-scheme,https://planningdistilled.org/research/england/nppf-navigator/decisions/PINS-6003738.html
PINS-6005744,"2 Bridge Street, Batley",Kirklees,Yorkshire and the Humber,inspector,6005744,2025/93525,2026-08-26,dismissed,written-representations,"Class MA prior approval, ground-floor commercial to 4 flats",change-of-use; housing-minor,4,inside-settlement,false,n/a,,not-cited,P3(2)(a),natural light,tier-2; class-ma; prior-approval; natural-light; framework-not-cited,https://planningdistilled.org/research/england/nppf-navigator/decisions/PINS-6005744.html
PINS-6006920,"4 Highfield Gardens, Golders Green",Barnet,London,inspector,6006920,25/5086/FUL,2026-08-26,allowed,written-representations,"Replacement dwelling with basement, differing from approved scheme only by two front dormers",replacement-dwelling,1,inside-settlement,false,n/a,,not-cited,DP3,character and appearance,tier-2; dormers; framework-not-cited; pd-rights-condition-refused,https://planningdistilled.org/research/england/nppf-navigator/decisions/PINS-6006920.html
PINS-6008051,"Pavement outside 30 New Bailey Street, Salford (telephone hub and digital advert)",Salford,North West,inspector,6008051,PA/2026/0124,2026-08-26,dismissed,written-representations,"Freestanding telephone apparatus with defibrillator (Appeal A) and internally illuminated six-sheet digital advert (Appeal B, 6008052, PA/2026/0171)",telecoms; advertisement,,inside-settlement; listed-building-setting,false,n/a,,2026-08,HE6; HE4(2); CO1,setting of listed buildings; amenity (advert),telecoms; street-hub; heritage-harm-decisive; co1-substantial-weight; advert-heritage,https://planningdistilled.org/research/england/nppf-navigator/decisions/PINS-6008051.html
PINS-6008087,"Nine Oaks, Stocks Lane, Over Peover",Cheshire East,North West,inspector,6008087,25/2665/HOUS,2026-08-26,dismissed,householder,Demolition of existing (partly unlawful) extensions and construction of new extensions,householder,,green-belt; washed-over-village,true,not-argued,,2026-08,GB7(1)(b); GB6(2),disproportionate extension; openness; bats; VSC,disproportionate-extension; vsc-not-shown; householder; washed-over-village; enforcement-baseline; transitional-no-consultation,https://planningdistilled.org/research/england/nppf-navigator/decisions/PINS-6008087.html
PINS-6008532,"The Chequers PH, Matching Green",Epping Forest,East of England,inspector,6008532,EPF/1973/25,2026-08-26,allowed,written-representations,Demolition of rear compound/covered seating and replacement single-storey extensions to a locally listed pub,commercial,,green-belt; washed-over-village; conservation-area; listed-building-setting,true,not-argued,,2026-08,HE7(1); HE9,NDHA; conservation area; listed building setting; neighbour amenity,tier-2; conservation-area; ndha; heritage-no-harm; community-facility; transitional-no-consultation,https://planningdistilled.org/research/england/nppf-navigator/decisions/PINS-6008532.html
PINS-6008885,"34 Vincent Gardens, Brent",Brent,London,inspector,6008885,25/3240,2026-08-26,dismissed,written-representations,"Retention of second-floor rear walk-out balcony, alterations to rooflights and rear door (retrospective)",householder,,inside-settlement,false,n/a,,2026-08,s38(6); Brent LP DMP1,character and appearance; privacy,tier-2; householder; retrospective; living-conditions; transitional-no-consultation; costs-application; limited-nppf-engagement,https://planningdistilled.org/research/england/nppf-navigator/decisions/PINS-6008885.html
PINS-6009586,"10 Windlesham Road, Brighton (HMO alterations, 10 residents plus manager)",Brighton and Hove,South East,inspector,6009586,BH2026/00119,2026-08-26,dismissed,written-representations,"Alterations and rear extensions to a 10-person sui generis HMO, garage conversion, manager's studio and a C3 studio (part retrospective)",change-of-use,,inside-settlement,false,n/a,,2026-08,s38(6),living conditions of future occupiers; neighbours (noise),tier-2; hmo; living-conditions; transitional-no-consultation,https://planningdistilled.org/research/england/nppf-navigator/decisions/PINS-6009586.html
PINS-6010095,"846 Chester Road, Stretford",Trafford,North West,inspector,6010095,118677/VAR/26,2026-08-26,dismissed,written-representations,"s73 variation of acoustic verification condition on café-to-bar (sui generis) permission, below a residential flat",change-of-use; leisure,,inside-settlement,false,n/a,,2026-08,P3(2)(b),living conditions — noise,tier-2; s73-variation; noise; limited-nppf-engagement,https://planningdistilled.org/research/england/nppf-navigator/decisions/PINS-6010095.html
PINS-6010975,"Ladywell, Kilkhampton, Bude",Cornwall,South West,inspector,6010975,PA25/08174,2026-08-26,dismissed,written-representations,Class Q prior approval — part of timber portal-frame agricultural building to single dwelling,conversion; housing-minor; agricultural,1,open-countryside,false,n/a,,2026-08,DM9,whether works amount to conversion,tier-2; prior-approval; class-q; limited-nppf-engagement,https://planningdistilled.org/research/england/nppf-navigator/decisions/PINS-6010975.html
PINS-6012008,"Wilwyn, Chelmsford Road, Blackmore",Brentwood,East of England,inspector,6012008,26/00225/HHA,2026-08-26,dismissed,householder,"Rear extension, loft conversion, internal alterations; replacement garage",householder,,green-belt,true,not-argued,,2026-08,GB7(1)(b); GB6(2); P3,inappropriate development; openness; living conditions; character; VSC,disproportionate-extension; householder; vsc-not-shown; openness-harm; neighbour-context-irrelevant; transitional-no-consultation,https://planningdistilled.org/research/england/nppf-navigator/decisions/PINS-6012008.html
stratford-25-00346-OUT,"Home Farm, Land off A423, Southam",Stratford-on-Avon,West Midlands,lpa-committee,,25/00346/OUT,2026-08-26,approved,committee,"Outline, all matters reserved, up to 217 dwellings (35% affordable, up to 76) with public open space; resolution to grant subject to S106",housing-major,217,settlement-edge; open-countryside; flood-zone-2; flood-zone-3,false,n/a,2.21,2026-08,S5(1)(j); S3(2); HO7; HO13(4),principle outside settlement; housing supply; landscape; archaeology; emerging allocation,s5-1-j; s3-2-split-site; large-scheme; housing-shortfall; emerging-allocation; ho13-strategic-consistency; report-reanchored-by-update-sheet; resolution-subject-to-s106; stratford-relevant,https://planningdistilled.org/research/england/nppf-navigator/decisions/stratford-25-00346-OUT.html
CROWN-2026-0000003,"Grenfell Tower, North Kensington (Crown development)",Kensington and Chelsea,London,inspector,CROWN/2026/0000003,,2026-08-25,approved,written-representations,Works to take down Grenfell Tower to ground level (s293D Crown development application of national importance; s73A retrospective as works began under Part 19 Class Q PD),other,,inside-settlement; listed-building-setting,false,n/a,,2026-08,DM3; DP3; HE4; HE5,character and appearance; heritage setting; trees and biodiversity; highways; air quality and noise; flooding,crown-development; transitional-no-consultation; demolition; bng,https://planningdistilled.org/research/england/nppf-navigator/decisions/CROWN-2026-0000003.html
PINS-6000903,"Kilcummer Barn, Tregeath Lane, Trewarmett, Tintagel",Cornwall,South West,inspector,6000903,PA25/02674,2026-08-25,dismissed,written-representations,Change of use and conversion of a former piggery to a holiday cottage,conversion; change-of-use; leisure,,open-countryside; isolated; national-landscape; rural-lane,false,n/a,,2026-08,S5(1)(b); S5(1)(c); S5(4); TR3; E4(2); N2,location and accessibility; re-use of building; biodiversity net gain,sustainable-location-fail; rural-lane-no-footway; rural-tourism; s5-1-b-necessity; s5-1-c-reuse; s5-4-exceptional; bng-exemption-not-shown; small-scheme,https://planningdistilled.org/research/england/nppf-navigator/decisions/PINS-6000903.html
PINS-6003286,"Land North of Lubstree Barns, Donnington, Telford (Class Q)",Telford and Wrekin,West Midlands,inspector,6003286,TWC/2025/0346,2026-08-25,dismissed,written-representations,Class Q (pre-May 2024 version) prior approval for conversion of two steel-framed agricultural barns to 5 dwellings,conversion; housing-minor,5,open-countryside,false,n/a,,not-cited,GPDO Sch2 Pt3 Class Q(b); GPDO Q.1(i),conversion or rebuild,tier-2; prior-approval; class-q; hibbitt-rebuild; no-framework-cited,https://planningdistilled.org/research/england/nppf-navigator/decisions/PINS-6003286.html
PINS-6006053,"Cowleas, Spickett's Lane, Cuddington",Buckinghamshire,South East,inspector,6006053,25/01948/APP,2026-08-25,part-allowed,written-representations,"Appeal against conditions 5, 12, 13, 14, 15 on a replacement 5-bed dwelling with detached garage",replacement-dwelling; householder,1,settlement-edge; conservation-area,false,n/a,,2026-08,DM6(2)(c),necessity of conditions,tier-2; conditions-appeal; pd-rights-condition-refused; inclusive-access; no-consultation-on-2026-framework; replacement-dwelling,https://planningdistilled.org/research/england/nppf-navigator/decisions/PINS-6006053.html
PINS-6006388,"Hall Farm, Copt Oak Road, Copt Oak",North West Leicestershire,East Midlands,inspector,6006388,25/01015/FUL,2026-08-25,dismissed,written-representations,"Use of former groom's accommodation (stone outbuilding) as an independent dwelling, with surface water drainage works",housing-minor; conversion; change-of-use,1,open-countryside; rural-lane,false,n/a,,2026-08,S5; HO11(1)(c); TR3,suitable location for housing; spatial strategy; access to services,sustainable-location-fail; rural-lane-no-footway; small-scheme; transitional-no-consultation; fallback-not-evidenced; isolated-home; ho11; drafting-slip; limited-nppf-engagement,https://planningdistilled.org/research/england/nppf-navigator/decisions/PINS-6006388.html
PINS-6006727,"271 Forest Road, Walthamstow (Hindu temple rear extension)",Waltham Forest,London,inspector,6006727,252833,2026-08-25,dismissed,written-representations,Retrospective retention of an enlarged rear extension with altered roof to a place of worship (Hindu temple) on the local heritage list,other,,inside-settlement,false,n/a,,2026-08,Waltham Forest LP Policy 53; Waltham Forest LP Policy 57,character; NDHA; living conditions,tier-2; place-of-worship; retrospective; living-conditions; transitional-no-consultation,https://planningdistilled.org/research/england/nppf-navigator/decisions/PINS-6006727.html
PINS-6006805,"60 Marine Road West, Morecambe",Lancaster,North West,inspector,6006805,25/00874/FUL,2026-08-25,allowed,written-representations,Conversion of upper floors from flat to 8-bed HMO over retained commercial ground floor,change-of-use; housing-minor,,inside-settlement; conservation-area,false,n/a,,2026-08,N6; P3,living conditions; housing mix; habitats,tier-2; hmo; habitats-mitigation; transitional-no-consultation; conservation-area,https://planningdistilled.org/research/england/nppf-navigator/decisions/PINS-6006805.html
PINS-6007315,"1/3 Park Lane, Macclesfield",Cheshire East,North West,inspector,6007315,25/4211/FUL,2026-08-25,dismissed,written-representations,Part-retrospective conversion and extension of outbuildings behind a restaurant into living accommodation for the proprietors,housing-minor; conversion,1,inside-settlement; listed-building-setting,false,n/a,,not-cited,s38(6),contaminated land; living conditions of future occupiers; privacy,tier-2; no-framework-reference; living-conditions; retrospective; psed,https://planningdistilled.org/research/england/nppf-navigator/decisions/PINS-6007315.html
PINS-6007657,"Little Land, Lower Smaws, Wetherby Road, Tadcaster",North Yorkshire,Yorkshire and the Humber,inspector,6007657,ZG2026/0034/ATD,2026-08-25,allowed,written-representations,"Class Q prior approval, log/tool store building to 1 dwelling",conversion; housing-minor; agricultural,1,open-countryside,false,n/a,,not-cited,DM6,established agricultural unit,tier-2; class-q; prior-approval; framework-not-cited,https://planningdistilled.org/research/england/nppf-navigator/decisions/PINS-6007657.html
PINS-6008475,"4 Prospect Street, Reading",Reading,South East,inspector,6008475,PL/25/1803,2026-08-25,dismissed,householder,Retrospective replacement of natural slate roof with fibre-cement tiles in a conservation area,householder,,conservation-area; inside-settlement,false,n/a,,2026-08,HE6(1); HE6(4),conservation area,conservation-area; heritage-harm-decisive; he6-harm-ungraded; retrospective; roof-materials; public-benefits-unevidenced,https://planningdistilled.org/research/england/nppf-navigator/decisions/PINS-6008475.html
PINS-6009167,"27 Gloucester Road North, Filton (7 C4 HMOs above retained Class E unit)",South Gloucestershire,South West,inspector,6009167,P25/02828/F,2026-08-25,allowed,written-representations,Extension and conversion of a vacant commercial building to 7 HMOs (C4; 34 occupants) with ground-floor Class E retained,change-of-use; housing-minor,7,inside-settlement,false,n/a,,2026-08,s38(6),outdoor amenity space; on-street parking; housing mix,tier-2; hmo; plan-led; transitional-no-consultation,https://planningdistilled.org/research/england/nppf-navigator/decisions/PINS-6009167.html
PINS-6009894,"Paddock House, Paddock Lane, Audlem (Class Q, 1 dwelling)",Cheshire East,North West,inspector,6009894,26/1059/PRIOR-3Q,2026-08-25,allowed,written-representations,Class Q prior approval to convert a timber agricultural building to a 3-bed single-storey dwelling with rear extension,housing-minor; conversion,1,open-countryside,false,n/a,,not-cited,GPDO Sch2 Pt3 Class Q.1(j),whether the works are reasonably necessary for conversion,tier-2; prior-approval; class-q; hibbitt; framework-not-cited,https://planningdistilled.org/research/england/nppf-navigator/decisions/PINS-6009894.html
PINS-6010063,"1 Waldegrave Road, Ealing",Ealing,London,inspector,6010063,251413FUL,2026-08-25,dismissed,written-representations,Retrospective conversion of house to two flats with extensions and outbuilding,housing-minor; conversion,1,inside-settlement,false,n/a,,2026-08,S4; P3,living conditions of occupiers; character and appearance,s4-within-settlement; s4-substantially-outweighed; living-conditions; retrospective; old-wording-slip; transitional-no-consultation; appeal-planning-officer; tier-2,https://planningdistilled.org/research/england/nppf-navigator/decisions/PINS-6010063.html
PINS-6010751,"Land off Carr Lane, Alderley Edge (agricultural barn in functional floodplain)",Cheshire East,North West,inspector,6010751,25/1399/FUL,2026-08-25,dismissed,written-representations,"Agricultural barn for machinery, hay and forage storage and workshop (retrospective)",agricultural,,open-countryside; flood-zone-3,false,n/a,,2026-08,F5; F6(1)(a); AnnexF,agricultural need; flood risk,agricultural-building; flood-zone-3b; sequential-test-fail; agricultural-need-not-shown; retrospective; transitional-no-consultation,https://planningdistilled.org/research/england/nppf-navigator/decisions/PINS-6010751.html
PINS-6010814,"Footway outside 171-173 High Street, Beckenham (BT Street Hub)",Bromley,London,inspector,6010814,26/00382/FPA,2026-08-25,allowed,written-representations,"BT Street Hub with two 75-inch digital screens, replacing a kiosk (linked advert appeal 6010816)",telecoms; advertisement,,inside-settlement; conservation-area,false,n/a,,2026-08,HE6; S4,conservation area character and amenity,telecoms; street-hub; transitional-no-consultation; conservation-area; tier-2,https://planningdistilled.org/research/england/nppf-navigator/decisions/PINS-6010814.html
PINS-6010818,"Footpath outside 60 High Street, West Wickham",Bromley,London,inspector,6010818,26/00417/FPA,2026-08-25,dismissed,written-representations,BT Street Hub unit with digital advertisement panels (replacing a remote phone kiosk),telecoms; advertisement,,inside-settlement,false,n/a,,2026-08,S4(1),amenity and street clutter; pedestrian safety,tier-2; s4-within-settlement; s4-substantially-outweighed; telecoms; street-hub; transitional-no-consultation,https://planningdistilled.org/research/england/nppf-navigator/decisions/PINS-6010818.html
PINS-6010839,"71 Finchley Lane, Hendon",Barnet,London,inspector,6010839,26/0451/FUL,2026-08-25,allowed,written-representations,Change of use of dwelling (C3) to 5-bed C4 HMO for up to 6 people,change-of-use,,inside-settlement,false,n/a,,2026-08,s38(6),need for HMOs; location/accessibility,tier-2; hmo; costs-application; limited-nppf-engagement; transitional-no-consultation,https://planningdistilled.org/research/england/nppf-navigator/decisions/PINS-6010839.html
PINS-6010864,"Footway adjacent to 85 Upper Richmond Road, Putney",Wandsworth,London,inspector,6010864,2026/0061,2026-08-25,dismissed,written-representations,BT Street Hub unit with two illuminated digital advertisement panels (planning appeal; linked advert appeal 6011686),telecoms; advertisement,,inside-settlement,false,n/a,,2026-08,S4(1),amenity; public safety,tier-2; s4-within-settlement; s4-substantially-outweighed; telecoms; bt-street-hub; transitional-no-consultation,https://planningdistilled.org/research/england/nppf-navigator/decisions/PINS-6010864.html
PINS-6011598,"1A Ellis Street, Kirkby in Ashfield",Ashfield,East Midlands,inspector,6011598,V/2025/0437,2026-08-25,allowed,written-representations,"Change of use of restaurant (Class E) to drinking establishment with expanded food (sui generis), later opening hours",change-of-use; leisure,,inside-settlement,false,n/a,,2026-08,DM6,noise and disturbance,tier-2; transitional-no-consultation; noise,https://planningdistilled.org/research/england/nppf-navigator/decisions/PINS-6011598.html
PINS-6011775,"26 and 28 Milton Road, Bournemouth (HMO and flat to 6 flats)","Bournemouth, Christchurch and Poole",South West,inspector,6011775,7-2024-6309-M,2026-08-25,dismissed,written-representations,Conversion of a C4 HMO and a flat into 6 flats,housing-minor; conversion,6,inside-settlement,false,n/a,,not-cited,Habitats Regs reg 63(5),habitats site integrity,habitats; missing-obligation; tier-2,https://planningdistilled.org/research/england/nppf-navigator/decisions/PINS-6011775.html
stratford-26-01393-FUL,"Barn adjacent to Stonecroft House, Kineton Road, Oxhill",Stratford-on-Avon,West Midlands,lpa-delegated,,26/01393/FUL,2026-08-25,approved,delegated,"Demolition of agricultural barns and erection of 5 dwellings, in place of three Class Q prior approvals for 7 conversions",housing-minor; replacement-dwelling,5,open-countryside; settlement-edge,false,n/a,2.21,2024-12 (transitional),Transitional(1),fallback; principle outside settlement,transitional; report-reanchored-by-note; fallback; class-q-fallback; agricultural-building; small-scheme; stratford-relevant,https://planningdistilled.org/research/england/nppf-navigator/decisions/stratford-26-01393-FUL.html
stratford-26-01764-PIP,"Pittern Hill Riding School, Pittern Hill, Kineton",Stratford-on-Avon,West Midlands,lpa-delegated,,26/01764/PIP,2026-08-25,approved,delegated,Permission in principle for up to 6 dwellings on a former riding school (PDL) outside the Kineton BUAB,PIP; housing-minor,6,settlement-edge; open-countryside; PDL,false,n/a,2.21,2024-12 (transitional),Transitional(1); S5(1)(d),principle outside settlement; landscape; PDL,transitional; report-reanchored-by-note; PIP; pdl; s5-1-d-not-applied; housing-shortfall; landscape-harm; small-scheme; stratford-relevant,https://planningdistilled.org/research/england/nppf-navigator/decisions/stratford-26-01764-PIP.html
wychavon-W-25-01931-OUT,"Land at OS 9265 4891, Stonebow Road, Drakes Broughton (59 dwellings)",Wychavon,West Midlands,lpa-committee,,W/25/01931/OUT,2026-08-25,approved,committee,"Outline, access only, for 59 dwellings including 24 affordable",housing-major,59,open-countryside; settlement-edge,false,n/a,,2024-12 (transitional),Transitional(1),transition between Frameworks; resolution-to-grant issued after 17 Aug,transitional; resolution-before-framework; old-wording-slip; large-scheme,https://planningdistilled.org/research/england/nppf-navigator/decisions/wychavon-W-25-01931-OUT.html
PINS-6005461,"Chelmer House, Braintree Road, Great Dunmow (home wellbeing studio)",Uttlesford,East of England,inspector,6005461,UTT/25/2680/FUL,2026-08-24,dismissed,written-representations,Retrospective change of use of a dwelling to part residential and part wellbeing business (Pilates and yoga classes of up to 4 people),change-of-use; commercial,,inside-settlement,false,n/a,,2026-08,TR4(1)(e); P3(2)(d),parking and access; noise and disturbance; residential character,change-of-use; retrospective; evidence-gap; transitional-no-consultation; e2-substantial-weight,https://planningdistilled.org/research/england/nppf-navigator/decisions/PINS-6005461.html
PINS-6006144,"40 West Way, Poole",Bournemouth Christchurch and Poole,South West,inspector,6006144,P/25/04279/FUL,2026-08-24,dismissed,written-representations,Sever land and erect a self-build dwelling in rear garden with new vehicular access off West Way,housing-minor; self-build,1,inside-settlement,false,n/a,2.55,2026-08,S4; L2(1)(d)(i); L2(1)(d)(ii); N6(1)(a)(i),character and appearance; neighbour outlook; future occupiers' daylight; Dorset Heathlands SPA; Poole Harbour SPA,s4-within-settlement; substantially-outweighed; housing-shortfall; small-scheme; self-build-unsecured; habitats-spa; habitats-refusal; bng-exemption-not-shown; residential-garden-plot; l2-1-d-curtilage; drafting-slip,https://planningdistilled.org/research/england/nppf-navigator/decisions/PINS-6006144.html
PINS-6006600,"Annapurna, Moss Road, Wrockwardine Wood, Telford",Telford and Wrekin,West Midlands,inspector,6006600,TWC/2026/0056,2026-08-24,dismissed,written-representations,Larger-home prior approval (GPDO Sch2 Pt1 Class A) for a 7.2m-deep single-storey rear extension to a bungalow,householder,,inside-settlement,false,n/a,,not-cited,GPDO Sch2 Pt1 Class A.1(d); GPDO Sch2 Pt1 Class A.1(k),permitted development eligibility,tier-2; no-framework-reference; prior-approval; larger-home-extension; drawing-errors,https://planningdistilled.org/research/england/nppf-navigator/decisions/PINS-6006600.html
PINS-6006932,"52 Mintern Street, Hackney (Class MA, deemed approval)",Hackney,London,inspector,6006932,2025/1730,2026-08-24,allowed,written-representations,Class MA prior approval: commercial building to 4 flats,change-of-use; housing-minor,4,inside-settlement,false,n/a,,not-cited,GPDO Sch2 Pt3 para W,deemed approval,tier-2; prior-approval; class-ma; deemed-approval; costs-application,https://planningdistilled.org/research/england/nppf-navigator/decisions/PINS-6006932.html
PINS-6007104,"Land adjacent to Cedar Cottage, Furners Lane, Henfield",Horsham,South East,inspector,6007104,DC/24/0535,2026-08-24,allowed,written-representations,5 open-market dwellings (2 pairs of semis and 1 detached) with upgraded access onto Furners Lane,housing-minor,5,settlement-edge; open-countryside; TPO,false,n/a,1.7,2026-08,S5(1)(j); S6; HO3; AnnexA,suitability of location having regard to the local development strategy,s5-1-j; s6-neighbourhood-plan; neighbourhood-plan-conflict; housing-shortfall; small-scheme; sustainable-location-pass; old-balance-wording; drafting-slip; no-consultation-on-2026-framework,https://planningdistilled.org/research/england/nppf-navigator/decisions/PINS-6007104.html
PINS-6007128,"17-19 Parkstone Road, Poole",Bournemouth Christchurch and Poole,South West,inspector,6007128,P/25/05261/FUL,2026-08-24,dismissed,written-representations,Five-storey block of 20 HMO rooms in rear car park behind consented HMO (counted as 4 dwellings),housing-minor,4,inside-settlement,false,n/a,2.55,2026-08,S4(1); L2(1)(d)(i); L2(1)(d)(ii); N6(1)(a)(i),character; neighbour outlook; future occupiers; highway; habitats,s4-within-settlement; s4-substantially-outweighed; housing-shortfall; hmo; habitats-mitigation; l2-1-d-fail,https://planningdistilled.org/research/england/nppf-navigator/decisions/PINS-6007128.html
PINS-6007369,"38 Brook Lane, Corfe Mullen",Dorset,South West,inspector,6007369,P/HOU/2025/06963,2026-08-24,dismissed,householder,Extension to existing annexe (living room) and flue,householder,,green-belt,true,not-argued,,2026-08,GB7(1)(b); GB6(2),inappropriate development; openness; VSC,disproportionate-extension; householder; vsc-not-shown; openness-harm; garden-not-pdl; psed-considered; fallback-not-evidenced; drafting-slip,https://planningdistilled.org/research/england/nppf-navigator/decisions/PINS-6007369.html
PINS-6008542,"22 Woodside View, Thundersley",Castle Point,East of England,inspector,6008542,26/0028/FUL,2026-08-24,allowed,written-representations,Change of use of 3-bed house (C3) to children's care home (C2) for up to 2 children,change-of-use; specialist-housing,,inside-settlement,false,n/a,,not-cited,Castle Point LP H2,loss of family dwelling vs need for children's placements,tier-2; childrens-home; no-framework-cited; specialist-housing-need,https://planningdistilled.org/research/england/nppf-navigator/decisions/PINS-6008542.html
PINS-6008744,"Land rear of 1 Nelson Road, North Walsham",North Norfolk,East of England,inspector,6008744,PF/25/2503,2026-08-24,dismissed,written-representations,Replacement of 8 garages/storage sheds with 5 shipping containers for domestic storage,other,,inside-settlement,false,n/a,,not-cited,s38(6); North Norfolk LP ENV8; North Norfolk LP ENV7,character and appearance; living conditions,tier-2; no-framework-reference; design-refusal; living-conditions,https://planningdistilled.org/research/england/nppf-navigator/decisions/PINS-6008744.html
PINS-6009270,"Land adjacent to Village Hall, Clay Hill, Great Henny (pottery studio)",Braintree,East of England,inspector,6009270,25/02803/FUL,2026-08-24,dismissed,written-representations,Single-storey larch-clad pottery studio (described as replacement outbuilding) on a grass paddock in the countryside,other,,open-countryside; listed-building-setting; rural-lane,false,n/a,,2024-12 (transitional),s38(6); HE6(4),suitability of site for proposed use; heritage setting,transitional; old-framework-applied; old-wording-slip; countryside; heritage-harm-decisive; fallback,https://planningdistilled.org/research/england/nppf-navigator/decisions/PINS-6009270.html
PINS-6009413,"Land west of 21 Hemsby Road, Martham",Great Yarmouth,East of England,inspector,6009413,06/25/0272/F,2026-08-24,dismissed,written-representations,"New B2 industrial unit next to existing workshop, backing onto new-build housing gardens",employment,,inside-settlement,false,n/a,,2026-08,P3,living conditions (noise; enclosure; outlook),tier-2; living-conditions; emerging-plan-weight; transitional-no-consultation,https://planningdistilled.org/research/england/nppf-navigator/decisions/PINS-6009413.html
PINS-6009578,"13 Stone Lane, New Whittington, Chesterfield",Chesterfield,East Midlands,inspector,6009578,CHE/26/00071/HOU,2026-08-24,dismissed,householder,First-floor rear extension over existing single-storey extension (non-determination),householder,,inside-settlement,false,n/a,,2026-08,Chesterfield LP CLP14; P3(2)(a),living conditions of future occupiers and neighbours,tier-2; non-determination; future-occupier-amenity; 45-degree-rule,https://planningdistilled.org/research/england/nppf-navigator/decisions/PINS-6009578.html
PINS-6009660,"6 Rooth Street, Wednesbury",Sandwell,West Midlands,inspector,6009660,DC/25/71294,2026-08-24,allowed,written-representations,Change of use from 6-person HMO (C4) to 7-bed sui generis HMO,change-of-use,,inside-settlement,false,n/a,,2026-08,TR6(4),on-street parking and highway safety,tier-2; hmo; tr6-highway-safety; parking-stress,https://planningdistilled.org/research/england/nppf-navigator/decisions/PINS-6009660.html
PINS-6010378,"6 Marsh Road, Newton Abbot (veranda over River Lemon)",Teignbridge,South West,inspector,6010378,25/01810/FUL,2026-08-24,dismissed,written-representations,Retrospective veranda and associated works extending over the River Lemon,householder,,inside-settlement; flood-zone-3,false,n/a,,2026-08,F7,flood risk and river maintenance,flood-risk; statutory-consultee-weight; parties-consulted-on-2026-framework; tier-2,https://planningdistilled.org/research/england/nppf-navigator/decisions/PINS-6010378.html
PINS-6010567,"Castleton, Days Lane, Doddinghurst",Brentwood,East of England,inspector,6010567,26/00233/HHA,2026-08-24,dismissed,householder,Detached outbuilding (home gym and shower) incidental to dwelling,householder,,green-belt; listed-building-setting,true,not-argued,,2026-08,GB7(1)(b); GB6(2),inappropriate development; openness; listed building setting; VSC,disproportionate-extension; outbuilding-as-extension; vsc-not-shown; householder; transitional-no-consultation,https://planningdistilled.org/research/england/nppf-navigator/decisions/PINS-6010567.html
PINS-6011023,"60 King Edward Road, Coventry (dwelling to 5-person HMO)",Coventry,West Midlands,inspector,6011023,PL/2026/0000340/FUL,2026-08-24,dismissed,written-representations,Change of use to 5-person C4 HMO with rear dormer and single-storey infill extension (Article 4 area),change-of-use,,inside-settlement,false,n/a,,2026-08,Coventry HMO DPD HMO2,HMO concentration; neighbour amenity; design,hmo; fallback; transitional-no-consultation; tier-2,https://planningdistilled.org/research/england/nppf-navigator/decisions/PINS-6011023.html
PINS-6011065,"Rykneld, Main Road, Old Brampton",North East Derbyshire,East Midlands,inspector,6011065,25/00930/FLH,2026-08-24,dismissed,householder,Extension over existing garage with rear balcony,householder,,green-belt,true,not-argued,,2026-08,GB6(2); GB7(1)(b),inappropriate development; openness and purposes; VSC,disproportionate-extension; vsc-not-shown; openness-harm; solar-benefit-substantial; cumulative-extensions,https://planningdistilled.org/research/england/nppf-navigator/decisions/PINS-6011065.html
PINS-6011274,"Land south of 18 Thompson Street, Chesterfield",Chesterfield,East Midlands,inspector,6011274,CHE/25/00866/VCON,2026-08-24,allowed,written-representations,Appeal against obscure-glazing/restrictor condition on north-facing office windows (s73 variation of 2017 light industrial/office scheme),employment,,inside-settlement,false,n/a,,2026-08,DM6,necessity of condition; overlooking,tier-2; conditions-appeal; living-conditions; transitional-no-consultation,https://planningdistilled.org/research/england/nppf-navigator/decisions/PINS-6011274.html
bromsgrove-25-01429-FUL,"Crowfields Farm, Fockbury Road, Dodford (new dwelling replacing barn and stables)",Bromsgrove,West Midlands,lpa-delegated,,25/01429/FUL,2026-08-21,approved,delegated,Demolition of stables and an agricultural building (the latter with Class Q approval) and construction of one four-bedroom dwelling,housing-minor; replacement-dwelling,1,green-belt; open-countryside; rural-lane,true,not-argued,,2026-08,GB7(1)(b); GB7(1)(e); GB7(1)(g)(iii); GB6(2),Green Belt exceptions; sustainable location; fallback as very special circumstances,class-q-fallback; fallback; vsc-shown; sustainable-location-fail; openness-improvement; small-scheme,https://planningdistilled.org/research/england/nppf-navigator/decisions/bromsgrove-25-01429-FUL.html
PINS-6002703,"4 Ruthys Lane, Padstow",Cornwall,South West,inspector,6002703,PA25/05946,2026-08-21,dismissed,written-representations,s73 variation/removal of conditions 2 and 3 of PA22/03842 to keep a front parking area in place of a reinstated garden and stone boundary wall,householder; other,,inside-settlement; conservation-area,false,n/a,,2026-08,HE6(4); HE6(1); HE6(3),conservation area character,heritage-harm-decisive; he6-public-benefits-insufficient; less-than-substantial-legacy-wording; conservation-area; transitional-no-consultation; private-benefit-discounted; section-73,https://planningdistilled.org/research/england/nppf-navigator/decisions/PINS-6002703.html
PINS-6004393,"87-89 Golders Green Road (The Promenade), Golders Green",Barnet,London,inspector,6004393,25/4770/LBC,2026-08-21,dismissed,written-representations,"Retrospective and proposed kitchen extract ducting, fridge and air-conditioning condensers on rear flat roof of Grade II listed parade (planning 6004392 and LBC 6004393)",commercial; listed-building-consent,,inside-settlement; conservation-area; listed-building-setting,false,n/a,,2026-08,HE6(3); HE6(4),listed building; conservation area,heritage-harm-decisive; conservation-area; retrospective; listed-building; alternative-scheme-not-explored; plant-equipment; he6-harm-graded; he6-public-benefits-insufficient,https://planningdistilled.org/research/england/nppf-navigator/decisions/PINS-6004393.html
PINS-6006959,"Titchmarsh Marina, Coles Lane, Walton-on-the-Naze (replacement workshop, Flood Zone 3)",Tendring,East of England,inspector,6006959,25/00919/FUL,2026-08-21,dismissed,written-representations,Replacement marine engineering workshop within a boatyard,commercial; employment,,flood-zone-3,false,n/a,,2026-08,F4(1),flood risk,flood-risk; replacement-building; evidence-gap; transitional-no-consultation,https://planningdistilled.org/research/england/nppf-navigator/decisions/PINS-6006959.html
PINS-6007449,Roman Road opposite 19 Shepherds Bush Green (replacement BT Street Hub),Hammersmith and Fulham,London,inspector,6007449,2025/00689/FUL,2026-08-21,allowed,written-representations,Replacement of an InLink unit with a larger BT Street Hub 3 and digital advert screens (planning Appeal B; linked advert Appeal A 6007445),telecoms; advertisement,,inside-settlement; listed-building-setting,false,n/a,,2026-08,HE4,character and heritage settings; public safety,tier-2; telecoms; street-hub; transitional-no-consultation,https://planningdistilled.org/research/england/nppf-navigator/decisions/PINS-6007449.html
PINS-6007589,"83 Attingham Drive, Dudley",Dudley,West Midlands,inspector,6007589,P25/1167,2026-08-21,allowed,written-representations,"Change of use of 4-bed house (C3) to children's care home (C2) for one child, with side parking and retrospective fencing",change-of-use; specialist-housing,,inside-settlement,false,n/a,,2026-08,development-plan-only,character and appearance; garden space for occupier,tier-2; childrens-home; specialist-housing; no-framework-reference; limited-nppf-engagement,https://planningdistilled.org/research/england/nppf-navigator/decisions/PINS-6007589.html
PINS-6007680,"32 Bell End, Rowley Regis",Sandwell,West Midlands,inspector,6007680,DC/25/71260,2026-08-21,dismissed,written-representations,"Two-storey side/rear extension, 10-child day nursery on ground floor with flat above",change-of-use; commercial,,inside-settlement,false,n/a,,2026-08,DP3; P3(2)(b); TR6(4),character; neighbour noise; highway safety,tier-2; nursery; noise; highway-safety-fail; transitional-no-consultation,https://planningdistilled.org/research/england/nppf-navigator/decisions/PINS-6007680.html
PINS-6007717,"Duckmoor Barn, Wooddale Lane, Billingshurst (Class Q)",Horsham,South East,inspector,6007717,DC/25/1949,2026-08-21,dismissed,written-representations,Class Q prior approval for conversion of part of a largely open-sided agricultural building to one dwelling,conversion; housing-minor,1,open-countryside,false,n/a,,not-cited,GPDO Q.1(j),conversion or rebuild,tier-2; prior-approval; class-q; hibbitt-rebuild; no-framework-cited,https://planningdistilled.org/research/england/nppf-navigator/decisions/PINS-6007717.html
PINS-6008594,"New Life Church, St James Street, Ashton-under-Lyne",Tameside,North West,inspector,6008594,25/00921/FUL,2026-08-21,allowed,written-representations,Two linked modular buildings replacing a garage for church community outreach,other,,inside-settlement,false,n/a,,2026-08,Tameside UDP C1,character and appearance,tier-2; community-facility; modular-building; transitional-no-consultation,https://planningdistilled.org/research/england/nppf-navigator/decisions/PINS-6008594.html
PINS-6009460,"157 Lodge Lane, Hyde, Tameside (outline, 1 dwelling in side garden)",Tameside,North West,inspector,6009460,25/00965/OUT,2026-08-21,allowed,written-representations,"Outline permission for one 2-bed dwelling extending an end terrace (access, layout, scale)",housing-minor,1,inside-settlement,false,n/a,,2026-08,s38(6); DP3,character and appearance,tier-2; garden-infill; bng-exemption; appeal-planning-officer; transitional-no-consultation,https://planningdistilled.org/research/england/nppf-navigator/decisions/PINS-6009460.html
PINS-6009772,"Pavement outside 297 King Street, Hammersmith",Hammersmith and Fulham,London,inspector,6009772,2025/03048/FUL,2026-08-21,dismissed,written-representations,Freestanding multifunctional hub with digital screen and public defibrillator on footway (non-determination),telecoms,,inside-settlement; conservation-area,false,n/a,,2026-08,HE6(3); HE6(4); HE4; DP3,character and CA setting; highway safety,street-hub; telecoms; conservation-area-setting; heritage-harm-decisive; he6-harm-ungraded; he6-3-considerable-weight; non-determination; transitional-no-consultation,https://planningdistilled.org/research/england/nppf-navigator/decisions/PINS-6009772.html
PINS-6009864,"Outside 80 Middle Street, Yeovil (communication kiosk)",Somerset,South West,inspector,6009864,26/00448/FUL,2026-08-21,allowed,written-representations,"Communication kiosk with telephone, touchscreen, defibrillator and illuminated digital advertisement on a pedestrianised town-centre street (linked advertisement appeal 6009865, ref 26/00449/ADV)",telecoms; advertisement,,inside-settlement,false,n/a,,2026-08,CO1,character and appearance / amenity,telecoms; street-hub; co1-substantial-weight; transitional-no-consultation,https://planningdistilled.org/research/england/nppf-navigator/decisions/PINS-6009864.html
PINS-6010163,"13 and 15 Galena Road, Hammersmith",Hammersmith and Fulham,London,inspector,6010163,2025/02695/PMA56,2026-08-21,dismissed,written-representations,"Two Class MA prior approvals, office to 3 flats in each of two adjoining buildings (Appeal A 6010163, Appeal B 6010167)",change-of-use; housing-minor,6,inside-settlement; flood-zone-3,false,n/a,,2026-08,F4; P3(2)(a),transport; contamination; flooding; noise; natural light,tier-2; prior-approval; class-ma; limited-nppf-engagement,https://planningdistilled.org/research/england/nppf-navigator/decisions/PINS-6010163.html
PINS-6010167,"13 and 15 Galena Road, Hammersmith (Class MA prior approval)",Hammersmith and Fulham,London,inspector,6010167,2025/02696/PMA56,2026-08-21,dismissed,written-representations,"Prior approval under GPDO Class MA for two buildings, each converted to three flats (linked appeal 6010163)",change-of-use; housing-minor,6,inside-settlement,false,n/a,,not-cited,GPDO Sch 2 Pt 3 Class MA MA.2(2)(c); MA.2(2)(d),flooding; noise; transport; contamination; light,prior-approval; class-ma; holborn-studios; tier-2,https://planningdistilled.org/research/england/nppf-navigator/decisions/PINS-6010167.html
PINS-6010271,"Land beside 43 Westminster Road, Worcester (1 dwelling)",Worcester,West Midlands,inspector,6010271,25/00909/FUL,2026-08-21,dismissed,written-representations,"New dwelling in the side gap of a semi-detached house, forming a short terrace",housing-minor,1,inside-settlement,false,n/a,,2026-08,DP3; S4,character and appearance; living conditions; biodiversity net gain,design-refusal; bng; transitional-no-consultation; small-scheme; s4-substantially-outweighed; tier-2,https://planningdistilled.org/research/england/nppf-navigator/decisions/PINS-6010271.html
PINS-6010430,"Regency House, 65 New Bridge Street, Leicester",Leicester,East Midlands,inspector,6010430,20251872,2026-08-21,dismissed,written-representations,Change of use of B2 factory to car repair workshop and MOT centre (sui generis) (retrospective),change-of-use; commercial,,inside-settlement,false,n/a,,2026-08,TR6(4),highway safety,tier-2; highway-safety-fail; retrospective; conditions-unenforceable; transitional-no-consultation,https://planningdistilled.org/research/england/nppf-navigator/decisions/PINS-6010430.html
PINS-6010523,"Joiners Arms, Church Street, Carlisle",Cumberland,North West,inspector,6010523,26/0177,2026-08-21,allowed,written-representations,New kitchen ventilation system with external stainless-steel flue,commercial,,inside-settlement,false,n/a,,2026-08,DP3,character and appearance,tier-2; transitional-no-consultation; limited-nppf-engagement,https://planningdistilled.org/research/england/nppf-navigator/decisions/PINS-6010523.html
PINS-6010890,"1A Darwin Drive, Southall",Ealing,London,inspector,6010890,261148FUL,2026-08-21,allowed,householder,Single storey side/rear extension (5m deep) to ground-floor flat after demolition of shed,householder,,inside-settlement,false,n/a,,2026-08,s38(6),character and appearance,tier-2; householder; appeal-planning-officer; transitional-no-consultation; limited-nppf-engagement,https://planningdistilled.org/research/england/nppf-navigator/decisions/PINS-6010890.html
SOS-EN010151,"Beacon Fen Energy Park, near Heckington, Lincolnshire (DCO)",North Kesteven / Boston (Lincolnshire),East Midlands,secretary-of-state,,EN010151,2026-08-21,approved,inquiry,"DCO for 400 MW ground-mounted solar PV with up to 600 MVA battery storage, access corridor and cable connection to Bicker Fen substation",renewable-solar; battery-storage; infrastructure,,open-countryside; agricultural-land-BMV; listed-building-setting,false,n/a,,2024-12 (transitional),NPS EN-1 5.9.32; NPS EN-1 5.11.34,need for renewable energy; BMV agricultural land; heritage setting; landscape; compulsory acquisition,secretary-of-state; nsip-dco; transitional; transitional-no-consultation; old-wording-slip; renewable-energy; bmv-land,https://planningdistilled.org/research/england/nppf-navigator/decisions/SOS-EN010151.html
warwick-W-25-0302,"Land off High Cross Lane, Pinley Green (permanent rural worker's dwelling)",Warwick,West Midlands,lpa-delegated,,W/25/0302,2026-08-21,approved,delegated,Three-bedroom cottage-style rural worker's dwelling (150 m² footprint) with detached garage replacing a temporary log cabin at an equestrian enterprise,housing-minor; equestrian,1,green-belt; open-countryside; isolated,true,not-argued,,2026-08,HO11(1)(a); GB6(2),rural worker need; Green Belt very special circumstances; dwelling size,rural-worker-dwelling; vsc-shown; equestrian; small-scheme,https://planningdistilled.org/research/england/nppf-navigator/decisions/warwick-W-25-0302.html
maidstone-26-501191-FULL,"Mobile home at Wierton Hill Farm, Boughton Monchelsea",Maidstone,South East,lpa-committee,,26/501191/FULL,2026-08-20,refused,committee,"Replacement of lawful residential mobile home (27 sqm) with permanent self-build dwelling (151 sqm footprint, c.650 m3)",replacement-dwelling; self-build,1,open-countryside; isolated,false,n/a,4.5,2026-08,S5(1)(c); S5(1)(d); HO11,replacement building disproportionate; PDL garden land; isolated homes; countryside character,overturned-officer-rec; replacement-dwelling; s5-1-c; disproportionate-extension; isolated-home; countryside-character; small-scheme,https://planningdistilled.org/research/england/nppf-navigator/decisions/maidstone-26-501191-FULL.html
PINS-6003496,"High Kays Lea Farm, Hamsterley",County Durham,North East,inspector,6003496,DM/25/02546/FPA,2026-08-20,allowed,written-representations,"Change of use of grazing paddock to private all-weather horse arena (50m x 30m, post-and-rail fence, no lighting)",equestrian; change-of-use,,open-countryside; valued-landscape,false,n/a,,2026-08,s38(6),character and appearance; rural landscape,tier-2; equestrian; transitional-no-consultation; landscape-harm-rejected,https://planningdistilled.org/research/england/nppf-navigator/decisions/PINS-6003496.html
PINS-6003947,"Land south east of Kildale, Maidstone Road, Headcorn",Maidstone,South East,inspector,6003947,25/504705/FULL,2026-08-20,dismissed,written-representations,"Change of use of land to one-plot residential Gypsy site (static, touring caravan, dayroom), fencing, hardstanding, cesspit, landscaping (part retrospective)",travellers; change-of-use,1,open-countryside,false,n/a,,2026-08,TR6(4),highway safety,travellers; traveller-supply-shortfall; highway-safety-decisive; highway-safety-visibility; tr6-highway-safety; retrospective; best-interests-of-children; psed; temporary-permission; fallback-not-evidenced; transitional-no-consultation; limited-nppf-engagement; ppts-superseded-still-applied,https://planningdistilled.org/research/england/nppf-navigator/decisions/PINS-6003947.html
PINS-6006744,"30 Honeysuckle Gardens, Hatfield",Welwyn Hatfield,East of England,inspector,6006744,6/2025/2268/FULL,2026-08-20,dismissed,householder,Close-boarded fence enclosing open amenity land beside an end-terrace house as garden (change of use),householder; change-of-use,,inside-settlement,false,n/a,,2026-08,DP3(1),character and appearance,tier-2; transitional-no-consultation; design-refusal; amenity-land-enclosure; householder,https://planningdistilled.org/research/england/nppf-navigator/decisions/PINS-6006744.html
PINS-6007465,"Land adjacent to 51 Harcourt Road, Bushey",Hertsmere,East of England,inspector,6007465,24/0990/FUL,2026-08-20,allowed,written-representations,New two-storey infill house (non-determination; Council supported),housing-minor,1,inside-settlement,false,n/a,,2026-08,DM6,conditions,tier-2; non-determination; transitional-no-consultation; small-scheme,https://planningdistilled.org/research/england/nppf-navigator/decisions/PINS-6007465.html
PINS-6007601,"Upper Sent Cottages, The Barn, Okewood Hill",Mole Valley,South East,inspector,6007601,MO/2025/02511,2026-08-20,dismissed,written-representations,Change of use of land for temporary siting of a static caravan as a rural worker's dwelling for an equestrian enterprise (retrospective),housing-minor; equestrian; change-of-use,1,open-countryside; isolated; rural-lane; valued-landscape; listed-building-setting,false,n/a,,2026-08,HO11(1)(a); S5(3),essential need for a rural worker; accessibility; character and appearance,rural-worker-dwelling; isolated-home; s5-3-isolated; equestrian; retrospective; sustainable-location-fail; rural-lane-no-footway; evidence-gap; transitional-no-consultation,https://planningdistilled.org/research/england/nppf-navigator/decisions/PINS-6007601.html
PINS-6007762,"7 Church Street, Stamford",South Kesteven,East Midlands,inspector,6007762,S25/2181,2026-08-20,dismissed,written-representations,"Two-storey rear extension with dual-gable roof, solar panels, rooflights, side window and ASHP to a 1903 end-terrace house (non-determination)",householder,,inside-settlement; conservation-area; listed-building-setting,false,n/a,,2026-08,HE6(1); HE6(4); HE7(2); HE9(1),conservation area; non-designated heritage assets,heritage-harm-decisive; he6-public-benefits-insufficient; less-than-substantial-legacy-wording; conservation-area; ndha; householder; transitional-no-consultation; inspector-departs-from-conservation-officer; positive-building-as-ndha,https://planningdistilled.org/research/england/nppf-navigator/decisions/PINS-6007762.html
PINS-6008914,"50 St Helens Road, Bolton (shopfront cladding and extensions)",Bolton,North West,inspector,6008914,00060/26,2026-08-20,allowed,written-representations,"Retrospective single-storey rear and first-floor extension, new shopfront with black cladding, window and extractor flue",commercial,,inside-settlement,false,n/a,,2026-08,s38(6),character and appearance,tier-2; retrospective; shopfront; transitional-no-consultation,https://planningdistilled.org/research/england/nppf-navigator/decisions/PINS-6008914.html
PINS-6009498,"Vestacare Stadium, Whitebank Road, Oldham (extended hours for 2 events a year)",Oldham,North West,inspector,6009498,VAR/354748/25,2026-08-20,dismissed,written-representations,s73 variation of hours and floodlight conditions on a 3G pitch to allow two non-football events a year until 11pm (May-Sept),leisure,,inside-settlement,false,n/a,,2026-08,P3(1); P3(2)(b); P3(2)(d); P3(2)(e); DP3(2)(a),living conditions (noise and light),tier-2; s73; noise; missing-evidence; old-to-new-mapping; transitional-no-consultation,https://planningdistilled.org/research/england/nppf-navigator/decisions/PINS-6009498.html
PINS-6009776,"Pavement outside 1b Shepherds Bush Road, Hammersmith",Hammersmith and Fulham,London,inspector,6009776,2025/03050/FUL,2026-08-20,dismissed,written-representations,Freestanding multifunctional street hub with digital screen and public defibrillator on footway (non-determination),telecoms,,conservation-area; listed-building-setting; inside-settlement,false,n/a,,2026-08,HE6(4); HE7(2),character and appearance / heritage; highway safety,telecoms; street-hub; heritage-harm-decisive; he6-public-benefits-insufficient; he6-harm-ungraded; conservation-area; ndha-harm; old-wording-slip; transitional-no-consultation; non-determination,https://planningdistilled.org/research/england/nppf-navigator/decisions/PINS-6009776.html
PINS-6009929,"7A Saxon Drive, Acton",Ealing,London,inspector,6009929,253131FUL,2026-08-20,dismissed,written-representations,Conversion of a flat into two flats with roof extension and dormers,housing-minor; conversion,1,inside-settlement,false,n/a,,2026-08,S4; DP3,character and appearance; living conditions,s4-within-settlement; s4-substantially-outweighed; design-refusal; living-conditions; old-wording-slip; transitional-no-consultation; appeal-planning-officer; tier-2,https://planningdistilled.org/research/england/nppf-navigator/decisions/PINS-6009929.html
PINS-6010409,"Land at Berry Cross, Peters Marland",Torridge,South West,inspector,6010409,1/0031/2026/AGMB,2026-08-20,dismissed,written-representations,"Class Q prior approval, agricultural building to 1 dwellinghouse with building operations",conversion; housing-minor; agricultural,1,open-countryside,false,n/a,,2026-08,DM9,whether permitted development,tier-2; prior-approval; class-q; inspector-raised-own-ground; limited-nppf-engagement,https://planningdistilled.org/research/england/nppf-navigator/decisions/PINS-6010409.html
PINS-6010542,"Northolm Farm, Crowland Road, Eye Green, Peterborough (barn to B2/B8)",Peterborough,East of England,inspector,6010542,25/01330/FUL,2026-08-20,dismissed,written-representations,Change of use of agricultural barn to B2/B8 as storage and dispatch base for a mobile agricultural repair business,change-of-use; employment; conversion,,open-countryside; listed-building-setting,false,n/a,,2026-08,TR6(4); S5(1)(c),highway safety,highway-safety-fail; rural-business-conversion; s5-1-c-reuse; transitional-no-consultation; old-wording-slip; red-line-grampian,https://planningdistilled.org/research/england/nppf-navigator/decisions/PINS-6010542.html
threerivers-25-2168-OUT,"Land adjacent to Woodlands Cottage, Oxhey Lane, Carpenders Park",Three Rivers,East of England,lpa-committee,,25/2168/OUT,2026-08-20,refused,committee,"Outline, up to 70 dwellings (50% affordable, 7 self-build plots), access onto Oxhey Lane",housing-major; affordable-led; self-build,70,green-belt; settlement-edge; listed-building-setting,true,rejected,1.2,2026-08,GB6(2); GB7(1)(h)(i); GB7(1)(g)(i); HE6(4),grey belt; station route GB7(1)(h); heritage; VSC balance; members vs officers,overturned-officer-rec; station-route-h; grey-belt-rejected; golden-rules; housing-shortfall; heritage-harm-decisive; vsc-not-shown; reasonable-walking-distance; emerging-allocation; large-scheme,https://planningdistilled.org/research/england/nppf-navigator/decisions/threerivers-25-2168-OUT.html
basildon-24-01047-OUT,"Land adjacent to Blackthorn Stud, Kennel Lane, Billericay",Basildon,East of England,lpa-committee,,24/01047/OUT,2026-08-19,refused,committee,"Outline, up to 11 dwellings, no affordable housing",housing-major,11,green-belt; settlement-edge,true,accepted,2.05,2026-08,GB7(1)(g)(iv); GB8(1)(a); GB6(2),Golden Rules for small-major scheme; VSC,golden-rules-failed; grey-belt-accepted; vsc-not-shown; housing-shortfall; non-determination; bng-unresolved; open-market,https://planningdistilled.org/research/england/nppf-navigator/decisions/basildon-24-01047-OUT.html
basildon-25-01188-OUT,"Land south of Woolshots Farm, London Road, Wickford/Billericay",Basildon,East of England,lpa-committee,,25/01188/OUT,2026-08-19,refused,committee,"Outline, up to 71 dwellings (50% affordable), SuDS basin, access from London Road",housing-major; affordable-led,71,green-belt; settlement-edge,true,rejected,2.05,2026-08,GB6(2); AnnexB:grey-belt; GB8,grey belt; VSC; Golden Rules outside GB7(1)(g),overturned-officer-rec; non-determination; grey-belt-rejected; vsc-not-shown; golden-rules; housing-shortfall; affordable-led; report-written-under-2024,https://planningdistilled.org/research/england/nppf-navigator/decisions/basildon-25-01188-OUT.html
basildon-25-01190-OUT,"Land south of London Road, Crays Hill, Billericay",Basildon,East of England,lpa-committee,,25/01190/OUT,2026-08-19,refused,committee,"Outline, up to 56 dwellings (50% affordable), SuDS, access from London Road (A129)",housing-major; affordable-led,56,green-belt; settlement-edge,true,rejected,2.05,2026-08,GB6(2); AnnexB:grey-belt,grey belt purposes (a)/(b); VSC; coalescence,overturned-officer-rec; non-determination; grey-belt-rejected; vsc-not-shown; coalescence; housing-shortfall; affordable-led; report-written-under-2024,https://planningdistilled.org/research/england/nppf-navigator/decisions/basildon-25-01190-OUT.html
cheshireeast-25-2053-FUL,"Land of the former Knowle House, Sagars Road, Handforth (care home)",Cheshire East,North West,lpa-committee,,25/2053/FUL,2026-08-19,approved,committee,"68-bed care home (residential, nursing, dementia) on site of former nursing home destroyed by fire",specialist-housing,68,green-belt; settlement-edge; PDL; valued-landscape,true,accepted,3.3,2026-08,GB6(2); GB7(1)(g)(iv); GB8; GB7(1)(e); TR3,grey belt; Golden Rules for C2; sustainable location; VSC,grey-belt-accepted; golden-rules-failed; care-home-golden-rules; vsc-shown; connectivity-tool; sustainable-location-pass; pdl-e-limb; specialist-housing; housing-shortfall; previous-appeal-superseded,https://planningdistilled.org/research/england/nppf-navigator/decisions/cheshireeast-25-2053-FUL.html
PINS-6004495,"Land at Millend, Brookside Farm, North Nibley",Stroud,South West,inspector,6004495,S.25/2245/AGR,2026-08-19,dismissed,written-representations,Prior approval (GPDO Sch 2 Part 6 Class A) for extension of an agricultural storage barn,agricultural,,open-countryside; national-landscape,false,n/a,,not-cited,GPDO Sch2 Pt6 Class A(a),permitted development; reasonable necessity for agriculture,tier-2; no-framework-reference; prior-approval; agricultural-building; reasonably-necessary,https://planningdistilled.org/research/england/nppf-navigator/decisions/PINS-6004495.html
PINS-6005916,"Parcel 1643 Middle Piece Lane, Burnett (solar farm)",Bath and North East Somerset,South West,inspector,6005916,24/02489/EFUL,2026-08-19,allowed,written-representations,"Ground-mounted solar farm (c.28 ha) with battery storage, transformers, tracks, landscaping and BNG (EIA development)",renewable-solar; battery-storage,,green-belt; open-countryside; listed-building-setting,true,accepted,,2026-08,GB7(1)(g)(i); GB7(1)(g)(ii); GB7(1)(g)(iii); AnnexB:grey-belt; HE6; W3,grey belt; inappropriate development; landscape character; heritage setting,grey-belt-accepted; renewable-energy; gb7-g-non-housing; landscape-harm; heritage-harm-outweighed; transitional-no-consultation; alternative-sites,https://planningdistilled.org/research/england/nppf-navigator/decisions/PINS-6005916.html
PINS-6006023,"Grove House, Town Lane, Mobberley (planning appeal)",Cheshire East,North West,inspector,6006023,25/0500/HOUS,2026-08-19,dismissed,hearing,Conversion of curtilage-listed coach house to ancillary habitable accommodation with glazed link extension to the Grade II farmhouse (planning appeal A; LBC appeal B is 6006027),householder; conversion,,green-belt; conservation-area; listed-building-setting,true,n/a,,2026-08,HE6(3); HE6(4),listed building; protected species,heritage-harm-decisive; he6-harm-graded; he6-public-benefits-insufficient; private-benefit-not-public; alternative-scheme-not-explored; curtilage-listed; householder-gb; transitional-no-consultation,https://planningdistilled.org/research/england/nppf-navigator/decisions/PINS-6006023.html
PINS-6006027,"Grove House, Town Lane, Mobberley",Cheshire East,North West,inspector,6006027,25/0504/LBC,2026-08-19,dismissed,hearing,Conversion of curtilage-listed coach house to ancillary living accommodation with glazed link to Grade II farmhouse (planning 6006023 and LBC 6006027),householder; listed-building-consent; conversion,,green-belt; conservation-area; listed-building-setting,true,n/a,,2026-08,HE6(1); HE6(3); HE6(4),listed building; protected species,heritage-harm-decisive; private-benefit-not-public; optimum-viable-use; alternative-scheme-not-explored; householder-gb; curtilage-listed; he6-harm-graded; he6-public-benefits-insufficient,https://planningdistilled.org/research/england/nppf-navigator/decisions/PINS-6006027.html
PINS-6006151,"Free Range Egg Unit north of Betton, Market Drayton",Shropshire,West Midlands,inspector,6006151,25/04158/FUL,2026-08-19,allowed,written-representations,Siting of an agricultural worker's mobile home for 3 years (retrospective),agricultural; housing-minor,1,open-countryside,false,n/a,,2026-08,HO11(1)(a),essential functional need for rural worker; highway safety,rural-worker-dwelling; retrospective; agricultural-building; transitional-no-consultation; limited-nppf-engagement; isolated-home; temporary-permission,https://planningdistilled.org/research/england/nppf-navigator/decisions/PINS-6006151.html
PINS-6007188,"Brook Close, Rodmarton (demolition of AH Powell NDHA, replacement self-build house)",Cotswold,South West,inspector,6007188,25/02458/FUL,2026-08-19,dismissed,written-representations,"Demolition of a much-altered mid-20th-century Arts and Crafts house (non-designated heritage asset) and outbuildings; replacement self-build dwelling, garage and outbuilding",replacement-dwelling; self-build,1,national-landscape; settlement-edge; listed-building-setting,false,n/a,,not-cited,HE7(3),NDHA loss; listed building setting; conservation area setting; design,ndha-total-loss; heritage-harm-decisive; self-build; replacement-dwelling; national-landscape,https://planningdistilled.org/research/england/nppf-navigator/decisions/PINS-6007188.html
PINS-6008189,"27 Mill Way, Mill Hill, Barnet",Barnet,London,inspector,6008189,26/0507/FUL,2026-08-19,allowed,written-representations,"Roof extension with dormers and conversion of new roof space to one short-term let unit (C1), bin and bike storage",change-of-use; householder,,inside-settlement,false,n/a,,not-cited,s38(6); Barnet LP HOU05,principle (loss of latent housing capacity); amenity and parking; standard of accommodation,tier-2; no-framework-reference; short-term-let; living-conditions,https://planningdistilled.org/research/england/nppf-navigator/decisions/PINS-6008189.html
PINS-6009003,"York bus shelter digital adverts (12 linked appeals, Bauer Media Outdoor)",York,Yorkshire and the Humber,inspector,6009003,25/01092/ADV,2026-08-19,split,written-representations,Replacement of illuminated 6-sheet bus shelter posters with digital displays changing every 10 seconds at 12 York locations,advertisement,,inside-settlement; conservation-area,false,n/a,,2026-08,HE6(1),public safety,advertisement; digital-advertising; public-safety; conservation-area; he6-substantial-weight; transitional-no-consultation; linked-appeals,https://planningdistilled.org/research/england/nppf-navigator/decisions/PINS-6009003.html
PINS-6009129,"Paddock Farm, Bowridge Hill, Gillingham",Dorset,South West,inspector,6009129,P/PAAC/2026/01142,2026-08-19,allowed,written-representations,"Class Q prior approval, agricultural building to 2 dwellings",housing-minor; conversion; agricultural,2,open-countryside,false,n/a,,not-cited,GPDO Sch2 Pt3 Class Q.1(g); GPDO Sch2 Pt3 Class Q.2(1)(e),whether permitted development; location/siting,tier-2; class-q; no-framework-reference; prior-approval,https://planningdistilled.org/research/england/nppf-navigator/decisions/PINS-6009129.html
PINS-6010903,"Glebe Motors, Glebe Road, Finchley (9 flats)",Barnet,London,inspector,6010903,26/1098/FUL,2026-08-19,allowed,written-representations,Demolition of car repair garage and erection of a building with 9 flats (extant permission for 7),housing-minor,9,inside-settlement; PDL,false,n/a,,not-cited,Barnet LP CDH01,quality of accommodation,fallback; small-scheme; tier-2,https://planningdistilled.org/research/england/nppf-navigator/decisions/PINS-6010903.html
PINS-6010986,"Hillcott, Duffield Lane, Newborough",East Staffordshire,West Midlands,inspector,6010986,P/2025/00476,2026-08-19,dismissed,written-representations,Subdivision of planning unit and conversion of garage/outbuilding to separate 2-bed dwelling,housing-minor; conversion,1,open-countryside; rural-lane,false,n/a,,not-cited,TR3,sustainable location; highway safety,sustainable-location-fail; rural-lane-no-footway; small-scheme; appeal-planning-officer; framework-version-unstated; old-wording-slip,https://planningdistilled.org/research/england/nppf-navigator/decisions/PINS-6010986.html
tmbc-25-01976-PA,"Coblands Nursery, Trench Road, Tonbridge",Tonbridge and Malling,South East,lpa-committee,,TM/25/01976/PA,2026-08-19,approved,committee,"Outline (EIA), up to 350 dwellings (50% affordable), two accesses, open space, school parking, pedestrian/cycle link to sports ground",housing-major; affordable-led,350,green-belt; settlement-edge; PDL,true,accepted,2.96,2026-08,GB7(1)(g); GB8; TR3; TR6,grey belt; PDL openness; sustainable location; Golden Rules; highways capacity,grey-belt-accepted; golden-rules; not-inappropriate; sustainable-location-pass; housing-shortfall; affordable-led; large-scheme; pdl-e-limb; london-as-large-built-up-area; applicant-drafted-nppf-table; s5-5-misapplied,https://planningdistilled.org/research/england/nppf-navigator/decisions/tmbc-25-01976-PA.html
PINS-6002759,"Land south of Westwood Heath Road, Burton Green",Warwick,West Midlands,inspector,6002759,W/25/0388,2026-08-18,allowed,written-representations,Outline planning permission for up to 140 homes on safeguarded land (access only),housing-major,140,settlement-edge; agricultural-land-BMV,false,n/a,,2024-12 (transitional),S3,safeguarded land,transitional; old-wording-slip; housing-shortfall; large-scheme; safeguarded-land; reason-not-substantiated,https://planningdistilled.org/research/england/nppf-navigator/decisions/PINS-6002759.html
PINS-6005664,"Land West of Spratts Farm, Queenborough Road, Southminster",Maldon,East of England,inspector,6005664,25/00206/OUTM,2026-08-18,allowed,inquiry,"Outline, up to 110 dwellings (30% affordable), demolition of 46 Queenborough Road for access, POS, structural planting, SuDS; access only for approval",housing-major; affordable-led,110,settlement-edge; open-countryside; listed-building-setting,false,n/a,4.04,2026-08,S3(1)(b); S5(1)(j); S5(1); HO7; HO1; N2; HE6; P3,landscape and visual impact; noise to neighbour; S5 planning balance,s5-1-j; housing-shortfall; large-scheme; no-consultation-on-2026-framework; decided-day-after-publication; s5-limb-misdescribed; old-wording-slip; tilted-balance-2024; plan-conflict-overridden; landscape-harm-limited; n2-does-not-protect-countryside; previous-appeal-distinguished; noise; affordable-weight; s106-benefits-limited-weight,https://planningdistilled.org/research/england/nppf-navigator/decisions/PINS-6005664.html
PINS-6008539,"Land adjacent to Fulwood, School Road, Bagnall",Staffordshire Moorlands,West Midlands,inspector,6008539,SMD/2025/0197,2026-08-18,dismissed,written-representations,Outline for one self-build bungalow with garage at the village edge,housing-minor; self-build,1,green-belt; settlement-edge; conservation-area,true,accepted,,2026-08,HE6; DP3,conservation area setting; character and appearance,grey-belt-accepted; heritage-harm-decisive; conservation-area; small-scheme; self-build; transitional-no-consultation; appeal-planning-officer,https://planningdistilled.org/research/england/nppf-navigator/decisions/PINS-6008539.html
PINS-6009620,"Flat 1, 5 Darley Road, Eastbourne",Eastbourne,South East,inspector,6009620,250709,2026-08-18,dismissed,householder,Retention of polycarbonate/uPVC-clad rear veranda to ground-floor flat (greenhouse and store not disputed),householder,,conservation-area; inside-settlement,false,n/a,,not-cited,Eastbourne CS D10a; EBP UHT1,character and appearance of host; neighbour outlook,tier-2; retrospective; no-framework-cited; conservation-area,https://planningdistilled.org/research/england/nppf-navigator/decisions/PINS-6009620.html
stratford-26-01608-FUL,"Fowlers Dairy, Small Lane, Earlswood",Stratford-on-Avon,West Midlands,lpa-delegated,,26/01608/FUL,2026-08-18,approved,delegated,Replacement of a lawful light-industrial building (former cheese factory) with a new commercial building,commercial; employment,,green-belt; open-countryside,true,not-argued,,2026-08,GB7(1)(b),Green Belt replacement building,not-inappropriate; gb7-b-replacement; materially-larger-threshold; rural-business; stratford-relevant,https://planningdistilled.org/research/england/nppf-navigator/decisions/stratford-26-01608-FUL.html
APP-P0119-C-26-3378286,"Land at Northwick Road, Pilning",South Gloucestershire,South West,inspector,APP/P0119/C/26/3378286,,2026-08-17,part-allowed,hearing,"Enforcement appeal (ground (a) deemed application): residential caravans, hardcore, buildings and fencing; permission granted for 6 Gypsy and Traveller pitches on two sub-areas, notice upheld on the rest",enforcement; travellers,6,green-belt; settlement-edge,true,accepted,,2024-12 (transitional),GB7(1)(g)(i); GB7(1)(g)(ii); GB7(1)(g)(iii); AnnexB:grey-belt; HO12,grey belt; inappropriate development; traveller site need and supply; sustainable location,transitional; grey-belt-accepted; not-inappropriate; travellers; enforcement-ground-a; sustainable-location-pass; traveller-supply-shortfall,https://planningdistilled.org/research/england/nppf-navigator/decisions/APP-P0119-C-26-3378286.html
bromsgrove-26-00744-FUL,"Land at Yew Tree Lane, Fairfield (two dwellings)",Bromsgrove,West Midlands,lpa-delegated,,26/00744/FUL,2026-08-17,approved,delegated,Two detached four-bedroom dwellings with access and landscaping on a 0.15 ha treed plot,housing-minor,2,green-belt; settlement-edge,true,accepted,2.24,2024-12 (transitional),Transitional(1); GB7(1)(g),grey belt; sustainable location; transition,transitional; grey-belt-accepted; not-inappropriate; housing-shortfall; small-scheme; decided-under-superseded-framework,https://planningdistilled.org/research/england/nppf-navigator/decisions/bromsgrove-26-00744-FUL.html
PINS-6003318,"Robinia, 18 Blyth Hall, Blyth",Bassetlaw,East Midlands,inspector,6003318,25/00800/HSE,2026-08-17,dismissed,written-representations,"Appeal A: two-storey front porch and first-floor side extensions to a modern house; Appeal B (6003486, 25/00871/HSE): appeal against materials/design conditions on an approved outbuilding",householder,,inside-settlement; conservation-area; listed-building-setting,false,n/a,,2024-12 (transitional),HE6(4); HE4(2),setting of listed church; setting of conservation area; character and appearance; conditions,transitional; heritage-harm-decisive; he6-public-benefits-insufficient; less-than-substantial-legacy-wording; conservation-area; householder; setting-harm; disputed-conditions; old-framework-applied-silently,https://planningdistilled.org/research/england/nppf-navigator/decisions/PINS-6003318.html
PINS-6003400,"Blackett Street (outside No 42), Newcastle upon Tyne",Newcastle upon Tyne,North East,inspector,6003400,2025/1512/01/DET,2026-08-17,allowed,written-representations,Replacement of an InLink unit with a BT Street Hub 3 with two 75-inch digital advertising screens (linked advert appeal 6003398),telecoms; advertisement,,inside-settlement; conservation-area; listed-building-setting,false,n/a,,not-cited,HE5(2)(b),heritage setting; character and appearance,tier-2; street-hub; telecoms; advertisement; fallback; heritage-no-harm,https://planningdistilled.org/research/england/nppf-navigator/decisions/PINS-6003400.html
PINS-6003486,"Robinia, 18 Blyth Hall, Blyth (disputed conditions on outbuilding)",Bassetlaw,East Midlands,inspector,6003486,25/00871/HSE,2026-08-17,dismissed,written-representations,"Appeal B: appeal against conditions 3-6 (joinery, materials, roof ventilation, verges and eaves) on permission for a detached garage, store and golf simulation room; linked Appeal A (6003318) against refusal of extensions to the dwelling",householder,,conservation-area; listed-building-setting,false,n/a,,2024-12 (transitional),DM6,heritage setting; conditions,tier-2; transitional; conditions-appeal; heritage-setting,https://planningdistilled.org/research/england/nppf-navigator/decisions/PINS-6003486.html
PINS-6003588,"The Barn, Bull Lane, Tiptree",Colchester,East of England,inspector,6003588,251039,2026-08-17,allowed,written-representations,One custom and self-build dwelling on a paddock with a dilapidated stable,housing-minor; self-build,1,settlement-edge; open-countryside; rural-lane,false,n/a,,2024-12 (transitional),development-plan-only,character and appearance; location outside settlement boundary; accessibility; infrastructure contributions,transitional; transitional-no-consultation; old-framework-para-cited; self-build; small-scheme; previous-appeal-consistency; changed-circumstances; unmade-lane-accessible; contributions-reg122-fail; habitats-mitigation; pd-rights-condition-refused; s5-not-considered,https://planningdistilled.org/research/england/nppf-navigator/decisions/PINS-6003588.html
PINS-6004592,"14 St Catherines Road, Hayling Island (backland bungalow, outline)",Havant,South East,inspector,6004592,APP/25/00185,2026-08-17,dismissed,written-representations,"Outline permission (access, layout, scale) for a single-storey two-bed dwelling in the rear garden with new access past a protected oak",housing-minor,1,inside-settlement; TPO,false,n/a,1.3,2024-12 (transitional),S4; N3,character; protected trees; tilted balance,transitional; housing-shortfall; small-scheme; backland; evidence-gap; trees-tpo,https://planningdistilled.org/research/england/nppf-navigator/decisions/PINS-6004592.html
PINS-6005194,"35 Denmark Road, Poole (9 flats, outline)",Bournemouth Christchurch and Poole,South West,inspector,6005194,P/25/04005/OUT,2026-08-17,dismissed,written-representations,Outline (all matters reserved) demolition of workshop/store (Class E(g)(iii)) and redevelopment with 9 flats,housing-minor; change-of-use,9,inside-settlement; conservation-area; PDL,false,n/a,2.1,2024-12 (transitional),N6(1)(a); HE6(4); HE4; DP3,location; character and heritage (conservation area setting); living conditions; habitats sites,transitional; old-wording-slip; habitats-spa; habitats-refusal; conservation-area; heritage-harm-decisive; design-refusal; housing-shortfall; small-scheme; living-conditions-outlook; unilateral-undertaking-swap,https://planningdistilled.org/research/england/nppf-navigator/decisions/PINS-6005194.html
PINS-6005682,"Unit 9 Latimer Industrial Estate, Latimer Road, Kensington and Chelsea",Kensington and Chelsea,London,inspector,6005682,PP/25/06763,2026-08-17,allowed,written-representations,Demolition of a light industrial unit and a five-storey building with flexible Class E floorspace and 7 flats,housing-minor; commercial,7,inside-settlement; PDL,false,n/a,,2024-12 (transitional),L2,character and appearance and setting of conservation area; neighbours' living conditions; planning obligations,transitional; old-framework-applied-silently; decided-on-publication-day; non-determination; plan-led; brownfield; previous-appeal-followed; small-scheme; tier-2,https://planningdistilled.org/research/england/nppf-navigator/decisions/PINS-6005682.html
PINS-6005788,"Heyrod Fold, John Street, Stalybridge (one dwelling)",Tameside,North West,inspector,6005788,25/00570/FUL,2026-08-17,dismissed,written-representations,Detached two-storey dwelling on an overgrown green gap behind Grade II listed weavers' cottages,housing-minor,1,settlement-edge; listed-building-setting,false,n/a,,2024-12 (transitional),HE6(4),heritage setting; character; biodiversity,tier-2; transitional; heritage-harm-decisive; small-scheme; bng,https://planningdistilled.org/research/england/nppf-navigator/decisions/PINS-6005788.html
PINS-6005849,"17 Allesley Old Road, Chapel Fields, Coventry",Coventry,West Midlands,inspector,6005849,PL/2025/0001016/FUL,2026-08-17,dismissed,written-representations,Change of use from Class E to 4 flats next to a live-music pub,change-of-use; housing-minor,4,inside-settlement; conservation-area,false,n/a,,not-cited,P3(2)(a),living conditions (noise); adjoining pub,tier-2; noise; agent-of-change; conservation-area,https://planningdistilled.org/research/england/nppf-navigator/decisions/PINS-6005849.html
PINS-6005881,"Land rear of 49-51 Cheapside, Luton",Luton,East of England,inspector,6005881,25/01027/FUL,2026-08-17,dismissed,written-representations,Demolition of single-storey outbuilding and erection of terrace of 3 two-bed mews houses,housing-minor,3,inside-settlement; conservation-area; listed-building-setting; PDL,false,n/a,3.36,2024-12 (transitional),HE6(4); S3,conservation area; housing mix; living conditions,transitional; old-framework-applied-silently; heritage-harm-decisive; he6-public-benefits-insufficient; less-than-substantial-legacy-wording; conservation-area; housing-shortfall; small-scheme; design-refusal; strong-reason-for-refusal,https://planningdistilled.org/research/england/nppf-navigator/decisions/PINS-6005881.html
PINS-6006409,"1 Blewitts Cottages, New Road, Rainham",Havering,London,inspector,6006409,P1390.25,2026-08-17,dismissed,written-representations,Retrospective change of use of rear garage from storage to motorbike repair and sales workshop,change-of-use; commercial,,inside-settlement,false,n/a,,not-cited,P3(2)(b),character; neighbour noise; amenity space,tier-2; noise; retrospective; evidence-lacking,https://planningdistilled.org/research/england/nppf-navigator/decisions/PINS-6006409.html
PINS-6006617,"Springbank, Beech Avenue, Exeter",Exeter,South West,inspector,6006617,25/0383/FUL,2026-08-17,dismissed,written-representations,Single storey (self-build) dwelling in the garden of Springbank,housing-minor; self-build,1,inside-settlement; conservation-area; TPO,false,n/a,4.32,2024-12 (transitional),DM6,biodiversity net gain; conservation area; Exe Estuary SPA,transitional; transitional-no-consultation; old-balance-wording; bng-exemption-not-shown; self-build-unsecured; conditions-unenforceable; conservation-area; habitats-mitigation; small-scheme,https://planningdistilled.org/research/england/nppf-navigator/decisions/PINS-6006617.html
PINS-6006636,"42 Prince Drive, Oadby",Oadby and Wigston,East Midlands,inspector,6006636,25/00301/COU,2026-08-17,dismissed,written-representations,Change of use from dwelling (C3) to children's care home for 3 children (C2),change-of-use; specialist-housing,,inside-settlement,false,n/a,,not-cited,HO9,need for C2 use; living conditions,tier-2; childrens-home; need-evidence; loss-of-dwelling; framework-not-cited,https://planningdistilled.org/research/england/nppf-navigator/decisions/PINS-6006636.html
PINS-6006868,"The Grange, Church Street, Hartfield",Wealden,South East,inspector,6006868,WD/2024/2692/LBR,2026-08-17,dismissed,written-representations,"Retrospective LBC: raising attic ceiling, replacing historic collars with new machine-cut timbers, reinstating lath and plaster at a higher level",listed-building-consent; householder,,inside-settlement; conservation-area; listed-building-setting,false,n/a,,2024-12 (transitional),HE6(4); HE4(2),listed building special interest,transitional; old-framework-applied-silently; heritage-harm-decisive; he6-public-benefits-insufficient; less-than-substantial-legacy-wording; retrospective; private-benefit-discounted; internal-works,https://planningdistilled.org/research/england/nppf-navigator/decisions/PINS-6006868.html
PINS-6006948,"Pavement outside the Odeon, James Street West, Bath (BT Street Hub)",Bath and North East Somerset,South West,inspector,6006948,25/04771/FUL,2026-08-17,dismissed,written-representations,"BT Street Hub with 2 digital 75-inch screens, removal of payphones (Appeal B 6006951 advert consent 25/04772/AR also dismissed)",telecoms; advertisement,,inside-settlement; conservation-area; listed-building-setting,false,n/a,,2024-12 (transitional),HE6(4); HE8; P5,heritage and character; public safety,transitional; old-framework-applied-silently; telecoms; bt-street-hub; heritage-harm-decisive; he6-public-benefits-insufficient; less-than-substantial-legacy-wording; conservation-area; world-heritage-site; crime-evidence,https://planningdistilled.org/research/england/nppf-navigator/decisions/PINS-6006948.html
PINS-6006986,"26 Bendemeer Road, Putney",Wandsworth,London,inspector,6006986,2025/0902,2026-08-17,dismissed,written-representations,Conversion of a house into two flats with enlarged roof terrace,housing-minor; conversion,1,inside-settlement,false,n/a,,2024-12 (transitional),s38(6); P3(2)(a),family housing; living conditions,tier-2; transitional; old-wording-slip; living-conditions; flat-conversion; nds-shortfall,https://planningdistilled.org/research/england/nppf-navigator/decisions/PINS-6006986.html
PINS-6007154,"7 Betjeman Close, Harpenden (enlarged replacement dwelling)",St Albans,East of England,inspector,6007154,5/2025/1838,2026-08-17,dismissed,written-representations,Demolition of a 1990s semi-detached house and construction of an enlarged replacement dwelling,replacement-dwelling; householder,,inside-settlement,false,n/a,,2024-12 (transitional),St Albans LP Policy 69; St Albans LP Policy 70,character; daylight,tier-2; transitional; design-refusal; replacement-dwelling,https://planningdistilled.org/research/england/nppf-navigator/decisions/PINS-6007154.html
PINS-6007179,"Land opposite Camel Valley Cottages, Dunmere Road, Bodmin",Cornwall,South West,inspector,6007179,PA22/00580,2026-08-17,dismissed,written-representations,Detached dwelling with sewage treatment plant in a dispersed roadside group outside Bodmin,housing-minor,1,open-countryside; settlement-edge,false,n/a,3.9,2024-12 (transitional),S3; TR3,location / spatial strategy; access to services,transitional; old-wording-slip; sustainable-location-fail; rural-lane-no-footway; housing-shortfall; small-scheme; fallback,https://planningdistilled.org/research/england/nppf-navigator/decisions/PINS-6007179.html
PINS-6007316,"Hilsden Farm, Radcliffe",Bury,North West,inspector,6007316,72260,2026-08-17,dismissed,written-representations,"Permission in principle for up to 4 dwellings on equestrian land (stables, manège, containers, tracks)",PIP; housing-minor; equestrian,4,green-belt; settlement-edge; PDL,true,rejected,4,2024-12 (transitional),GB6(2); GB7(1)(e); GB7(1)(g)(i); AnnexB:grey-belt,grey belt; PDL; openness; density; VSC balance,transitional; PIP; grey-belt-rejected; pdl-e-limb; vsc-not-shown; openness-harm; small-scheme; housing-shortfall; equestrian,https://planningdistilled.org/research/england/nppf-navigator/decisions/PINS-6007316.html
PINS-6007475,"27 Anson Road, Islington (7 flats to one house)",Islington,London,inspector,6007475,P2025/3129/FUL,2026-08-17,dismissed,written-representations,"Conversion of 7 self-contained flats (6 studios, 1 one-bed) into a single 5-bedroom house with rear extension",conversion,,inside-settlement; conservation-area,false,n/a,,not-cited,Islington DMP H2,loss of housing,tier-2; no-framework-cited; plan-led,https://planningdistilled.org/research/england/nppf-navigator/decisions/PINS-6007475.html
PINS-6007771,"Church View, Wilsthorpe Road, Braceborough",South Kesteven,East Midlands,inspector,6007771,S26/0117,2026-08-17,dismissed,written-representations,Detached bungalow in side garden at village edge within conservation area,housing-minor,1,inside-settlement; conservation-area; settlement-edge,false,n/a,4.07,2024-12 (transitional),S3; DP3(3),character and conservation area,transitional; old-heritage-wording; old-wording-slip; design-refusal; conservation-area; housing-shortfall; small-scheme,https://planningdistilled.org/research/england/nppf-navigator/decisions/PINS-6007771.html
PINS-6008050,"99 Allington Road, Newick",Lewes,South East,inspector,6008050,LW/25/0503,2026-08-17,dismissed,written-representations,Erection of a detached dwelling in the side garden gap between 99 and 101 Allington Road,housing-minor,1,settlement-edge; inside-settlement,false,n/a,,not-cited,Lewes LP CP11; Lewes LPP2 DM25,character and appearance,tier-2; garden-infill; no-framework-cited; small-scheme; plan-led,https://planningdistilled.org/research/england/nppf-navigator/decisions/PINS-6008050.html
PINS-6008286,"203 Almners Road, Lyne",Runnymede,South East,inspector,6008286,RU.25/1830,2026-08-17,dismissed,householder,"Two-storey side extension, single-storey rear extension incorporating garage, front porch",householder,,green-belt,true,n/a,,2024-12 (transitional),GB7(1)(b); GB6(2),inappropriate development; openness; VSC,transitional; disproportionate-extension; openness-harm; vsc-not-shown; fallback; householder; appeal-planning-officer-recommendation,https://planningdistilled.org/research/england/nppf-navigator/decisions/PINS-6008286.html
PINS-6008290,"19 Loughborough Road, Burton on the Wolds",Charnwood,East Midlands,inspector,6008290,P/25/2103/2,2026-08-17,allowed,householder,"Listed building consent to replace four first-floor timber windows with timber units using vacuum (""LandVac"") heritage glazing",listed-building-consent; householder,,listed-building-setting; inside-settlement,false,n/a,,2024-12 (transitional),HE5(2)(b),listed building,tier-2; listed-building; heritage-no-harm; windows-glazing; old-wording-slip; energy-efficiency-heritage,https://planningdistilled.org/research/england/nppf-navigator/decisions/PINS-6008290.html
PINS-6008540,"Tzigane, Freeston Avenue, St Georges, Telford",Telford and Wrekin,West Midlands,inspector,6008540,TWC/2026/0126,2026-08-17,allowed,written-representations,"s73 variation of condition 4 (staff numbers/parking per DAS) on permission for four bungalows changed to C2 children's care homes, replacing it with an Operational Management Plan",specialist-housing; change-of-use,,inside-settlement,false,n/a,,2024-12 (transitional),DM6,highway safety (parking); living conditions (noise and disturbance),tier-2; s73-variation; old-wording-slip; childrens-care-home; costs-application; decided-on-publication-day,https://planningdistilled.org/research/england/nppf-navigator/decisions/PINS-6008540.html
PINS-6008668,"Stables west of Green Street, Shenley",Hertsmere,East of England,inspector,6008668,25/1719/FUL,2026-08-17,allowed,written-representations,Demolition of stables and erection of a two-bedroom bungalow with widened grasscrete access,housing-minor,1,green-belt; PDL; open-countryside,true,not-argued,,2024-12 (transitional),GB7(1)(e); S3,inappropriate development; openness and purposes; character and appearance,transitional; transitional-no-consultation; pdl-e-limb; equestrian; small-scheme; housing-shortfall; stables-as-pdl,https://planningdistilled.org/research/england/nppf-navigator/decisions/PINS-6008668.html
PINS-6008872,"62 Birkbeck Road, Romford",Havering,London,inspector,6008872,P1553.25,2026-08-17,allowed,written-representations,Loft conversion with rear dormer and change of use of 4-bed house (C3) to children's care home (C2) for up to 5 children,change-of-use; specialist-housing,,inside-settlement,false,n/a,,2026-08,HO1(2)(f); Havering LP Policy 6,housing mix and need; neighbour living conditions,tier-2; childrens-home; specialist-housing-need; sufficiency-strategy; costs-application,https://planningdistilled.org/research/england/nppf-navigator/decisions/PINS-6008872.html
PINS-6009059,"Flat 2, Berther Road, Hornchurch",Havering,London,inspector,6009059,P0771.25,2026-08-17,dismissed,written-representations,Retrospective change of use of first-floor flat to 7-bed sui generis HMO,change-of-use,,inside-settlement; near-station,false,n/a,,2024-12 (transitional),DP3(3); Havering LP Policy 8,housing mix; occupier living conditions; neighbour amenity; parking,tier-2; hmo; dp3-3-refusal; old-wording-slip; retrospective; no-consultation-on-2026-framework,https://planningdistilled.org/research/england/nppf-navigator/decisions/PINS-6009059.html
PINS-6009085,"Dovecot Avenue / Pilch Lane, Liverpool (20 m streetworks pole, prior approval)",Liverpool,North West,inspector,6009085,26PT/0694,2026-08-17,dismissed,written-representations,"GPDO Part 16 Class A prior approval for a 20 m EE/H3G streetworks pole with antennas, dishes and ground cabinets on a wide pavement by a park and signalised junction",telecoms,,inside-settlement,false,n/a,,2024-12 (transitional),CO1(1)(a); CO1(1)(b); CO2(1)(b),siting and appearance; trees; living conditions; highway; alternative sites,telecoms; prior-approval; transitional; alternative-sites; tree-pressure,https://planningdistilled.org/research/england/nppf-navigator/decisions/PINS-6009085.html
PINS-6009126,"6 Grenadier Drive, West Derby, Liverpool (C3 to C2 children's home)",Liverpool,North West,inspector,6009126,26F/0005,2026-08-17,dismissed,written-representations,Change of use of dwelling to children's residential care home for up to 3 children,change-of-use; specialist-housing,,inside-settlement,false,n/a,,2024-12 (transitional),s38(6); P5,safeguarding and community safety; living conditions,tier-2; transitional; childrens-home; safeguarding; old-wording-slip,https://planningdistilled.org/research/england/nppf-navigator/decisions/PINS-6009126.html
PINS-6009184,"Peterstone Lodge, Burnham Road, Burnham Overy Town",King's Lynn and West Norfolk,East of England,inspector,6009184,25/01006/CU,2026-08-17,dismissed,written-representations,Change of use from holiday let to unrestricted dwelling,housing-minor; change-of-use,1,open-countryside; rural-lane,false,n/a,,not-cited,s38(6); KLWN LP LP02,principle / location,no-framework-reference; holiday-let-conversion; sustainable-location-fail; rural-lane-no-footway; appeal-planning-officer; decided-on-publication-day; small-scheme,https://planningdistilled.org/research/england/nppf-navigator/decisions/PINS-6009184.html
PINS-6009207,"46 The Beck, Elford, Tamworth (new dwelling in side garden)",Lichfield,West Midlands,inspector,6009207,26/00078/FUL,2026-08-17,dismissed,written-representations,New two-storey 3-bed detached dwelling in the side garden of a semi-detached house,housing-minor,1,inside-settlement,false,n/a,,2026-08,s38(6); DP3; TR6,character and appearance; highway safety,tier-2; plan-led; garden-infill; appeal-planning-officer; transitional-no-consultation,https://planningdistilled.org/research/england/nppf-navigator/decisions/PINS-6009207.html
PINS-6009542,"Redundant Barn, Kings Hill, Brassington",Derbyshire Dales,East Midlands,inspector,6009542,25/00700/FUL,2026-08-17,dismissed,written-representations,Demolition of redundant 19th-century barns and erection of a dwelling,housing-minor,1,conservation-area; rural-lane,false,n/a,,2024-12 (transitional),HE7; HE6; TR6(4),NDHA and conservation area; highway safety; protected species,transitional; heritage-harm-decisive; ndha; conservation-area; tier-2,https://planningdistilled.org/research/england/nppf-navigator/decisions/PINS-6009542.html
PINS-6009653,"150 Barnhorn Road, Bexhill",Rother,South East,inspector,6009653,RR/2025/1832/FULL,2026-08-17,dismissed,written-representations,Single-storey (self-build) dwelling formed by altering and extending an outbuilding in rear garden,housing-minor; self-build,1,inside-settlement,false,n/a,3.04,2024-12 (transitional),NPPF2024 para 11(d); Rother CS OSS4; Rother CS SRM2,character and appearance; surface water drainage; neighbours' living conditions,transitional; old-wording-slip; decided-on-publication-day; backland; garden-land; housing-shortfall; self-build; small-scheme; drainage-not-conditionable,https://planningdistilled.org/research/england/nppf-navigator/decisions/PINS-6009653.html
PINS-6009745,"Pine Lodge, Chilworth Drove, Chilworth",Test Valley,South East,inspector,6009745,25/02219/FULLS,2026-08-17,dismissed,written-representations,Detached 4-bed dwelling and carport in side garden of existing house,housing-minor,1,open-countryside; rural-lane; TPO,false,n/a,2.54,2024-12 (transitional),NPPF2024 para 11(d)(ii); Test Valley RLP COM2; TR3,location; character and appearance; privacy; SPAs,transitional; old-framework-applied; same-day-decision; sustainable-location-fail; rural-lane-no-footway; housing-shortfall; tilted-balance-2024; small-scheme; tpo-trees,https://planningdistilled.org/research/england/nppf-navigator/decisions/PINS-6009745.html
PINS-6009771,"88 Eastern Road, Romford",Havering,London,inspector,6009771,P1622.25,2026-08-17,allowed,written-representations,Single-storey rear extension and change of use from dwelling to 10-person sui generis HMO with 5 rear parking spaces,change-of-use,,inside-settlement,false,n/a,,2024-12 (transitional),NPPF2024 para 11(d); Havering LP Policy 8(iii),neighbours' living conditions (parking noise),tier-2; transitional; decided-on-publication-day; old-wording-slip; hmo; fallback; living-conditions; housing-shortfall; costs-application; psed,https://planningdistilled.org/research/england/nppf-navigator/decisions/PINS-6009771.html
PINS-6009775,"Footpath outside 297 Pentonville Road, King's Cross (BT Street Hub and digital adverts)",Camden,London,inspector,6009775,2025/5873/P,2026-08-17,dismissed,written-representations,"BT Street Hub replacing a kiosk (Appeal A) with digital advert panels both sides (Appeal B, 6009777, 2026/0198/A)",telecoms; advertisement,,inside-settlement; conservation-area; listed-building-setting,false,n/a,,2024-12 (transitional),HE6(4); P5,heritage and character; community safety; pedestrian safety; advert amenity,telecoms; street-hub; heritage-harm-decisive; transitional; old-wording-slip; crime-safety; advert-heritage,https://planningdistilled.org/research/england/nppf-navigator/decisions/PINS-6009775.html
PINS-6010059,"Euston Road outside the Standard Hotel, Camden (BT Street Hub)",Camden,London,inspector,6010059,2025/5879/P,2026-08-17,dismissed,written-representations,BT Street Hub with digital advertisement panels (linked advert appeal 6010061),telecoms; advertisement,,inside-settlement; conservation-area; listed-building-setting,false,n/a,,2024-12 (transitional),HE6(4); P5,heritage setting; community safety; pedestrian safety,telecoms; street-hub; transitional; heritage-harm-decisive; old-wording-slip; tier-2,https://planningdistilled.org/research/england/nppf-navigator/decisions/PINS-6010059.html
PINS-6010107,"4 Lloyd Road, Dagenham (dwelling to C4 HMO)",Barking and Dagenham,London,inspector,6010107,26/00018/FULL,2026-08-17,dismissed,written-representations,Change of use of 3-bed dwelling to C4 HMO,change-of-use,,inside-settlement,false,n/a,,not-cited,BDLP DMH5,housing mix; living conditions; parking,hmo; family-housing-loss; tier-2,https://planningdistilled.org/research/england/nppf-navigator/decisions/PINS-6010107.html
PINS-6010301,"Land east of Hockerton Road, Upton",Newark and Sherwood,East Midlands,inspector,6010301,26/00382/PIP,2026-08-17,dismissed,written-representations,Permission in principle for 1-5 dwellings on agricultural field at village edge,PIP; housing-minor,5,settlement-edge; open-countryside; conservation-area; rural-lane,false,n/a,3.84,2024-12 (transitional),HE6(4); S3,suitable location; conservation area; presumption,transitional; PIP; conservation-area; heritage-harm-decisive; he6-public-benefits-insufficient; less-than-substantial-legacy-wording; housing-shortfall; rural-lane-no-footway; small-scheme; old-wording-slip,https://planningdistilled.org/research/england/nppf-navigator/decisions/PINS-6010301.html
PINS-6010426,"Wharfedale Cottage, Wath Lane, Ulleskelf (PiP 1 dwelling)",North Yorkshire,Yorkshire and the Humber,inspector,6010426,ZG2026/0114/PIP,2026-08-17,dismissed,written-representations,Permission in principle for one detached dwelling,PIP; housing-minor,1,rural-lane,false,n/a,,2024-12 (transitional),TR6(4),location - highway safety; amount; land use,PIP; transitional; old-wording-slip; highway-safety; housing-shortfall; tier-2,https://planningdistilled.org/research/england/nppf-navigator/decisions/PINS-6010426.html
PINS-6010623,"197 Alderson Road, Liverpool (house to two flats)",Liverpool,North West,inspector,6010623,25F/3107,2026-08-17,allowed,written-representations,Change of use of dwelling to two flats with single-storey rear extension and rear dormer,change-of-use; housing-minor,2,inside-settlement,false,n/a,,2024-12 (transitional),Liverpool LP H10,family housing; noise; privacy,transitional; old-wording-slip; tier-2,https://planningdistilled.org/research/england/nppf-navigator/decisions/PINS-6010623.html
PINS-6010851,"12 Belfairs Drive, Chadwell Heath",Redbridge,London,inspector,6010851,3433/25,2026-08-17,allowed,written-representations,"Change of use of dwelling to C4 small HMO for up to six people, bin and cycle stores",change-of-use,,inside-settlement,false,n/a,,2024-12 (transitional),S3,housing mix and family homes,transitional; hmo; housing-shortfall; old-wording-slip; tilted-balance-2024,https://planningdistilled.org/research/england/nppf-navigator/decisions/PINS-6010851.html
PINS-6010859,"Giles House Farm, Bromsgrove Road, Stourbridge",Bromsgrove,West Midlands,inspector,6010859,25/01389/FUL,2026-08-17,allowed,householder,Enlargement of an approved detached garage (approved under 22/01089/FUL and a 2020 permission),householder,,green-belt; open-countryside,true,not-argued,,2024-12 (transitional),GB6(2),inappropriate development; openness; VSC,transitional; transitional-no-consultation; vsc-shown; fallback; domestic-outbuilding,https://planningdistilled.org/research/england/nppf-navigator/decisions/PINS-6010859.html
PINS-6010972,"101 Dalston Lane, Hackney",Hackney,London,inspector,6010972,2025/2059,2026-08-17,allowed,written-representations,"Change of use of never-occupied basement youth club (and part ground floor) to drinking establishment with food, kitchen extract",change-of-use; commercial,,inside-settlement; listed-building-setting,false,n/a,,not-cited,s38(6),loss of social and community infrastructure,tier-2; community-facility; framework-version-unstated; limited-nppf-engagement,https://planningdistilled.org/research/england/nppf-navigator/decisions/PINS-6010972.html
PINS-6011206,"Banbh Farm, Breinton Common",Herefordshire,West Midlands,inspector,6011206,253587,2026-08-17,dismissed,written-representations,"Part 6 Class A agricultural prior approval — general-purpose agricultural building for feed, machinery and emergency livestock housing",agricultural,,open-countryside,false,n/a,,2026-08,DP3,siting; design and appearance,tier-2; prior-approval; agricultural-building; landscape-harm; limited-nppf-engagement,https://planningdistilled.org/research/england/nppf-navigator/decisions/PINS-6011206.html
stratford-25-01271-FUL,"Land adjoining Coverwell Farm, Pillerton Hersey",Stratford-on-Avon,West Midlands,lpa-delegated,,25/01271/FUL,2026-08-17,refused,delegated,Change of use of land to 7 travelling showpersons plots with hardstanding,travellers,,open-countryside; rural-lane; valued-landscape; conservation-area; listed-building-setting; TPO,false,n/a,,2024-12 (transitional),TR3(1)(a); F5; HE6(4); HO12,sustainable location; flood sequential test; heritage; landscape; traveller need,transitional; old-wording-slip; decided-on-commencement-day; sustainable-location-fail; rural-lane-no-footway; travellers; heritage-harm; flood-sequential-test; stratford-relevant,https://planningdistilled.org/research/england/nppf-navigator/decisions/stratford-25-01271-FUL.html
